,Drug_ID,SMILES,Half_Life_Obach
0,CHEMBL1754,CCN1CC(CCN2CCOCC2)C(c2ccccc2)(c2ccccc2)C1=O,4.1
1,CHEMBL1484,COC(=O)C1=C(C)NC(C)=C(C(=O)OCCN(C)Cc2ccccc2)C1c1cccc([N+](=O)[O-])c1,4.1
2,CHEMBL478,Clc1cccc(N2CCNCC2)c1,4.7
3,CHEMBL1097,CCN(CC)CCNC(=O)c1ccc(NC(C)=O)cc1,6.4
4,CHEMBL517712,CN1[C@H]2CC[C@@H]1C[C@H](OC(=O)C(CO)c1ccccc1)C2,4.1
5,CHEMBL469,O=C(c1ccccc1)c1ccc2n1CCC2C(=O)O,5.1
6,CHEMBL521589,CN(C)C(=O)Oc1cc(OC(=O)N(C)C)cc(C(O)CNC(C)(C)C)c1,2.6
7,CHEMBL185,O=c1[nH]cc(F)c(=O)[nH]1,0.12
8,CHEMBL1055,NS(=O)(=O)c1cc(C2(O)NC(=O)c3ccccc32)ccc1Cl,36.0
10,CHEMBL571,CC(C(=O)O)c1cccc(C(=O)c2ccccc2)c1,2.1
11,CHEMBL631,CCCNCC(O)COc1ccccc1C(=O)CCc1ccccc1,2.1
12,CHEMBL296035,CCc1cccc2cc(C(O)CNC(C)(C)C)oc12,2.3
13,CHEMBL1496,CC(C)c1nc(N(C)S(C)(=O)=O)nc(-c2ccc(F)cc2)c1/C=C/[C@@H](O)C[C@@H](O)CC(=O)O,2.0
14,CHEMBL108111,N=C(N)c1ccc(C(=O)N[C@@H](Cc2ccc(O)cc2)C(=O)N2CCC(OCC(=O)O)CC2)cc1,2.1
15,CHEMBL84,CC[C@@]1(O)C(=O)OCc2c1cc1n(c2=O)Cc2cc3c(CN(C)C)c(O)ccc3nc2-1,2.3
16,CHEMBL1504,CC1(C)O[C@@H]2C[C@H]3[C@@H]4CCC5=CC(=O)C=C[C@]5(C)[C@@]4(F)[C@@H](O)C[C@]3(C)[C@]2(C(=O)CO)O1,2.4
17,CHEMBL266195,C=CCc1ccccc1OCC(O)CNC(C)C,2.5
18,CHEMBL646,Cc1nnc2n1-c1ccc(Cl)cc1C(c1ccccc1Cl)=NC2,2.7
19,CHEMBL56564,CN1[C@H]2CC[C@@H]1C[C@H](OC(=O)c1c[nH]c3ccccc13)C2,5.6
20,CHEMBL297302,O=C(CCCN1CCC(n2c(O)nc3ccccc32)CC1)c1ccc(F)cc1,5.8
21,CHEMBL434,CC(C)NCC(O)c1ccc(O)c(O)c1,0.41
22,CHEMBL526,CC(C)c1cccc(C(C)C)c1O,3.2
23,CHEMBL135400,CN1CCN(C(=O)OC2c3nccnc3C(=O)N2c2ccc(Cl)cn2)CC1,5.2
24,CHEMBL459,C[C@](N)(Cc1ccc(O)c(O)c1)C(=O)O,5.9
25,CHEMBL54,O=C(CCCN1CCC(O)(c2ccc(Cl)cc2)CC1)c1ccc(F)cc1,35.0
26,CHEMBL417,COc1cccc2c1C(=O)c1c(O)c3c(c(O)c1C2=O)C[C@@](O)(C(=O)CO)C[C@@H]3O[C@H]1C[C@H](N)[C@@H](O)[C@H](C)O1,36.0
27,CHEMBL674,CCC(CC)O[C@@H]1C=C(C(=O)O)C[C@H](N)[C@H]1NC(C)=O,1.8
28,CHEMBL27,CC(C)NCC(O)COc1cccc2ccccc12,3.4
29,CHEMBL1095284,N[C@@H](C(=O)N[C@@H]1C(=O)N2C(C(=O)O)=C(CSc3c[nH]nn3)CS[C@H]12)c1ccc(O)cc1,1.2
30,CHEMBL7413,C=CCC1(C(C)C#CCC)C(=O)NC(=O)N(C)C1=O,1.6
32,CHEMBL1073,Cc1cnc(C(=O)NCCc2ccc(S(=O)(=O)NC(=O)NC3CCCCC3)cc2)cn1,3.3
33,CHEMBL897,CCCN(CCC)S(=O)(=O)c1ccc(C(=O)O)cc1,5.9
34,CHEMBL280481,CN(C)C(=O)CCS[C@H](SCCC(=O)O)c1cccc(/C=C/c2ccc3ccc(Cl)cc3n2)c1,2.3
35,CHEMBL643,CC(CN1c2ccccc2Sc2ccccc21)N(C)C,14.0
36,CHEMBL1565476,CCCC1C(=O)N2C(N(C)C)=Nc3ccc(C)cc3N2C1=O,17.0
37,CHEMBL1471,C[C@@H](O[C@H]1OCCN(Cc2n[nH]c(=O)[nH]2)[C@H]1c1ccc(F)cc1)c1cc(C(F)(F)F)cc(C(F)(F)F)c1,13.0
38,CHEMBL192,CCCc1nn(C)c2c(=O)[nH]c(-c3cc(S(=O)(=O)N4CCN(C)CC4)ccc3OCC)nc12,3.9
39,CHEMBL551786,Cc1cccc(C)c1NC(=O)NCCCNC(C)C,5.0
40,CHEMBL826,CCn1cc(C(=O)O)c(=O)c2cc(F)c(N3CCNCC3)nc21,5.1
41,CHEMBL852,N[C@@H](Cc1ccc(N(CCCl)CCCl)cc1)C(=O)O,1.0
42,CHEMBL1213252,O=C(O)C1N=C(c2ccccc2)c2cc(Cl)ccc2NC1=O,2.4
43,CHEMBL655,Cc1ncc2n1-c1ccc(Cl)cc1C(c1ccccc1F)=NC2,3.1
44,CHEMBL513301,COc1cc2c(N)nc(N3CCN(C(=O)OCC(C)(C)O)CC3)nc2c(OC)c1OC,3.1
45,CHEMBL778,Cc1cccc([C@H](C)c2c[nH]cn2)c1C,2.2
46,CHEMBL3301800,CC=CC1=C(C(=O)O)N2C(=O)[C@@H](NC(=O)[C@H](N)c3ccc(O)cc3)[C@H]2SC1,1.2
47,CHEMBL1614656,CCC(CC)COC(C(=O)OCCN(C)C)(c1ccccc1)c1ccccc1,34.0
48,CHEMBL660,NC12CC3CC(CC(C3)C1)C2,16.0
49,CHEMBL1117,CC(=O)[C@]1(O)Cc2c(O)c3c(c(O)c2[C@@H](O[C@H]2C[C@H](N)[C@H](O)[C@H](C)O2)C1)C(=O)c1ccccc1C3=O,16.0
50,CHEMBL578211,CN1C(=O)CC[C@H]1c1cccnc1,17.0
51,CHEMBL1614664,Cc1cc(O)c2c(=O)c3c(O)cc(O)c4c5c(O)cc(O)c6c(=O)c7c(O)cc(CO)c8c1c2c(c34)c(c65)c78,20.0
52,CHEMBL423,CC(C)NCC(O)COc1ccc(CCOCC2CC2)cc1,17.0
53,CHEMBL119,COc1cc(NCc2ccc3nc(N)nc(N)c3c2C)cc(OC)c1OC,17.0
54,CHEMBL505,CN(C)CCC(c1ccc(Cl)cc1)c1ccccn1,22.0
56,CHEMBL11,CN(C)CCCN1c2ccccc2CCc2ccccc21,16.0
59,CHEMBL1464,CC(=O)CC(c1ccccc1)c1c(O)c2ccccc2oc1=O,29.0
60,CHEMBL1762,Cc1cccc(C)c1NC(=O)C(C)N,12.0
61,CHEMBL11672,CN(C(=O)c1c(O)c2ccccc2n(C)c1=O)c1ccccc1,31.0
63,CHEMBL20,CC(=O)Nc1nnc(S(N)(=O)=O)s1,13.0
64,CHEMBL45816,COCC(=O)O[C@]1(CCN(C)CCCc2nc3ccccc3[nH]2)CCc2cc(F)ccc2[C@@H]1C(C)C,13.0
65,CHEMBL248702,CCN[C@@H](C)Cc1cccc(C(F)(F)F)c1,14.0
66,CHEMBL344478,COc1cc([C@@H]2c3cc4c(cc3C(OC3OC5COC(C)OC5C(O)C3N)C3COC(=O)[C@@H]32)OCO4)cc(OC)c1O,14.0
67,CHEMBL275528,c1ccc(C2(N3CCCCC3)CCCCC2)cc1,16.0
68,CHEMBL72,CNCCCN1c2ccccc2CCc2ccccc21,22.0
69,CHEMBL1422,N[C@@H](CC(=O)N1CCn2c(nnc2C(F)(F)F)C1)Cc1cc(F)c(F)cc1F,12.0
70,CHEMBL850,C[C@H]1CN(c2c(F)c(N)c3c(=O)c(C(=O)O)cn(C4CC4)c3c2F)C[C@@H](C)N1,20.0
72,CHEMBL651,CCC(=O)C(CC(C)N(C)C)(c1ccccc1)c1ccccc1,31.0
73,CHEMBL1433,C[C@H]1c2cccc(O)c2C(=O)C2=C(O)[C@]3(O)C(=O)C(C(N)=O)=C(O)[C@@H](N(C)C)[C@@H]3[C@@H](O)[C@@H]21,14.0
74,CHEMBL87543,CC(C)N1CCC(N(C(=O)Cc2ccccc2)c2ccc(Cl)cc2)CC1,6.5
76,CHEMBL1757,C[C@@H]1O[C@@H]1P(=O)(O)O,1.9
78,CHEMBL1560,C[C@H](CS)C(=O)N1CCC[C@H]1C(=O)O,2.0
79,CHEMBL75753,O=C(NCCNCC(O)COc1ccc(O)cc1)N1CCOCC1,7.7
80,CHEMBL13,COCCc1ccc(OCC(O)CNC(C)C)cc1,3.6
81,CHEMBL581,O=C(O)[C@@H]1C[C@@H](C2CCCCC2)CN1C(=O)CP(=O)(O)CCCCc1ccccc1,9.4
82,CHEMBL1440,CN(C)[C@@H]1C(O)=C(C(N)=O)C(=O)[C@@]2(O)C(O)=C3C(=O)c4c(O)cccc4[C@@](C)(O)[C@H]3C[C@@H]12,9.4
83,CHEMBL1481,CCC1=C(C)CN(C(=O)NCCc2ccc(S(=O)(=O)NC(=O)N[C@H]3CC[C@H](C)CC3)cc2)C1=O,9.95
84,CHEMBL7728,CN1C(=O)NC(=O)C(C)(C2=CCCCC2)C1=O,4.9
85,CHEMBL14370,CCOc1ccccc1OC(c1ccccc1)C1CNCCO1,10.0
86,CHEMBL1730,CO/N=C(\C(=O)N[C@@H]1C(=O)N2C(C(=O)O)=C(COC(C)=O)CS[C@H]12)c1csc(N)n1,1.2
87,CHEMBL1599,CC(=O)OCC1=C(C(=O)O)N2C(=O)[C@@H](NC(=O)CSc3ccncc3)[C@H]2SC1,1.2
88,CHEMBL623,CCc1nn(CCCN2CCN(c3cccc(Cl)c3)CC2)c(=O)n1CCOc1ccccc1,1.2
90,CHEMBL1614652,O=C1c2ccccc2S(=O)(=O)N1CCCCNC[C@H]1CCc2ccccc2O1,1.2
91,CHEMBL1679,Nc1nc(=O)c2c([nH]1)NCC(CNc1ccc(C(=O)N[C@@H](CCC(=O)O)C(=O)O)cc1)N2C=O,1.3
92,CHEMBL1428,COCCOC(=O)C1=C(C)NC(C)=C(C(=O)OC(C)C)C1c1cccc([N+](=O)[O-])c1,1.3
93,CHEMBL1460,O=c1[nH]cnc2c1ncn2[C@H]1CC[C@@H](CO)O1,1.4
94,CHEMBL1200826,O=C([O-])[O-].[Li+].[Li+],7.8
95,CHEMBL32,COc1c(N2C[C@@H]3CCCN[C@@H]3C2)c(F)cc2c(=O)c(C(=O)O)cn(C3CC3)c12,8.2
96,CHEMBL475534,CCOC(=O)C1=C(C)NC(C)=C(C(=O)OC)C1c1cccc([N+](=O)[O-])c1,8.2
97,CHEMBL6273,CN1CCN(c2c(F)cc3c(=O)c(C(=O)O)cn(CCF)c3c2F)CC1,8.6
98,CHEMBL611,COc1cc2nc(N3CCN(C(=O)C4CCCO4)CC3)nc(N)c2cc1OC,9.0
99,CHEMBL666,O=C(O)P(=O)(O)O,4.7
100,CHEMBL33986,Oc1ccc2c(c1)[C@@]13CCCC[C@@]1(O)[C@@H](C2)N(CC1CCC1)CC3,4.8
101,CHEMBL787,CC(C)(O)c1ccccc1CC[C@@H](SCC1(CC(=O)O)CC1)c1cccc(/C=C/c2ccc3ccc(Cl)cc3n2)c1,5.0
102,CHEMBL141,Nc1ccn([C@@H]2CS[C@H](CO)O2)c(=O)n1,9.1
103,CHEMBL1480,CCOC(=O)C1=C(C)NC(C)=C(C(=O)OC)C1c1cccc(Cl)c1Cl,10.0
104,CHEMBL31,COc1c(N2CCNC(C)C2)c(F)cc2c(=O)c(C(=O)O)cn(C3CC3)c12,10.0
105,CHEMBL53292,Cc1cc(NC(=O)C2=C(O)c3ccccc3S(=O)(=O)N2C)no1,33.0
106,CHEMBL939,COc1cc2ncnc(Nc3ccc(F)c(Cl)c3)c2cc1OCCCN1CCOCC1,34.0
107,CHEMBL1434,CN(C)c1ccc(O)c2c1C[C@H]1C[C@H]3[C@H](N(C)C)C(O)=C(C(N)=O)C(=O)[C@@]3(O)C(O)=C1C2=O,17.0
108,CHEMBL1908351,Cc1cnc(NCCCN(C)C)c2c1[nH]c1ccc3cc(O)ccc3c12,19.0
111,CHEMBL490,Fc1ccc([C@@H]2CCNC[C@H]2COc2ccc3c(c2)OCO3)cc1,13.0
112,CHEMBL86304,O=C(NCCN1CCOCC1)c1ccc(Cl)cc1,1.5
113,CHEMBL86,CCN(CC)CCNC(=O)c1cc(Cl)c(N)cc1OC,7.2
115,CHEMBL511142,CO[C@@]12CC[C@@]3(C[C@@H]1[C@](C)(O)C(C)(C)C)[C@H]1Cc4ccc(O)c5c4[C@@]3(CCN1CC1CC1)[C@H]2O5,3.2
116,CHEMBL723,COc1ccccc1OCCNCC(O)COc1cccc2[nH]c3ccccc3c12,2.4
117,CHEMBL1219,COCCCOc1ccnc(C[S+]([O-])c2nc3ccccc3[nH]2)c1C,1.0
118,CHEMBL60542,CC(C)=CCN1CC[C@]2(C)c3cc(O)ccc3C[C@H]1[C@H]2C,2.5
119,CHEMBL1256734,CC1(C)S[C@@H]2[C@H](NC(=O)C(c3ccccc3)S(=O)(=O)O)C(=O)N2[C@H]1C(=O)O,1.2
120,CHEMBL328250,CN(C)Cc1nnc2n1-c1ccc(Cl)cc1C(c1ccccc1)=NC2,2.1
121,CHEMBL2051955,C[C@@H]1CC(=O)NN=C1c1ccc(NN=C(C#N)C#N)cc1,1.1
122,CHEMBL742,CNC1(c2ccccc2Cl)CCCCC1=O,2.8
123,CHEMBL1237,NCCCC[C@H](N[C@@H](CCc1ccccc1)C(=O)O)C(=O)N1CCC[C@H]1C(=O)O,42.0
124,CHEMBL34139,C[C@H]([C@](O)(Cn1cncn1)c1ccc(F)cc1F)S(C)(=O)=O,49.0
126,CHEMBL21731,CNCCCC12CCC(c3ccccc31)c1ccccc12,51.0
127,CHEMBL58,O=C1c2c(O)ccc(O)c2C(=O)c2c(NCCNCCO)ccc(NCCNCCO)c21,53.0
128,CHEMBL57,Cc1ccnc2c1NC(=O)c1cccnc1N2C1CC1,53.0
129,CHEMBL1112,O=C1CCc2ccc(OCCCCN3CCN(c4cccc(Cl)c4Cl)CC3)cc2N1,75.0
130,CHEMBL40,CCC1(c2ccccc2)C(=O)NC(=O)NC1=O,99.0
133,CHEMBL1201129,Nc1ncn([C@H]2C[C@H](O)[C@@H](CO)O2)c(=O)n1,0.58
134,CHEMBL135,C[C@]12CC[C@@H]3c4ccc(O)cc4CC[C@H]3[C@@H]1CC[C@@H]2O,1.7
135,CHEMBL517,CC(C)N(CCC(C(N)=O)(c1ccccc1)c1ccccn1)C(C)C,7.0
136,CHEMBL8,O=C(O)c1cn(C2CC2)c2cc(N3CCNCC3)c(F)cc2c1=O,3.8
137,CHEMBL1237132,CCCC(=O)OCOC(=O)C1=C(C)NC(C)=C(C(=O)OC)C1c1cccc(Cl)c1Cl,0.3
138,CHEMBL54126,CN(C)C(=O)Oc1cccc([N+](C)(C)C)c1.[Br-],1.3
139,CHEMBL704,Nc1ccc(O)c(C(=O)O)c1,0.61
140,CHEMBL575,COc1cccc(OC)c1C(=O)N[C@@H]1C(=O)N2[C@@H](C(=O)O)C(C)(C)S[C@H]12,0.64
141,CHEMBL6,COc1ccc2c(c1)c(CC(=O)O)c(C)n2C(=O)c1ccc(Cl)cc1,1.4
142,CHEMBL441,CCCC(C)C1(CC)C(=O)NC(=S)NC1=O,2.0
143,CHEMBL86882,CCNCC(O)c1cccc(O)c1,2.2
144,CHEMBL16073,CCOc1ccc(NC(C)=O)cc1,0.92
145,CHEMBL36,CCc1nc(N)nc(N)c1-c1ccc(Cl)cc1,140.0
146,CHEMBL1236539,CN[C@@H]1C[C@H]2O[C@@](C)([C@@H]1OC)n1c3ccccc3c3c4c(c5c6ccccc6n2c5c31)C(=O)N[C@@H]4O,790.0
147,CHEMBL12,CN1C(=O)CN=C(c2ccccc2)c2cc(Cl)ccc21,42.0
149,CHEMBL160629,CCC#CC[C@H](C)[C@H](O)C#C[C@@H]1[C@H]2C/C(=C/COCC(=O)O)C[C@H]2C[C@H]1O,1.1
150,CHEMBL471,CC(C)NCC(O)c1ccc(NS(C)(=O)=O)cc1,6.3
152,CHEMBL783,CC(C)[C@H]1CC[C@H](C(=O)N[C@H](Cc2ccccc2)C(=O)O)CC1,1.5
153,CHEMBL193,COC(=O)C1=C(C)NC(C)=C(C(=O)OC)C1c1ccccc1[N+](=O)[O-],1.9
154,CHEMBL474579,CO[C@@]1(NC(=O)C2SC(=C(C(N)=O)C(=O)O)S2)C(=O)N2C(C(=O)O)=C(CSc3nnnn3C)CS[C@@H]21,4.5
155,CHEMBL1443,CCOc1ccc2ccccc2c1C(=O)N[C@@H]1C(=O)N2[C@@H](C(=O)O)C(C)(C)S[C@H]12,0.7
156,CHEMBL370805,COC(=O)[C@H]1[C@@H](OC(=O)c2ccccc2)C[C@@H]2CC[C@H]1N2C,0.76
157,CHEMBL115,CC(C)(C)NC(=O)[C@@H]1CN(Cc2cccnc2)CCN1C[C@@H](O)C[C@@H](Cc1ccccc1)C(=O)N[C@H]1c2ccccc2C[C@H]1O,1.0
158,CHEMBL166937,CN(CC(N)=O)C(=O)N(CCCl)N=O,1.0
159,CHEMBL184,Nc1nc(O)c2ncn(COCCO)c2n1,2.5
160,CHEMBL1436,CO/N=C(\C(=O)N[C@@H]1C(=O)N2C(C(=O)O)=C(COC(N)=O)CS[C@H]12)c1ccco1,1.1
161,CHEMBL316157,O=C(Cc1cccs1)N[C@@H]1C(=O)N2C(C(=O)[O-])=C(C[n+]3ccccc3)CS[C@H]12,1.5
162,CHEMBL1200455,CC(=O)N(CC(O)CO)c1c(I)c(C(=O)NCC(O)CO)c(I)c(C(=O)NCC(O)CO)c1I,1.5
163,CHEMBL810,Cn1nnc2c(C(N)=O)ncn2c1=O,1.5
164,CHEMBL521,CC(C)Cc1ccc(C(C)C(=O)O)cc1,1.6
165,CHEMBL79,CCN(CC)CC(=O)Nc1c(C)cccc1C,1.6
166,CHEMBL456,C=C(CC)C(=O)c1ccc(OCC(=O)O)c(Cl)c1Cl,0.5
167,CHEMBL484,Nc1ncnc2c1ncn2CCOCP(=O)(O)O,1.6
168,CHEMBL351706,N#Cc1ccc2c(c1)CN(S(=O)(=O)c1cccs1)[C@H](Cc1ccccc1)CN2Cc1c[nH]cn1,1.6
169,CHEMBL580,O=C1Nc2ccc(Cl)cc2C(c2ccccc2Cl)=NC1O,17.0
170,CHEMBL2051956,COC(=O)C1=C(C)NC(C)=C(C(=O)OCCCN2CCC(c3ccccc3)(c3ccccc3)CC2)[C@@H]1c1cccc([N+](=O)[O-])c1,22.0
171,CHEMBL957,COc1ccccc1Oc1c(NS(=O)(=O)c2ccc(C(C)(C)C)cc2)nc(-c2ncccn2)nc1OCCO,4.1
172,CHEMBL306700,CCOc1ccccc1OCC1CNCCO1,4.1
173,CHEMBL1072,CCCCNc1cc(C(=O)O)cc(S(N)(=O)=O)c1Oc1ccccc1,1.2
174,CHEMBL656,COc1ccc2c3c1O[C@H]1C(=O)CC[C@@]4(O)[C@@H](C2)N(C)CC[C@]314,5.5
175,CHEMBL174,CC1(C)S[C@@H]2[C@H](NC(=O)[C@H](N)c3ccccc3)C(=O)N2[C@H]1C(=O)O,1.4
176,CHEMBL636,CCN(C)C(=O)Oc1cccc([C@H](C)N(C)C)c1,1.4
177,CHEMBL476,CN(C)/N=N/c1[nH]cnc1C(N)=O,6.2
178,CHEMBL325166,N=C(N)N1CCC[C@@H](CNC(=O)C[C@H](NS(=O)(=O)c2ccc3ccccc3c2)C(=O)N(CC(=O)O)C2CC2)C1,1.9
179,CHEMBL61780,COc1ccccc1Oc1c(NS(=O)(=O)c2ccc(C(C)C)cn2)nc(-c2ccnc(-c3nn[nH]n3)c2)nc1OCCO,3.8
180,CHEMBL266349,N=C(N)c1ccc(CNC(=O)[C@@H]2CCN2C(=O)[C@H](NCC(=O)O)C2CCCCC2)cc1,1.6
181,CHEMBL289469,CN1C2CCCC1CC(NC(=O)c1nn(C)c3ccccc13)C2,5.2
183,CHEMBL1731,CC1(C)S[C@@H]2[C@H](NC(=O)[C@H](NC(=O)N3CCN(S(C)(=O)=O)C3=O)c3ccccc3)C(=O)N2[C@H]1C(=O)O,1.2
184,CHEMBL1346,NC(=O)C(c1ccccc1)(c1ccccc1)[C@@H]1CCN(CCc2ccc3c(c2)CCO3)C1,3.6
185,CHEMBL819,Cc1onc(-c2ccccc2)c1C(=O)N[C@@H]1C(=O)N2[C@@H](C(=O)O)C(C)(C)S[C@H]12,0.7
186,CHEMBL888,Nc1ccn([C@@H]2O[C@H](CO)[C@@H](O)C2(F)F)c(=O)n1,1.0
187,CHEMBL127,C[C@@H](O)[C@H]1C(=O)N2C(C(=O)O)=C(S[C@@H]3CN[C@H](C(=O)N(C)C)C3)[C@H](C)[C@H]12,1.0
188,CHEMBL118218,CC1=C(CO)C2=C(C)C3(CC3)[C@@](C)(O)C(=O)C2=C1,0.3
189,CHEMBL1489,Nc1ncn([C@@H]2O[C@H](CO)[C@@H](O)[C@H]2O)c(=O)n1,0.36
190,CHEMBL1411979,CN(C)CCN(Cc1cccs1)c1ccccn1,1.6
191,CHEMBL50,O=c1c(O)c(-c2ccc(O)c(O)c2)oc2cc(O)cc(O)c12,0.6
192,CHEMBL19224,COc1ccc(Cc2nccc3cc(OC)c(OC)cc23)cc1OC,1.8
193,CHEMBL635,C[C@]12CC(=O)[C@H]3[C@@H](CCC4=CC(=O)C=C[C@@]43C)[C@@H]1CC[C@]2(O)C(=O)CO,2.9
194,CHEMBL1098,CCCCN1CCCCC1C(=O)Nc1c(C)cccc1C,3.1
195,CHEMBL1077,Nc1c(CC(=O)O)cccc1C(=O)c1ccc(Br)cc1,2.6
197,CHEMBL74632,CO[C@@]1(NC(=O)C(C(=O)O)c2ccc(O)cc2)C(=O)N2C(C(=O)O)=C(CSc3nnnn3C)CO[C@@H]21,2.9
198,CHEMBL425,O=C(O)c1cc(/N=N/c2ccc(O)c(C(=O)O)c2)ccc1O,0.9
199,CHEMBL276832,NNc1nncc2ccccc12,0.96
200,CHEMBL702,CCN1CCN(C(=O)N[C@@H](C(=O)N[C@@H]2C(=O)N3[C@@H](C(=O)O)C(C)(C)S[C@H]23)c2ccccc2)C(=O)C1=O,0.96
201,CHEMBL1380,Nc1nc(NC2CC2)c2ncn([C@H]3C=C[C@@H](CO)C3)c2n1,1.0
202,CHEMBL1908354,Cc1nnc(SCC2=C(C(=O)O)N3C(=O)[C@@H](NC(=O)[C@H](O)c4ccccc4)[C@H]3SC2)s1,1.0
203,CHEMBL480,Cc1c(OCC(F)(F)F)ccnc1C[S+]([O-])c1nc2ccccc2[nH]1,1.0
204,CHEMBL80,C=CCN1CC[C@]23c4c5ccc(O)c4O[C@H]2C(=O)CC[C@@]3(O)[C@H]1C5,1.1
205,CHEMBL19236,COc1nc(C)nc(Cl)c1NC1=NCCN1,2.2
206,CHEMBL902,NC(N)=Nc1nc(CSCC/C(N)=N/S(N)(=O)=O)cs1,2.8
207,CHEMBL6966,COc1ccc(CCN(C)CCCC(C#N)(c2ccc(OC)c(OC)c2)C(C)C)cc1OC,2.8
208,CHEMBL1447,CCC[C@@H]1C[C@@H](C(=O)N[C@H]([C@@H](C)O)[C@H]2O[C@H](SC)[C@H](O)[C@@H](O)[C@H]2O)N(C)C1,5.6
209,CHEMBL710,CC(C)(C)NC(=O)[C@H]1CC[C@H]2[C@@H]3CC[C@H]4NC(=O)C=C[C@]4(C)[C@H]3CC[C@]12C,6.0
210,CHEMBL25,CC(=O)Oc1ccccc1C(=O)O,0.26
211,CHEMBL1505,CN(C)CCc1c[nH]c2ccc(CS(=O)(=O)N3CCCC3)cc12,3.4
212,CHEMBL403,CC1(C)[C@H](C(=O)O)N2C(=O)C[C@H]2S1(=O)=O,1.1
213,CHEMBL1753,CCC[C@@H]1C[C@@H](C(=O)N[C@H]([C@H](C)Cl)[C@H]2O[C@H](SC)[C@H](O)[C@@H](O)[C@H]2O)N(C)C1,2.1
214,CHEMBL1908301,O=P(O)(O)OC(Cn1cncn1)(Cn1cncn1)c1ccc(F)cc1F,2.1
215,CHEMBL48880,CNC(=O)c1cccc2c(Nc3ccc(NS(C)(=O)=O)cc3OC)c3cccc(C)c3nc12,2.4
217,CHEMBL1734,O=C(O[C@H]1CN2CCC1CC2)N1CCc2ccccc2[C@@H]1c1ccccc1,52.0
219,CHEMBL182,Nc1nc(O)c2ncn(COC(CO)CO)c2n1,3.7
221,CHEMBL1520,CCCc1nc(C)c2c(=O)nc(-c3cc(S(=O)(=O)N4CCN(CC)CC4)ccc3OCC)[nH]n12,4.5
222,CHEMBL254193,N/N=c1/cc2c(n[nH]1)CCN(C(=O)c1ccccc1)C2,5.6
223,CHEMBL638,C[C@@H](c1ncncc1F)[C@](O)(Cn1cncn1)c1ccc(F)cc1F,5.6
224,CHEMBL2220384,CCOC(=O)C1(c2ccccc2)CCC=CC1N(C)C,5.0
225,CHEMBL659,COc1ccc2c3c1O[C@H]1C[C@@H](O)C=C[C@@]31CCN(C)C2,5.3
226,CHEMBL577,C[C@H](N[C@@H](CCc1ccccc1)C(=O)O)C(=O)N1CCC[C@H]1C(=O)O,39.0
227,CHEMBL181,CC1=NS(=O)(=O)c2cc(Cl)ccc2N1,48.0
228,CHEMBL268254,O=C1CN=C(c2ccccc2Cl)c2cc(Cl)ccc2N1,200.0
229,CHEMBL1435,Cc1nnc(SCC2=C(C(=O)O)N3C(=O)[C@@H](NC(=O)Cn4cnnn4)[C@H]3SC2)s1,1.7
230,CHEMBL279898,CCCn1c(=O)[nH]c(=O)c2[nH]cnc21,1.8
231,CHEMBL1614644,C[N+](C)([O-])CCCN1c2ccccc2CCc2ccccc21,1.8
232,CHEMBL267648,CCn1cc(C(=O)O)c(=O)c2cc(F)c(N3CCN(C)CC3)cc21,11.0
233,CHEMBL1614660,CCCCCCCCC/C=C/C=C/C(=O)CCC(=O)NC1[C@H](C(O)CO)O[C@H](Nc2ncnc3nc[nH]c23)[C@H](O)[C@@H]1O,1.3
234,CHEMBL349803,NS(=O)(=O)c1cc(C(=O)O)cc(N2CCCC2)c1Oc1ccccc1,1.3
235,CHEMBL158,C[C@H]1[C@H](NC(=O)/C(=N\OC(C)(C)C(=O)O)c2csc(N)n2)C(=O)N1S(=O)(=O)O,1.5
236,CHEMBL1467,O=c1ncnc2[nH][nH]cc1-2,0.8
237,CHEMBL1077896,CCCN1CCCC[C@H]1C(=O)Nc1c(C)cccc1C,2.2
238,CHEMBL1733,C[C@H](N[C@@H](CCc1ccccc1)C(=O)O)C(=O)N1Cc2ccccc2C[C@H]1C(=O)O,2.3
239,CHEMBL399510,CCN(CC)CCNC(=O)c1cc(Br)c(N)cc1OC,2.9
241,CHEMBL640,CCN(CC)CCNC(=O)c1ccc(N)cc1,3.1
242,CHEMBL1561,OCCN1C[C@H](O)[C@@H](O)[C@H](O)[C@H]1CO,2.3
243,CHEMBL572,O=C1CN(/N=C/c2ccc([N+](=O)[O-])o2)C(=O)N1,0.97
244,CHEMBL596,CCC(=O)N(c1ccccc1)C1CCN(CCc2ccccc2)CC1,3.0
245,CHEMBL85,Cc1nc2n(c(=O)c1CCN1CCC(c3noc4cc(F)ccc34)CC1)CCCC2,3.2
246,CHEMBL642,CCCC(=O)Nc1ccc(OCC(O)CNC(C)C)c(C(C)=O)c1,3.5
247,CHEMBL314437,CCC1(c2cccc(O)c2)CCCCN(C)C1,1.7
248,CHEMBL128,CNS(=O)(=O)Cc1ccc2[nH]cc(CCN(C)C)c2c1,1.7
249,CHEMBL60745,CC[N+](C)(C)c1cccc(O)c1.[Br-],1.8
250,CHEMBL191,CCCCc1nc(Cl)c(CO)n1Cc1ccc(-c2ccccc2-c2nnn[nH]2)cc1,1.8
251,CHEMBL1194,CCCNC(C)C(=O)Nc1ccccc1C,1.8
252,CHEMBL19019,O=C1CC[C@@]2(O)[C@H]3Cc4ccc(O)c5c4[C@@]2(CCN3CC2CC2)[C@H]1O5,1.9
254,CHEMBL1087,Cc1cccc(C)c1NC(=O)C1CCCCN1C,2.0
255,CHEMBL95804,CCN(CC)CCNC(=O)c1ccc(NS(C)(=O)=O)cc1,3.8
256,CHEMBL1531134,CC1CCN(CCCC(=O)c2ccc(F)cc2)CC1,3.9
257,CHEMBL1510,CN1CCC[C@@H]1Cc1c[nH]c2ccc(CCS(=O)(=O)c3ccccc3)cc12,4.2
258,CHEMBL1463,Nc1[nH]c(=O)ncc1F,4.2
259,CHEMBL585,Nc1nc(N)c2nc(-c3ccccc3)c(N)nc2n1,4.3
260,CHEMBL940,NCC1(CC(=O)O)CCCCC1,5.3
262,CHEMBL1201288,O=C1CN(/N=C/c2ccc(-c3ccc([N+](=O)[O-])cc3)o2)C(=O)N1,10.0
263,CHEMBL707,COc1cc2nc(N3CCN(C(=O)C4COc5ccccc5O4)CC3)nc(N)c2cc1OC,10.0
264,CHEMBL434394,OC(CNCC(O)C1CCc2cc(F)ccc2O1)C1CCc2cc(F)ccc2O1,10.0
265,CHEMBL1568,Nc1nc(F)nc2c1ncn2[C@@H]1O[C@H](CO)[C@@H](O)[C@@H]1O,11.0
266,CHEMBL113278,CC(CCc1ccc2c(c1)OCO2)NCC(O)c1ccc(O)c(C(N)=O)c1,11.0
268,CHEMBL1146,Cn1nnnc1SCC1=C(C(=O)O)N2C(=O)[C@@H](NC(=O)[C@H](O)c3ccccc3)[C@H]2SC1,0.75
269,CHEMBL407,CCOC(=O)c1ncn2c1CN(C)C(=O)c1cc(F)ccc1-2,0.78
270,CHEMBL1144,CC[C@H](C)C(=O)O[C@H]1C[C@H](O)C=C2C=C[C@H](C)[C@H](CC[C@@H](O)C[C@@H](O)CC(=O)O)[C@H]21,0.78
271,CHEMBL50882,Nc1n[n+]([O-])c2ccccc2[n+]1[O-],0.78
272,CHEMBL836,CCOc1ccccc1OCCN[C@H](C)Cc1ccc(OC)c(S(N)(=O)=O)c1,6.8
273,CHEMBL190,Cn1c(=O)c2nc[nH]c2n(C)c1=O,7.2
275,CHEMBL559288,N#CC(CCN1CCC(C(N)=O)(N2CCCCC2)CC1)(c1ccccc1)c1ccccc1,8.0
276,CHEMBL2103780,CCN1C[C@H]2CN(C)C[C@H](C1)C2OC(=O)c1ccc(Cl)cc1,8.6
277,CHEMBL728,CN1CCN(CCCN2c3ccccc3Sc3ccc(Cl)cc32)CC1,9.0
278,CHEMBL1231101,N[C@H](C(=O)O)[C@@H]1CC(Cl)=NO1,9.9
279,CHEMBL42,CN1CCN(C2=Nc3cc(Cl)ccc3Nc3ccccc32)CC1,10.0
280,CHEMBL404520,CN(C)[C@@H]1C(O)=C(C(N)=O)C(=O)[C@@]2(O)C(O)=C3C(=O)c4c(O)ccc(Cl)c4[C@@](C)(O)[C@H]3C[C@@H]12,7.0
281,CHEMBL533,CCCCCCCN(CC)CCCC(O)c1ccc(NS(C)(=O)=O)cc1,7.0
282,CHEMBL439,Nc1ccc(S(=O)(=O)Nc2ncccn2)cc1,7.0
283,CHEMBL782,CCCCNC(=O)NS(=O)(=O)c1ccc(C)cc1,7.0
284,CHEMBL219916,O=c1[nH]c2ccccc2n1CCCN1CCC(n2c(=O)[nH]c3cc(Cl)ccc32)CC1,7.5
285,CHEMBL813,CCCCc1ncc(/C=C(\Cc2cccs2)C(=O)O)n1Cc1ccc(C(=O)O)cc1,2.1
286,CHEMBL249856,CSc1ccc(C(=O)c2[nH]c(=O)[nH]c2C)cc1,1.0
287,CHEMBL398707,CN1CC[C@]23c4c5ccc(O)c4O[C@H]2C(=O)CC[C@H]3[C@H]1C5,2.3
288,CHEMBL1425,Sc1ncnc2nc[nH]c12,1.0
289,CHEMBL953,CCN(CC)C(=O)/C(C#N)=C/c1cc(O)c(O)c([N+](=O)[O-])c1,2.4
290,CHEMBL1449,CC1(C)S[C@@H]2[C@H](NC(=O)[C@H](C(=O)O)c3ccsc3)C(=O)N2[C@H]1C(=O)O,1.0
291,CHEMBL1644,CC1=C(C(=O)O)N2C(=O)[C@@H](NC(=O)[C@H](N)c3ccc(O)cc3)[C@H]2SC1,1.1
292,CHEMBL418192,Cc1ccccc1OCC(O)CNCCOc1ccc(C(N)=O)cc1,2.5
293,CHEMBL266510,COc1ccc(Cl)cc1[C@]1(F)C(=O)Nc2cc(C(F)(F)F)ccc21,37.0
294,CHEMBL76,CCN(CC)CCCC(C)Nc1ccnc2cc(Cl)ccc12,570.0
295,CHEMBL1752,Cn1c(=O)c2c(ncn2CC(O)CO)n(C)c1=O,1.7
296,CHEMBL44354,CC(C)(O/N=C(\C(=O)N[C@@H]1C(=O)N2C(C(=O)[O-])=C(C[n+]3ccccc3)CS[C@H]12)c1csc(N)n1)C(=O)O,1.8
297,CHEMBL608806,CCOC(=O)[C@@H]1C2CCC(C[C@@H]1OC(=O)c1ccccc1)N2C,1.5
298,CHEMBL88,O=P1(N(CCCl)CCCl)NCCCO1,8.0
299,CHEMBL551978,CCOc1ccc(/C=C2\NCCc3cc(OCC)c(OCC)cc32)cc1OCC,9.3
300,CHEMBL1614662,CC(C)(C)[C@H](NC(=O)[C@H](CC1CCCC1)CN(O)C=O)C(=O)N1CCN(Cc2ccc3c(c2)OCO3)CC1,9.4
301,CHEMBL558,Cc1cccc(C)c1OCC(C)N,9.9
302,CHEMBL71,CN(C)CCCN1c2ccccc2Sc2ccc(Cl)cc21,11.0
303,CHEMBL1614655,CCCC[C@@H]1CC(=O)[C@]2(O)O[C@@H]3[C@@H](NC)[C@@H](O)[C@@H](NC)[C@H](O)[C@H]3O[C@@H]2O1,11.0
305,CHEMBL315795,Cc1ncsc1CCCl,4.5
306,CHEMBL1148,Cc1cccc(Nc2ccncc2S(=O)(=O)NC(=O)NC(C)C)c1,5.1
309,CHEMBL453,Cc1noc(NS(=O)(=O)c2ccc(N)cc2)c1C,7.4
311,CHEMBL671,S=P(N1CC1)(N1CC1)N1CC1,2.7
313,CHEMBL777,O=C(O)[C@H]1/C(=C/CO)O[C@@H]2CC(=O)N21,0.9
314,CHEMBL472,COc1ccc(Cl)cc1C(=O)NCCc1ccc(S(=O)(=O)NC(=O)NC2CCCCC2)cc1,2.2
315,CHEMBL465,CCCCCc1cc(O)c2c(c1)OC(C)(C)[C@@H]1CCC(C)=C[C@@H]21,33.0
317,CHEMBL441809,CCC(C)(C)NCC(O)COc1ccccc1C(=O)CCc1ccccc1,1.5
318,CHEMBL108358,NC(=O)c1csc([C@@H]2O[C@H](CO)[C@@H](O)[C@H]2O)n1,5.9
319,CHEMBL979,CCCC(C)(COC(N)=O)COC(N)=O,14.0
320,CHEMBL53463,COc1cccc2c1C(=O)c1c(O)c3c(c(O)c1C2=O)C[C@@](O)(C(=O)CO)C[C@@H]3O[C@H]1C[C@H](N)[C@H](O)[C@H](C)O1,32.0
321,CHEMBL549,CN(C)CCCC1(c2ccc(F)cc2)OCc2cc(C#N)ccc21,33.0
322,CHEMBL286494,Cc1cc(O)c2c(=O)c3c(O)cc(O)c4c5c(O)cc(O)c6c(=O)c7c(O)cc(C)c8c1c2c(c34)c(c78)c65,42.0
323,CHEMBL1591,CN(C)[C@@H]1C(O)=C(C(N)=O)C(=O)[C@@]2(O)C(O)=C3C(=O)c4c(O)ccc(Cl)c4[C@@H](O)[C@H]3C[C@@H]12,12.0
324,CHEMBL86715,OC(CCN1CCCC1)(c1ccccc1)C1CCCCC1,12.0
325,CHEMBL654,CN1CCN2c3ncccc3Cc3ccccc3C2C1,15.0
326,CHEMBL1166,CC1CNc2c(cccc2S(=O)(=O)N[C@@H](CCCNC(=N)N)C(=O)N2CC[C@@H](C)C[C@@H]2C(=O)O)C1,0.4
327,CHEMBL878,Cc1ccccc1N1C(=O)c2cc(S(N)(=O)=O)c(Cl)cc2NC1C,20.0
329,CHEMBL1043,Nc1ccc(S(=O)(=O)c2ccc(N)cc2)cc1,22.0
330,CHEMBL3301673,CCCCCNC(=O)c1coc([C@@H]2[C@H]3CC[C@H](O3)[C@@H]2Cc2ccccc2CCC(=O)O)n1,22.0
331,CHEMBL13280,CN1C(=O)CN=C(c2ccccc2F)c2cc([N+](=O)[O-])ccc21,25.0
332,CHEMBL64391,CCC(C)n1ncn(-c2ccc(N3CCN(c4ccc(OCC5COC(Cn6cncn6)(c6ccc(Cl)cc6Cl)O5)cc4)CC3)cc2)c1=O,25.0
334,CHEMBL138225,CC(C)(C)NC(=O)[C@H]1CC[C@H]2[C@@H]3CC=C4C=C(C(=O)O)CC[C@]4(C)[C@H]3CC[C@]12C,27.0
335,CHEMBL877,NC[C@H]1CC[C@H](C(=O)O)CC1,2.3
336,CHEMBL44884,CC[C@@H](CO)NCCN[C@@H](CC)CO,3.1
337,CHEMBL1024,O=P1(NCCCl)OCCCN1CCCl,6.6
338,CHEMBL359164,Nc1ccn([C@@H]2CO[C@H](CO)O2)c(=O)n1,82.0
339,CHEMBL7568,CCN(CC)CCCC(C)Nc1c2ccc(Cl)cc2nc2ccc(OC)cc12,120.0
340,CHEMBL923,O=P(O)(O)C(O)(Cc1cccnc1)P(=O)(O)O,200.0
341,CHEMBL633,CCCCc1oc2ccccc2c1C(=O)c1cc(I)c(OCCN(CC)CC)c(I)c1,820.0
343,CHEMBL1101,OC(CCN1CCCCC1)(c1ccccc1)C1CC2C=CC1C2,24.0
344,CHEMBL1614651,NCCCNc1ccc2c(CNCCO)nn3c4c(O)ccc(O)c4c(=O)c1c23,32.0
345,CHEMBL1513,CCCCC1=NC2(CCCC2)C(=O)N1Cc1ccc(-c2ccccc2-c2nn[nH]n2)cc1,14.0
346,CHEMBL121,CN(CCOc1ccc(CC2SC(=O)NC2=O)cc1)c1ccccn1,3.9
347,CHEMBL862,N=C(N)NC(=O)Cc1c(Cl)cccc1Cl,15.0
348,CHEMBL1619,Nc1nc(Cl)nc2c1ncn2[C@H]1C[C@H](O)[C@@H](CO)O1,16.0
349,CHEMBL1201752,C/C(=C\c1csc(C)n1)[C@@H]1C[C@@H]2O[C@]2(C)CCC[C@H](C)[C@H](O)[C@@H](C)C(=O)C(C)(C)[C@@H](O)CC(=O)N1,17.0
350,CHEMBL639,CN1CCCC(n2nc(Cc3ccc(Cl)cc3)c3ccccc3c2=O)CC1,22.0
351,CHEMBL55,N=C(N)c1ccc(OCCCCCOc2ccc(C(=N)N)cc2)cc1,25.0
352,CHEMBL628,CC(=O)CCCCn1c(=O)c2c(ncn2C)n(C)c1=O,1.2
353,CHEMBL428690,CN1CC[C@H](c2c(O)cc(O)c3c(=O)cc(-c4ccccc4Cl)oc23)[C@H](O)C1,5.2
354,CHEMBL206025,CCCCCN(CCCOC)C(=O)C(CCC(=O)O)NC(=O)c1ccc(Cl)c(Cl)c1,5.2
355,CHEMBL766,CC1(C)C[C@@H]1C(=O)N/C(=C\CCCCSC[C@H](N)C(=O)O)C(=O)O,0.86
356,CHEMBL499,CC(C)(C)NC[C@H](O)COc1nsnc1N1CCOCC1,2.2
357,CHEMBL637,COc1ccc(C(CN(C)C)C2(O)CCCCC2)cc1,5.0
358,CHEMBL895,Oc1ccc2c3c1O[C@H]1[C@@H](O)CC[C@@]4(O)[C@@H](C2)N(CC2CCC2)CC[C@]314,3.7
359,CHEMBL468,O=C1CCC(N2C(=O)c3ccccc3C2=O)C(=O)N1,4.7
361,CHEMBL113,Cn1c(=O)c2c(ncn2C)n(C)c1=O,4.9
362,CHEMBL36633,NC(=O)CN1CC(O)CC1=O,7.5
363,CHEMBL33,C[C@H]1COc2c(N3CCN(C)CC3)c(F)cc3c(=O)c(C(=O)O)cn1c23,8.8
364,CHEMBL1614636,C[C@@H]1CC2=CC(=O)CC[C@]2(C)[C@H]2CC[C@]3(C)[C@@H](O)CC[C@H]3[C@@]21C,0.65
365,CHEMBL506,COc1cc(NC(C)CCCN)c2ncccc2c1,7.1
366,CHEMBL649,CC(C)(C)NCC(O)COc1cccc2c1C[C@H](O)[C@H](O)C2,9.2
367,CHEMBL503,CC[C@H](C)C(=O)O[C@H]1C[C@@H](C)C=C2C=C[C@H](C)[C@H](CC[C@@H]3C[C@@H](O)CC(=O)O3)[C@H]21,1.4
368,CHEMBL3991199,C[C@@](O)(/C=C/[C@@H]1CC=CC(=O)O1)[C@@H](C[C@@H](O)/C=C\C=C/C=C/CO)OP(=O)(O)O,1.5
369,CHEMBL3183075,CNC(=C[N+](=O)[O-])NCCSCc1csc(CN(C)C)n1,1.5
370,CHEMBL1614658,NC(=O)OC[C@@H]1[C@H](NC(=O)/C(=N\OCC(=O)O)c2csc(N)n2)C(=O)N1S(=O)(=O)O,1.6
371,CHEMBL1214,CC1(C)S[C@@H]2[C@H](NC(=O)C(C(=O)O)c3ccccc3)C(=O)N2[C@H]1C(=O)O,1.1
372,CHEMBL1521,CCN(C(C)=O)c1cccc(-c2ccnc3c(C#N)cnn23)c1,1.1
374,CHEMBL22,COc1cc(Cc2cnc(N)nc2N)cc(OC)c1OC,9.6
377,CHEMBL76370,CCCCCNC(=N)N/N=C/c1c[nH]c2ccc(OC)cc12,11.0
378,CHEMBL277474,Cc1cc(=O)n(-c2ccccc2)n1C,12.0
379,CHEMBL652,O=C(NCC1CCCCN1)c1cc(OCC(F)(F)F)ccc1OCC(F)(F)F,12.0
380,CHEMBL98,O=C(CCCCCCC(=O)Nc1ccccc1)NO,0.76
381,CHEMBL1201195,CO[C@@]1(NC(=O)CSCC#N)C(=O)N2C(C(=O)O)=C(CSc3nnnn3C)CS[C@@H]21,1.5
382,CHEMBL339323,CC(=N)N1CC[C@H](SC2=C(C(=O)O)N3C(=O)[C@H]([C@@H](C)O)[C@H]3C2)C1,0.96
383,CHEMBL972,C#CCN(C)[C@H](C)Cc1ccccc1,1.3
384,CHEMBL796,COC(=O)C(c1ccccc1)C1CCCCN1,4.8
385,CHEMBL1614659,COc1cc(CC(=O)NCC(=O)N(CCC(=O)O)Cc2ccc(CO)c(CO)c2)ccc1NC(=O)Nc1ccccc1C,1.6
386,CHEMBL34259,CN(Cc1cnc2nc(N)nc(N)c2n1)c1ccc(C(=O)N[C@@H](CCC(=O)O)C(=O)O)cc1,3.9
388,CHEMBL523,O=C1CN=C(c2ccccc2)c2cc(Cl)ccc2N1,46.0
389,CHEMBL1764,COc1ccc2c(c1)N(C[C@H](C)CN(C)C)c1ccccc1S2,30.0
390,CHEMBL376140,CN(C)c1cc(NC(=O)CNC(C)(C)C)c(O)c2c1C[C@H]1C[C@H]3[C@H](N(C)C)C(O)=C(C(N)=O)C(=O)[C@@]3(O)C(O)=C1C2=O,48.0
392,CHEMBL109,CCCC(CCC)C(=O)O,12.0
395,CHEMBL83063,CC(NCCc1ccc(O)cc1)C(O)c1ccc(O)cc1,2.6
396,CHEMBL106,OC(Cn1cncn1)(Cn1cncn1)c1ccc(F)cc1F,30.0
398,CHEMBL1541,C=CC1=C(C(=O)O)N2C(=O)[C@@H](NC(=O)/C(=N\OCC(=O)O)c3csc(N)n3)[C@H]2SC1,3.2
399,CHEMBL1572,CCN[C@@H]1C[C@H](N)[C@@H](O[C@H]2OC(CN)=CC[C@H]2N)[C@H](O)[C@H]1O[C@H]1OC[C@](C)(O)[C@H](NC)[C@H]1O,3.2
400,CHEMBL820,CS(=O)(=O)OCCCCOS(C)(=O)=O,3.4
401,CHEMBL3707182,C=C[C@@]1(O)C[N+]2(C)CC[C@H]1C[C@@H]2[C@@H](O)c1ccnc2ccc(OC)cc12,6.7
402,CHEMBL1614648,C#C[C@]1(O)CC[C@H]2[C@@H]3CCc4cc(OS(=O)(=O)O)ccc4[C@H]3CC[C@@]21C,8.4
403,CHEMBL657,CN(C)CCOC(c1ccccc1)c1ccccc1,9.3
404,CHEMBL1614647,C#C[C@]1(OS(=O)(=O)O)CC[C@H]2[C@@H]3CCc4cc(O)ccc4[C@H]3CC[C@@]21C,9.3
405,CHEMBL898,O=C(O)c1cc(-c2ccc(F)cc2F)ccc1O,10.0
406,CHEMBL1027,Cc1ccsc1C(=CCCN1CCC[C@@H](C(=O)O)C1)c1sccc1C,10.0
407,CHEMBL1726,COC(=O)C1=C(C)NC(C)=C(C(=O)OCC(C)C)C1c1ccccc1[N+](=O)[O-],11.0
408,CHEMBL170,C=C[C@H]1CN2CC[C@H]1C[C@H]2[C@H](O)c1ccnc2ccc(OC)cc12,11.0
409,CHEMBL343448,C/C=C1\NC(=O)[C@H]2CSSCC/C=C/[C@H](CC(=O)N[C@H](C(C)C)C(=O)N2)OC(=O)[C@H](C(C)C)NC1=O,11.0
410,CHEMBL924,O=P(O)(O)C(O)(Cn1ccnc1)P(=O)(O)O,11.0
412,CHEMBL1079,Clc1ccc2nsnc2c1NC1=NCCN1,2.4
413,CHEMBL615,CC1(C)S[C@@H]2[C@H](NC(=O)COc3ccccc3)C(=O)N2[C@H]1C(=O)O,0.84
414,CHEMBL2103764,CO/N=C(\C(=O)N[C@@H]1C(=O)N2C(C(=O)O)=C(C)CS[C@H]12)c1csc(N)n1,2.1
415,CHEMBL64360,Cc1cc(-n2cccc2)c(S(C)(=O)=O)cc1C(=O)N=C(N)N,2.2
416,CHEMBL905,CN(C)CCc1c[nH]c2ccc(Cn3cncn3)cc12,2.2
419,CHEMBL123558,CN1CCN(CCCCN2C(=O)CN(/N=C/c3ccc(-c4ccc(Cl)cc4)o3)C2=O)CC1,79.0
420,CHEMBL991,Cc1cn([C@H]2C=C[C@@H](CO)O2)c(=O)[nH]c1=O,1.4
421,CHEMBL632,C[C@H]1C[C@H]2[C@@H]3CCC4=CC(=O)C=C[C@]4(C)[C@@]3(F)[C@@H](O)C[C@]2(C)[C@@]1(O)C(=O)CO,5.6
422,CHEMBL1431,CN(C)C(=N)NC(=N)N,1.7
423,CHEMBL1189679,O=C1c2cccc3c2[C@H](CCC3)CN1[C@@H]1CN2CCC1CC2,39.0
424,CHEMBL465026,CN1CCOC(c2ccccc2)c2ccccc2C1,5.0
425,CHEMBL139,O=C(O)Cc1ccccc1Nc1c(Cl)cccc1Cl,1.4
426,CHEMBL539216,CS(=O)(=O)N(CCO)c1c(Cl)c(Cl)cc2[nH]c(=O)c(=O)[nH]c12,1.4
427,CHEMBL18116,Cc1cccc(N2CC(CO)OC2=O)c1,1.6
428,CHEMBL65794,CO/N=C(\C(=O)N[C@@H]1C(=O)N2C(C(=O)[O-])=C(C[n+]3cccc4c3CCC4)CS[C@H]12)c1csc(N)n1,1.7
429,CHEMBL186,CO/N=C(\C(=O)N[C@@H]1C(=O)N2C(C(=O)[O-])=C(C[N+]3(C)CCCC3)CS[C@H]12)c1csc(N)n1,1.9
430,CHEMBL1311,O=[N+]([O-])O[C@@H]1CO[C@@H]2[C@@H](O)CO[C@H]12,1.9
431,CHEMBL12856,Nc1cc(-c2ccncc2)c[nH]c1=O,2.0
432,CHEMBL916,CCCCS(=O)(=O)N[C@@H](Cc1ccc(OCCCCC2CCNCC2)cc1)C(=O)O,1.6
433,CHEMBL1502,COc1ccnc(C[S+]([O-])c2nc3cc(OC(F)F)ccc3[nH]2)c1OC,1.9
436,CHEMBL452,O=C1CN=C(c2ccccc2Cl)c2cc([N+](=O)[O-])ccc2N1,38.0
437,CHEMBL1738,C[C@@H](CN1CC(=O)NC(=O)C1)N1CC(=O)NC(=O)C1,2.5
440,CHEMBL17350,C[C@@H]([C@@H](O)c1ccc(O)cc1)N1CCC(O)(c2ccccc2)CC1,3.7
441,CHEMBL2303613,CO/N=C(\C(=O)N[C@@H]1C(=O)N2C(C(=O)O)=C(CSc3nc(C)c(CC(=O)O)s3)CS[C@H]12)c1csc(N)n1,4.2
442,CHEMBL10316,c1ccc2c(c1)OCC(C1=NCCN1)O2,4.2
443,CHEMBL1614654,CCOC(=O)[C@]1(c2ccccc2)CCC=C[C@H]1NC,4.4
444,CHEMBL119625,O=C(O)Cn1c(=O)c(=O)[nH]c2cc([N+](=O)[O-])c(-n3ccnc3)cc21,0.78
445,CHEMBL996,CO[C@@]1(NC(=O)Cc2cccs2)C(=O)N2C(C(=O)O)=C(COC(N)=O)CS[C@@H]21,0.81
446,CHEMBL893,Cc1onc(-c2c(Cl)cccc2Cl)c1C(=O)N[C@@H]1C(=O)N2[C@@H](C(=O)O)C(C)(C)S[C@H]12,0.88
447,CHEMBL422037,CN(C)/N=N/c1ccc(C(=O)O)cc1,2.5
448,CHEMBL35,NS(=O)(=O)c1cc(C(=O)O)c(NCc2ccco2)cc1Cl,2.5
449,CHEMBL64,NNC(=O)c1ccncc1,1.0
450,CHEMBL1082,CC1(C)S[C@@H]2[C@H](NC(=O)[C@H](N)c3ccc(O)cc3)C(=O)N2[C@H]1C(=O)O,1.1
451,CHEMBL188921,COc1cc(OC)c(C(=O)CCCN2CCCC2)c(OC)c1,3.3
452,CHEMBL520642,Nc1nc(/C(=N/O)C(=O)N[C@@H]2C(=O)N3C(C(=O)O)=C(/C=C4\CCN([C@@H]5CCNC5)C4=O)CS[C@H]23)ns1,3.3
453,CHEMBL1537,CC1(C)S[C@@H]2[C@H](NC(=O)[C@H](NC(=O)N3CCNC3=O)c3ccccc3)C(=O)N2[C@H]1C(=O)O,1.2
454,CHEMBL285347,C[C@@H](O)[C@H]1C(=O)N2C(C(=O)[O-])=C(SC3Cn4cnc[n+]4C3)[C@H](C)[C@H]12,1.1
455,CHEMBL27193,C[C@H](CCc1ccccc1)NC[C@H](O)c1ccc(O)c(C(N)=O)c1,3.3
457,CHEMBL210952,CC(=O)[C@H]1CC[C@H]2[C@@H]3CC[C@@H]4C[C@H](O)CC[C@]4(C)[C@H]3CC[C@]12C,4.7
459,CHEMBL681,CCOC(=O)c1cncn1[C@H](C)c1ccccc1,3.5
460,CHEMBL650,C[C@H]1C[C@H]2[C@@H]3CC[C@](O)(C(=O)CO)[C@@]3(C)C[C@H](O)[C@@H]2[C@@]2(C)C=CC(=O)C=C12,2.3
461,CHEMBL1725,COCC(=O)Nc1c(I)c(C(=O)NCC(O)CO)c(I)c(C(=O)N(C)CC(O)CO)c1I,2.6
462,CHEMBL133266,CC(C)(C)[C@]1(O)CC2OC(=O)CC23C(=O)OC2OC(=O)[C@H](O)C231,3.2
463,CHEMBL600,CC(=O)N[C@@H](CS)C(=O)O,5.5
464,CHEMBL22242,CCN1CCC[C@H]1CNC(=O)c1c(OC)ccc(Br)c1OC,5.5
465,CHEMBL1237044,COc1cccc(C2(O)CCCCC2CN(C)C)c1,5.8
466,CHEMBL911,Cc1ccc(-c2nc3ccc(C)cn3c2CC(=O)N(C)C)cc1,1.7
467,CHEMBL1201220,CC(=O)Nc1c(I)c(NC(C)=O)c(I)c(C(=O)O)c1I,1.8
468,CHEMBL70,CN1CC[C@]23c4c5ccc(O)c4O[C@H]2[C@@H](O)C=C[C@H]3[C@H]1C5,2.0
469,CHEMBL47072,CCC(=O)C1(c2cccc(O)c2)CCN(C)CC1,2.3
470,CHEMBL714,CC(C)(C)NCC(O)c1ccc(O)c(CO)c1,2.4
471,CHEMBL107,COc1cc2c(c(OC)c1OC)-c1ccc(OC)c(=O)cc1[C@@H](NC(C)=O)CC2,58.0
472,CHEMBL302795,CN1C(C(=O)Nc2ccccn2)=C(O)c2sccc2S1(=O)=O,67.0
473,CHEMBL485,COc1ccc2c3c1O[C@H]1[C@@H](O)C=C[C@H]4[C@@H](C2)N(C)CC[C@]314,4.0
474,CHEMBL129,Cc1cn([C@H]2C[C@H](N=[N+]=[N-])[C@@H](CO)O2)c(=O)[nH]c1=O,1.3
475,CHEMBL389621,C[C@]12C[C@H](O)[C@H]3[C@@H](CCC4=CC(=O)CC[C@@]43C)[C@@H]1CC[C@]2(O)C(=O)CO,1.6
476,CHEMBL188185,CCCC(=O)N1CCCN(c2nc(N)c3cc(OC)c(OC)cc3n2)CC1,2.0
477,CHEMBL607,CCOC(=O)C1(c2ccccc2)CCN(C)CC1,7.9
478,CHEMBL853,Nc1ccn([C@H]2CC[C@@H](CO)O2)c(=O)n1,1.2
479,CHEMBL189,Cc1[nH]c(=O)c(C#N)cc1-c1ccncc1,0.8
480,CHEMBL306713,C[C@@H](O)[C@H]1C(=O)N2C(C(=O)O)=C(SCCOC(N)=O)S[C@H]12,0.8
481,CHEMBL1518,CCCc1cc(=O)[nH]c(=S)[nH]1,1.3
482,CHEMBL279516,O=C(NC1CCN(CCc2c[nH]c3ccccc23)CC1)c1ccccc1,4.3
483,CHEMBL709,COc1cc2nc(N(C)CCCNC(=O)C3CCCO3)nc(N)c2cc1OC,4.8
484,CHEMBL567,OCCN1CCN(CCCN2c3ccccc3Sc3ccc(Cl)cc32)CC1,9.4
485,CHEMBL564,CN(C)CCCN1c2ccccc2Sc2ccccc21,7.9
486,CHEMBL3,CN1CCC[C@H]1c1cccnc1,2.0
487,CHEMBL481,CCc1c2c(nc3ccc(OC(=O)N4CCC(N5CCCCC5)CC4)cc13)-c1cc3c(c(=O)n1C2)COC(=O)[C@]3(O)CC,9.0
488,CHEMBL1220,CCS(=O)(=O)CCn1c([N+](=O)[O-])cnc1C,13.0
489,CHEMBL576127,O=C1NCC2(CCN(CCc3ccccc3)CC2)O1,14.0
490,CHEMBL599,Cc1cnc(NC(=O)C2=C(O)c3ccccc3S(=O)(=O)N2C)s1,18.0
491,CHEMBL277062,O=C1CN=C(c2ccccn2)c2cc(Br)ccc2N1,21.0
492,CHEMBL941,Cc1ccc(NC(=O)c2ccc(CN3CCN(C)CC3)cc2)cc1Nc1nccc(-c2cccnc2)n1,22.0
493,CHEMBL644,CC(CN(C)C)CN1c2ccccc2CCc2ccccc21,23.0
494,CHEMBL415,CN(C)CCCN1c2ccccc2CCc2ccc(Cl)cc21,26.0
495,CHEMBL416146,Cc1ccc(-c2ncc(Cl)cc2-c2ccc(S(C)(=O)=O)cc2)cn1,26.0
496,CHEMBL282686,CCO[C@@H](Cc1ccc(OCCc2ccc(OS(C)(=O)=O)cc2)cc1)C(=O)O,45.0
499,CHEMBL363295,CC(CC(c1ccccc1)c1ccccc1)NC(C)(C)C,56.0
500,CHEMBL2092739,CCC1CN2CCC1CC2[C@@H](O)c1ccnc2ccc(OC)cc12,5.7
501,CHEMBL222645,Cc1onc(-c2c(F)cccc2Cl)c1C(=O)N[C@@H]1C(=O)N2[C@@H](C(=O)O)C(C)(C)S[C@H]12,1.4
502,CHEMBL1477,COCc1c(C(C)C)nc(C(C)C)c(/C=C/[C@@H](O)C[C@@H](O)CC(=O)O)c1-c1ccc(F)cc1,1.8
503,CHEMBL467,NC(=O)NO,3.4
504,CHEMBL152067,CC(C)(C)NCC(O)COc1ccc(NC(=O)NC2CCCCC2)cc1,11.0
505,CHEMBL661,Cc1nnc2n1-c1ccc(Cl)cc1C(c1ccccc1)=NC2,12.0
506,CHEMBL51,O=C(c1ccc(F)cc1)C1CCN(CCn2c(=O)[nH]c3ccccc3c2=O)CC1,12.0
507,CHEMBL53,CN1CCc2cccc3c2[C@H]1Cc1ccc(O)c(O)c1-3,0.68
508,CHEMBL29,CC1(C)S[C@@H]2[C@H](NC(=O)Cc3ccccc3)C(=O)N2[C@H]1C(=O)O,0.7
510,CHEMBL507674,CCN1CCN(C(=O)N[C@@H](C(=O)N[C@@H]2C(=O)N3C(C(=O)O)=C(CSc4nnnn4C)CS[C@H]23)c2ccc(O)cc2)C(=O)C1=O,1.8
511,CHEMBL24646,COc1ccc(-c2nc3cc(C4=NNC(=O)CC4C)ccc3[nH]2)cc1,1.8
512,CHEMBL1727,CC1=C(C(=O)O)N2C(=O)[C@@H](NC(=O)[C@H](N)c3ccccc3)[C@H]2SC1,0.57
513,CHEMBL494,CC#CCC(C)[C@H](O)/C=C/[C@@H]1[C@H]2C/C(=C/CCCC(=O)O)C[C@H]2C[C@H]1O,0.57
514,CHEMBL148,C[C@@H](O)[C@H]1C(=O)N2C(C(=O)O)=C(SCCNC=N)C[C@H]12,0.95
516,CHEMBL152,Nc1ccn(C[C@@H](CO)OCP(=O)(O)O)c(=O)n1,2.6
518,CHEMBL1450,O=C1C(O)=C([C@H]2CC[C@H](c3ccc(Cl)cc3)CC2)C(=O)c2ccccc21,63.0
519,CHEMBL1201046,NCc1ccccc1CC(=O)N[C@@H]1C(=O)N2C(C(=O)O)=C(CSc3nnnn3CC(=O)O)CS[C@H]12,3.0
521,CHEMBL708,O=C1Cc2cc(CCN3CCN(c4nsc5ccccc45)CC3)c(Cl)cc2N1,3.1
522,CHEMBL273575,CN1Cc2c(N)cccc2C(c2ccccc2)C1,6.5
523,CHEMBL1278,CNS(=O)(=O)CCc1ccc2[nH]cc(C3CCN(C)CC3)c2c1,6.6
524,CHEMBL1294,C=C[C@H]1CN2CC[C@H]1C[C@@H]2[C@@H](O)c1ccnc2ccc(OC)cc12,6.6
525,CHEMBL274070,CC[C@@]1(O)C(=O)OCc2c1cc1n(c2=O)Cc2cc3c(N)cccc3nc2-1,7.0
527,CHEMBL1515,Cn1cc[nH]c1=S,2.4
528,CHEMBL112,CC(=O)Nc1ccc(O)cc1,2.5
529,CHEMBL428,N[C@H]1[C@@H]2CN(c3nc4c(cc3F)c(=O)c(C(=O)O)cn4-c3ccc(F)cc3F)C[C@H]12,11.0
530,CHEMBL500,CC(C)NCC(O)COc1cccc2[nH]ccc12,2.2
531,CHEMBL451,CNC1=Nc2ccc(Cl)cc2C(c2ccccc2)=[N+]([O-])C1,8.3
532,CHEMBL443,Cc1cc(NS(=O)(=O)c2ccc(N)cc2)no1,9.8
533,CHEMBL645,CC(C)NCC(O)COc1ccc(COCCOC(C)C)cc1,10.0
534,CHEMBL1213583,C#C[C@]1(O)C=C[C@H]2[C@@H]3CCC4=CC(=O)CC[C@@H]4[C@H]3CC[C@@]21CC,10.0
535,CHEMBL279229,COc1ccccc1N1CCN(CCCNc2cc(=O)n(C)c(=O)n2C)CC1,3.5
536,CHEMBL1185,CN(C)CCc1c[nH]c2ccc(C[C@H]3COC(=O)N3)cc12,3.6
537,CHEMBL1359,C[C@@H](O)[C@H]1C(=O)N2C(C(=O)O)=C(S[C@@H]3CN[C@H](C(=O)Nc4cccc(C(=O)O)c4)C3)[C@H](C)[C@H]12,3.8
538,CHEMBL43,COc1cc(NS(C)(=O)=O)ccc1Nc1c2ccccc2nc2ccccc12,4.7
539,CHEMBL1382,Cc1ccc(O)c([C@H](CCN(C(C)C)C(C)C)c2ccccc2)c1,2.4
540,CHEMBL1186579,C[N+]1(CC2CC2)CC[C@]23c4c5ccc(O)c4O[C@H]2C(=O)CC[C@@]3(O)[C@H]1C5,2.5
541,CHEMBL131,C[C@]12C[C@H](O)[C@H]3[C@@H](CCC4=CC(=O)C=C[C@@]43C)[C@@H]1CC[C@]2(O)C(=O)CO,3.4
542,CHEMBL956,CC(C(=O)O)c1ccc(C(=O)c2cccs2)cc1,2.1
543,CHEMBL1069,CCCCC(=O)N(Cc1ccc(-c2ccccc2-c2nnn[nH]2)cc1)[C@H](C(=O)O)C(C)C,9.5
544,CHEMBL315838,COc1ccc(C(=O)Nc2ccccc2CCC2CCCCN2C)cc1,2.6
545,CHEMBL1648,COC(=O)C1=C(C)NC(C)=C(C(=O)OC(C)C)C1c1cccc2nonc12,3.3
546,CHEMBL1009,N[C@@H](Cc1ccc(O)c(O)c1)C(=O)O,1.3
547,CHEMBL23,COc1ccc([C@@H]2Sc3ccccc3N(CCN(C)C)C(=O)[C@@H]2OC(C)=O)cc1,5.6
548,CHEMBL483,C[C@H](Cn1cnc2c(N)ncnc21)OCP(=O)(O)O,5.8
549,CHEMBL2,COc1cc2nc(N3CCN(C(=O)c4ccco4)CC3)nc(N)c2cc1OC,2.0
550,CHEMBL1491,CCOC(=O)C1=C(COCCN)NC(C)=C(C(=O)OC)C1c1ccccc1Cl,34.0
552,CHEMBL384467,C[C@@H]1C[C@H]2[C@@H]3CCC4=CC(=O)C=C[C@]4(C)[C@@]3(F)[C@@H](O)C[C@]2(C)[C@@]1(O)C(=O)CO,3.7
553,CHEMBL1187846,CN1[C@H]2C[C@H](OC(=O)[C@H](CO)c3ccccc3)C[C@@H]1[C@@H]1O[C@H]12,4.5
554,CHEMBL1736,CC(=O)Nc1c(I)c(C(=O)O)c(I)c(N(C)C(C)=O)c1I,1.3
557,CHEMBL429,CC(CCc1ccccc1)NCC(O)c1ccc(O)c(C(N)=O)c1,4.4
558,CHEMBL1046,NCCCCCC(=O)O,4.9
559,CHEMBL528,CO/N=C(\C(=O)N[C@@H]1C(=O)N2C(C(=O)O)=CCS[C@H]12)c1csc(N)n1,1.5
560,CHEMBL768,COC(=O)CCc1ccc(OCC(O)CNC(C)C)cc1,0.15
561,CHEMBL1115,CN(C)C(=O)Oc1ccc[n+](C)c1,1.5
562,CHEMBL629,CN(C)CCC=C1c2ccccc2CCc2ccccc21,17.0
563,CHEMBL325041,CC(C)C[C@H](NC(=O)[C@H](Cc1ccccc1)NC(=O)c1cnccn1)B(O)O,18.0
564,CHEMBL1279,CN[C@@H]1CCc2[nH]c3ccc(C(N)=O)cc3c2C1,24.0
565,CHEMBL361497,C[C@@H]1CC[C@H]2[C@@H](C)[C@H](OC(=O)CCC(=O)O)O[C@@H]3O[C@@]4(C)CC[C@@H]1[C@@]23OO4,0.22
566,CHEMBL1201300,CNC(=O)c1c(I)c(NC(C)=O)c(I)c(C(=O)O)c1I,1.3
568,CHEMBL1017,CCCc1nc2c(C)cc(-c3nc4ccccc4n3C)cc2n1Cc1ccc(-c2ccccc2C(=O)O)cc1,20.0
569,CHEMBL1201368,CCC[C@H](N[C@@H](C)C(=O)N1[C@H](C(=O)O)C[C@@H]2CCCC[C@@H]21)C(=O)O,29.0
570,CHEMBL445,CNCCC=C1c2ccccc2CCc2ccccc21,30.0
571,CHEMBL1201201,CN[C@@H](C)Cc1ccccc1,12.0
572,CHEMBL997,CCCCCN(C)CCC(O)(P(=O)(O)O)P(=O)(O)O,14.0
573,CHEMBL658,CCC(=O)N(c1ccccc1)C1(COC)CCN(CCc2cccs2)CC1,14.0
574,CHEMBL1628227,CN(C)CCC=C1c2ccccc2COc2ccccc21,15.0
576,CHEMBL1444,N#Cc1ccc(C(c2ccc(C#N)cc2)n2cncn2)cc1,45.0
577,CHEMBL1643,NC(=O)c1ncn([C@@H]2O[C@H](CO)[C@@H](O)[C@H]2O)n1,45.0
578,CHEMBL498,CCCNC(=O)NS(=O)(=O)c1ccc(Cl)cc1,46.0
580,CHEMBL1535,CCN(CCO)CCCC(C)Nc1ccnc2cc(Cl)ccc12,850.0
581,CHEMBL1540,Nc1nc(O)c2ncn(CCC(CO)CO)c2n1,2.1
582,CHEMBL1756,C[C@]12CC[C@@H]3c4ccc(OC(=O)N(CCCl)CCCl)cc4CC[C@H]3[C@@H]1CC[C@@H]2OP(=O)(O)O,2.4
584,CHEMBL1763,NS(=O)(=O)c1cc2c(cc1C(F)(F)F)NCNS2(=O)=O,5.2
585,CHEMBL278255,NC1CCN(c2c(F)cc3c(=O)c(C(=O)O)cn(C4CC4)c3c2Cl)C1,5.4
586,CHEMBL24,CC(C)NCC(O)COc1ccc(CC(N)=O)cc1,6.1
587,CHEMBL153774,CN(C)CCNc1ccc2c3c(nn2CCNCCO)-c2cnccc2C(=O)c13,45.0
588,CHEMBL6622,O=[N+]([O-])O[C@H]1CO[C@H]2[C@@H]1OC[C@H]2O[N+](=O)[O-],1.69
589,CHEMBL30,CN/C(=N/CCSCc1nc[nH]c1C)NC#N,2.2
591,CHEMBL1311,O=[N+]([O-])O[C@@H]1CO[C@@H]2[C@@H](O)CO[C@H]12,4.1
592,CHEMBL126,CC(=O)NC[C@H]1CN(c2ccc(N3CCOCC3)c(F)c2)C(=O)O1,4.5
593,CHEMBL130,O=C(N[C@H](CO)[C@H](O)c1ccc([N+](=O)[O-])cc1)C(Cl)Cl,4.6
595,CHEMBL32479,Cc1nnc2n1-c1sc(Br)cc1C(c1ccccc1Cl)=NC2,4.8
596,CHEMBL22097,CN1C(=O)C(O)N=C(c2ccccc2Cl)c2cc(Cl)ccc21,4.9
597,CHEMBL641,CNCC[C@@H](Oc1ccccc1C)c1ccccc1,5.2
598,CHEMBL1110,Cc1[nH]cnc1CN1CCc2c(c3ccccc3n2C)C1=O,1.6
599,CHEMBL324090,COc1cc2c(cc1OC)CN(c1cc(N)c3cc(OC)c(OC)cc3n1)CC2,5.9
600,CHEMBL1614639,CN1C(=O)[C@H](O)C[C@H]1c1cccnc1,5.9
601,CHEMBL832,O=C1C(CC[S+]([O-])c2ccccc2)C(=O)N(c2ccccc2)N1c1ccccc1,6.2
602,CHEMBL1231,CCN(CC)CC#CCOC(=O)C(O)(c1ccccc1)C1CCCCC1,7.2
603,CHEMBL87045,c1ccc(C2(c3ccccc3)CC2C2=NCCN2)cc1,7.3
604,CHEMBL134,Clc1cccc(Cl)c1N=C1NCCN1,7.6
605,CHEMBL1005,CCC(=O)N(c1ccccc1)C1(C(=O)OC)CCN(CCC(=O)OC)CC1,0.8
606,CHEMBL1604,CC1=C(C(=O)O)N2C(=O)[C@@H](NC(=O)[C@H](N)C3=CCC=CC3)[C@H]2SC1,0.85
607,CHEMBL32800,CC(Cc1ccc(O)cc1)NCC(O)c1cc(O)cc(O)c1,0.87
609,CHEMBL1272,CCOc1cc(CC(=O)N[C@@H](CC(C)C)c2ccccc2N2CCCCC2)ccc1C(=O)O,0.87
610,CHEMBL1687,COc1cc2c3cc1Oc1cc(ccc1O)C[C@@H]1c4c(cc(OC)c(O)c4Oc4ccc(cc4)C[C@@H]3N(C)CC2)CC[N+]1(C)C.[Cl-],2.0
611,CHEMBL1790041,CNC(=C[N+](=O)[O-])NCCSCc1ccc(CN(C)C)o1,2.1
612,CHEMBL511115,COc1ccc([C@]2(C#N)CC[C@@H](C(=O)O)CC2)cc1OC1CCCC1,7.9
613,CHEMBL473,CN(CCOc1ccc(NS(C)(=O)=O)cc1)CCc1ccc(NS(C)(=O)=O)cc1,8.1
614,CHEMBL432103,CC1CCCC(C)N1CCCC(O)(c1ccccc1)c1ccccn1,8.4
615,CHEMBL255044,CCOC(=O)Nc1ccc(NCc2ccc(F)cc2)nc1N,8.5
616,CHEMBL982,C=C1CC[C@@]2(O)[C@H]3Cc4ccc(O)c5c4[C@@]2(CCN3CC2CC2)[C@H]1O5,8.8
617,CHEMBL1237046,CN(C)[C@@H]1C(O)=C(C(=O)NCN2CCCC2)C(=O)[C@@]2(O)C(O)=C3C(=O)c4c(O)cccc4[C@@](C)(O)[C@H]3C[C@@H]12,8.8
618,CHEMBL2220442,CC(C)n1c(/C=C/C(O)CC(O)CC(=O)O)c(-c2ccc(F)cc2)c2ccccc21,0.7
619,CHEMBL1760,CC(C)(C)NCC(O)c1cc(O)cc(O)c1,15.0
620,CHEMBL1514,CC[C@H](OC(C)=O)C(C[C@H](C)N(C)C)(c1ccccc1)c1ccccc1,18.0
621,CHEMBL2368925,O=C(O[C@@H]1C[C@@H]2C[C@H]3C[C@H](C1)N2CC3=O)c1c[nH]c2ccccc12,0.13
622,CHEMBL691,C#C[C@]1(O)CC[C@H]2[C@@H]3CCc4cc(O)ccc4[C@H]3CC[C@@]21C,9.7
623,CHEMBL1324,Cc1ccc(C(=O)c2cc(O)c(O)c([N+](=O)[O-])c2)cc1,1.1
624,CHEMBL530,CC1(C)S[C@@H]2[C@H](/N=C/N3CCCCCC3)C(=O)N2[C@H]1C(=O)O,1.1
625,CHEMBL685,COC(=O)Nc1nc2ccc(C(=O)c3ccccc3)cc2[nH]1,1.1
626,CHEMBL1517,CN(C)[C@@H]1C(O)=C(C(N)=O)C(=O)[C@@]2(O)C(O)=C3C(=O)c4c(O)cccc4[C@@](C)(O)[C@H]3[C@H](O)[C@@H]12,10.0
628,CHEMBL1755,Cc1nc2c([nH]1)CCN(C(=O)c1ccc(NC(=O)c3ccccc3-c3ccccc3)cc1)c1ccccc1-2,6.7
629,CHEMBL621,O=c1n(CCCN2CCN(c3cccc(Cl)c3)CC2)nc2ccccn12,7.3
630,CHEMBL161,CO/N=C(\C(=O)N[C@@H]1C(=O)N2C(C(=O)O)=C(CSc3nc(=O)c(O)nn3C)CS[C@H]12)c1csc(N)n1,8.6
631,CHEMBL4,CC1COc2c(N3CCN(C)CC3)c(F)cc3c(=O)c(C(=O)O)cn1c23,8.9
632,CHEMBL1389,C#C[C@]1(O)CC[C@H]2[C@@H]3CCC4=CC(=O)CC[C@@H]4[C@H]3CC[C@@]21CC,9.4
633,CHEMBL95,Nc1c2c(nc3ccccc13)CCCC2,3.3
634,CHEMBL46,Cc1nccn1CC1CCc2c(c3ccccc3n2C)C1=O,3.4
635,CHEMBL539456,CN(C)CCCN1c2ccccc2CCc2cc(O)ccc21,10.0
636,CHEMBL1200622,C[C@@H](/C=C/[C@@H](C)[C@H]1CC[C@H]2/C(=C/C=C3C[C@@H](O)C[C@H](O)C3)CCC[C@@]21C)C(C)(C)O,5.3
637,CHEMBL550781,CCCCCN(CCCOC)C(=O)[C@@H](CCC(=O)O)NC(=O)c1ccc(Cl)c(Cl)c1,1.2
638,CHEMBL108821,N[C@@H]1CN(c2c(F)cc3c(=O)c(C(=O)O)cn([C@@H]4C[C@@H]4F)c3c2Cl)CC12CC2,6.6
639,CHEMBL137,Cc1ncc([N+](=O)[O-])n1CCO,7.1
640,CHEMBL405,CC(N)Cc1ccccc1,7.3
641,CHEMBL1370,CCCC1O[C@@H]2C[C@H]3[C@@H]4CCC5=CC(=O)C=C[C@]5(C)[C@H]4[C@@H](O)C[C@]3(C)[C@]2(C(=O)CO)O1,2.8
642,CHEMBL515,O=C(O)CCCc1ccc(N(CCCl)CCCl)cc1,1.1
643,CHEMBL290194,C=CCN1CCCC1CNC(=O)c1cc2nn[nH]c2cc1OC,2.8
644,CHEMBL177756,O=C(O)c1ccccc1-c1c2ccc(=O)cc-2oc2cc(O)ccc12,1.6
645,CHEMBL222813,CC(=O)N[C@@H]1[C@@H](NC(=N)N)C=C(C(=O)O)O[C@H]1[C@H](O)[C@H](O)CO,1.7
646,CHEMBL1167,CN[C@H]1[C@@H](O)[C@@H](NC)[C@H](O)[C@H]2O[C@@H]3O[C@H](C)CC(=O)[C@]3(O)O[C@H]12,1.8
647,CHEMBL1201112,COc1nc(N)nc2c1ncn2[C@@H]1O[C@H](CO)[C@@H](O)[C@@H]1O,0.5
648,CHEMBL634,CCC(=O)N(c1ccccc1)C1(COC)CCN(CCn2nnn(CC)c2=O)CC1,1.6
649,CHEMBL1130,C[C@H]1O[C@@H](n2cc(F)c(=O)[nH]c2=O)[C@H](O)[C@@H]1O,0.35
650,CHEMBL314010,COc1ccc(CCNCC(O)COc2cccc(C)c2)cc1OC,1.9
651,CHEMBL513,O=NN(CCCl)C(=O)NCCCl,0.37
652,CHEMBL1614637,CC(Oc1ccccc1)C(=O)N[C@@H]1C(=O)N2[C@@H](C(=O)O)C(C)(C)S[C@H]12,0.91
653,CHEMBL617,CC(=O)OCC1=C(C(=O)O)N2C(=O)[C@@H](NC(=O)Cc3cccs3)[C@H]2SC1,0.95
655,CHEMBL1200932,C[C@H](O)C(=O)Nc1c(I)c(C(=O)NC(CO)CO)c(I)c(C(=O)NC(CO)CO)c1I,2.1
657,CHEMBL1503,COc1ccc2[nH]c([S+]([O-])Cc3ncc(C)c(OC)c3C)nc2c1,0.58
658,CHEMBL1231530,O=C(O)CCNC(=O)c1ccccc1,0.59
659,CHEMBL13960,O=C(O)C(Cl)Cl,0.65
660,CHEMBL1614650,CC[C@@]1(O)C(=O)OCc2c1cc1n(c2=O)Cc2c-1nc1cc(F)c(C)c3c1c2[C@@H](N)CC3,6.7
661,CHEMBL568,O=C1Nc2ccc(Cl)cc2C(c2ccccc2)=NC1O,6.7
662,CHEMBL13209,O=C1CN=C(c2ccccc2)c2cc([N+](=O)[O-])ccc2N1,26.0
663,CHEMBL834,NCCC(O)(P(=O)(O)O)P(=O)(O)O,32.0
664,CHEMBL1213351,CCC(=O)O[C@](Cc1ccccc1)(c1ccccc1)[C@H](C)CN(C)C,18.0
666,CHEMBL448,CCCC(C)C1(CC)C(=O)NC(=O)NC1=O,22.0
