,Drug_ID,SMILES,VDss_Lombardo
0,Cannabinol,CCCCCc1cc(O)c2c(c1)OC(C)(C)c1ccc(C)cc1-2,16.98
1,Carocainide,CNC(=O)Nc1c(OCCN2CCCC2)c(OC)c2occc2c1OC,0.8
2,CGP15720A,O=C(NCCN1CCN=C1c1ccncc1)Nc1ccc(C(=O)O)cc1,0.35
3,Astromicin,CO[C@H]1[C@@H](O)[C@H](N)[C@@H](O[C@H]2O[C@H]([C@H](C)N)CC[C@H]2N)[C@H](O)[C@H]1N(C)C(=O)CN,0.23
4,Cefuzonam,CO/N=C(\C(=O)N[C@H]1C(=O)N2C(C(=O)O)=C(CSc3cnns3)CS[C@H]12)c1csc(N)n1,0.2
5,CGP31608,C[C@@H](O)[C@H]1C(=O)N2C(C(=O)O)=C(CN)S[C@H]12,0.23
6,Cimetropium,C[N+]1(CC2CC2)[C@H]2C[C@H](OC(=O)[C@H](CO)c3ccccc3)C[C@@H]1[C@H]1O[C@@H]21,1.12
8,3-O-demethylfortimicin A,C[C@@H](N)[C@H]1CC[C@@H](N)[C@@H](O[C@@H]2[C@@H](N)[C@@H](O)[C@@H](O)[C@@H](N(C)C(=O)CN)[C@H]2O)O1,0.27
9,Dobesilic acid,O=S(=O)(O)c1cc(O)ccc1O,0.12
10,Aspoxicillin,CNC(=O)C[C@@H](N)C(=O)N[C@@H](C(=O)N[C@H]1C(=O)N2[C@@H](C(=O)O)C(C)(C)S[C@H]12)c1ccc(O)cc1,0.27
11,CPW 86-363,Cn1nnnc1SCC1=C(C(=O)O)N2C(=O)[C@@H](NC(=O)/C(=N/OCC(=O)O)c3cc[nH]n3)[C@H]2SC1,0.22
12,Dixyrazine,CC(CN1CCN(CCOCCO)CC1)CN1c2ccccc2Sc2ccccc21,4.06
13,Glyceryl 1-nitrate,O=[N+]([O-])OC[C@H](O)CO,0.76
14,Edoxaban,CN1CCc2nc(C(=O)N[C@@H]3C[C@@H](C(=O)N(C)C)CC[C@@H]3NC(=O)C(=O)Nc3ccc(Cl)cn3)sc2C1,1.53
15,Guanylcisteine,N=C(N)N[C@@H](CS)C(=O)O,0.25
16,Heptaminol,CC(N)CCCC(C)(C)O,2.14
17,Glibornuride,Cc1ccc(S(=O)(=O)NC(=O)N[C@H]2[C@H]3CC[C@@](C)([C@H]2O)C3(C)C)cc1,0.27
18,CG200745,CN(C)CCCNC(=O)/C(=C/CCCCC(=O)NO)COc1cccc2ccccc12,0.45
19,Metaproterenol,CC(C)NCC(O)c1cc(O)cc(O)c1,6.03
20,GPX-150,COc1cccc2c1C(=N)c1c(O)c3c(c(O)c1C2=O)C[C@@](O)(C(=O)CO)C[C@@H]3O[C@H]1C[C@H](N)[C@H](O)[C@H](C)O1,15.45
22,Pipemidic acid,CCn1cc(C(=O)O)c(=O)c2cnc(N3CCNCC3)nc21,0.88
23,Proquazone,Cc1ccc2c(-c3ccccc3)nc(=O)n(C(C)C)c2c1,0.52
24,Tedizolid,Cn1nnc(-c2ccc(-c3ccc(N4C[C@H](CO)OC4=O)cc3F)cn2)n1,0.91
25,Pinacidil,C[C@@H](N/C(=N\c1ccncc1)NC#N)C(C)(C)C,1.1
26,Iopentol,COC[C@@H](O)CN(C(C)=O)c1c(I)c(C(=O)NC[C@H](O)CO)c(I)c(C(=O)NC[C@H](O)CO)c1I,0.2
27,Temocillin,CO[C@@]1(NC(=O)[C@H](C(=O)O)c2ccsc2)C(=O)N2[C@@H](C(=O)O)C(C)(C)S[C@@H]21,0.11
28,Viqualine,C=C[C@@H]1CNCC[C@@H]1CCCc1ccnc2ccc(OC)cc12,24.4
29,Vestipitant,Cc1cc(F)ccc1[C@H]1CNCCN1C(=O)N(C)[C@H](C)c1cc(C(F)(F)F)cc(C(F)(F)F)c1,3.8
34,(-)dOTC,Nc1ccn(C2COC(CO)S2)c(=O)n1,1.18
35,(+)dOTC,Nc1ccn(C2COC(CO)S2)c(=O)n1,0.84
36,1-Aminocyclopropanecarboxylic Acid,[NH3+]C1(C(=O)[O-])CC1,0.73
37,5-Hydroxymethyl tolterodine,CC(C)[NH+](CCC(c1ccccc1)c1cc(CO)ccc1O)C(C)C,2.41
38,619C89,C[NH+]1CCN(c2ncc(-c3cc(Cl)cc(Cl)c3Cl)c(N)n2)CC1,15.31
39,852A,CCc1nc2c(N)[nH+]c3ccccc3c2n1CCCCNS(C)(=O)=O,3.1
40,Abacavir,Nc1nc(NC2CC2)c2ncn(C3C=CC(CO)C3)c2n1,0.84
41,Abanoquil,COc1cc2c(cc1OC)CN(c1cc(N)c3cc(OC)c(OC)cc3[nH+]1)CC2,6.3
42,Acamprosate,CC(=O)NCCCS(=O)(=O)[O-],0.3
43,Acarbose,CC1OC(OC2C(CO)OC(OC(C(O)CO)C(O)C(O)C=O)C(O)C2O)C(O)C(O)C1NC1C=C(CO)C(O)C(O)C1O,0.32
44,Acebutolol,CCCC(=O)Nc1ccc(OCC(O)C[NH2+]C(C)C)c(C(C)=O)c1,1.7
45,Acecainide (N-acetylprocainamide),CC[NH+](CC)CCNC(=O)c1ccc(NC(C)=O)cc1,1.9
46,Acenocoumarol,CC(=O)CC(c1ccc([N+](=O)[O-])cc1)c1c([O-])c2ccccc2oc1=O,0.24
47,Acetaminophen,CC(=O)Nc1ccc(O)cc1,1.0
48,Acetazolamide,CC(=O)Nc1nnc(S(N)(=O)=O)s1,0.37
49,"Acetylcysteine, N-",CC(=O)NC(CS)C(=O)[O-],0.55
50,"Acetylmethadol, L-",CCC(OC(C)=O)C(CC(C)[NH+](C)C)(c1ccccc1)c1ccccc1,8.3
51,Acetylsalicylic Acid,CC(=O)Oc1ccccc1C(=O)[O-],0.22
52,Acivicin,[NH3+]C(C(=O)[O-])C1CC(Cl)=NO1,0.5
53,Aclidinium bromide,O=C(OC1C[N+]2(CCCOc3ccccc3)CCC1CC2)C(O)(c1cccs1)c1cccs1,4.3
54,Actisomide,CC1=NC(=O)C(CC[NH+](C(C)C)C(C)C)(c2ccccc2)C2CCCCN12,0.58
55,Acyclovir,Nc1nc2c(ncn2COCCO)c(=O)[nH]1,0.71
56,Adefovir,Nc1ncnc2c1ncn2CCOCP(=O)([O-])[O-],0.42
57,Adinazolam,CN(C)Cc1nnc2n1-c1ccc(Cl)cc1C(c1ccccc1)=NC2,0.98
58,AFN-1252,Cc1c(CN(C)C(=O)/C=C/C2=CNC3=[NH+]C(=O)CCC3=C2)oc2ccccc12,0.43
59,Ajmaline,CC[C@H]1C2C[C@H]3[C@@H]4N(C)c5ccccc5[C@]45C[C@@H](C2[C@H]5O)[NH+]3[C@@H]1O,4.0
60,Albuterol (salbutamol),CC(C)(C)[NH2+]CC(O)c1ccc(O)c(CO)c1,1.9
62,Alendronate,[NH3+]CCCC(O)(P(=O)([O-])[O-])P(=O)([O-])O,0.33
63,Alfentanil,CCC(=O)N(c1ccccc1)C1(COC)CCN(CCn2nnn(CC)c2=O)CC1,0.45
64,Alfuzosin,COc1cc2[nH+]c(N(C)CCCNC(=O)C3CCCO3)nc(N)c2cc1OC,1.5
65,Alizapride,C=CC[NH+]1CCCC1CNC(=O)c1cc2n[nH]nc2cc1OC,1.6
66,Allopurinol,O=c1[nH]cnc2[nH]ncc12,0.58
67,Almitrine,C=CCNc1nc(NCC=C)nc(N2CCN(C(c3ccc(F)cc3)c3ccc(F)cc3)CC2)n1,35.37
68,Almokalant,CCCS(=O)CCC[NH+](CC)CC(O)COc1ccc(C#N)cc1,1.8
69,Almorexant,CNC(=O)C(c1ccccc1)N1CCc2cc(OC)c(OC)cc2C1CCc1ccc(C(F)(F)F)cc1,9.75
70,Almotriptan,C[NH+](C)CCc1c[nH]c2ccc(CS(=O)(=O)N3CCCC3)cc12,2.2
71,Alosetron,Cc1[nH]cnc1CN1CCc2c(c3ccccc3n2C)C1=O,1.1
72,Alpiropride,C=CC[NH+]1CCCC1CNC(=O)c1cc(S(=O)(=O)NC)c(N)cc1OC,2.3
73,Alprazolam,Cc1nnc2n1-c1ccc(Cl)cc1C(c1ccccc1)=NC2,0.8
74,Alprenolol,C=CCc1ccccc1OCC(O)C[NH2+]C(C)C,3.2
75,Alprostadil,CCCCCC(O)/C=C/C1C(O)CC(=O)C1CCCCCCC(=O)[O-],2.4
76,Amantadine,[NH3+]C12CC3CC(CC(C3)C1)C2,6.6
77,Amdinocillin,CC1(C)SC2C([NH+]=CN3CCCCCC3)C(=O)N2C1C(=O)[O-],0.37
78,Amezinium,COc1cc(N)cn[n+]1-c1ccccc1,4.0
79,Amifostine,[NH3+]CCC[NH2+]CCSP(=O)([O-])[O-],0.09
80,Amikacin,NC1CC(NC(=O)C(O)CC[NH3+])C(OC2OC(CO)C(O)C([NH3+])C2O)C(O)C1OC1OC(C[NH3+])C(O)C(O)C1O,0.16
81,"Aminocamptothecin, 9-",CCC1(O)C(=O)OCc2c1cc1n(c2=O)Cc2cc3c(N)cccc3nc2-1,2.2
82,"Aminohexanoic acid, 6-",[NH3+]CCCCCC(=O)[O-],0.39
83,Aminolevulinic acid,[NH3+]CC(=O)CCC(=O)[O-],0.12
84,"Aminosalicylic acid, 5-",Nc1ccc(O)c(C(=O)[O-])c1,0.33
85,Amiodarone,CCCCc1oc2ccccc2c1C(=O)c1cc(I)c(OCC[NH+](CC)CC)c(I)c1,60.0
86,Amitriptyline,C[NH+](C)CCC=C1c2ccccc2CCc2ccccc21,8.7
87,Amlodipine,CCOC(=O)C1=C(COCC[NH3+])NC(C)=C(C(=O)OC)C1c1ccccc1Cl,17.0
88,Amonafide,CN(C)CCN1C(=O)c2cccc3cc(N)cc(c23)C1=O,7.33
89,Amoxicillin,CC1(C)SC2C(NC(=O)C([NH3+])c3ccc(O)cc3)C(=O)N2C1C(=O)[O-],0.25
90,AMP579,CCNC(=O)C1CC(n2ccc3c(NC(CC)Cc4sccc4Cl)ncnc32)C(O)C1O,0.84
91,Amphetamine (-d),CC([NH3+])Cc1ccccc1,6.1
93,Ampicillin,CC1(C)SC2C(NC(=O)C([NH3+])c3ccccc3)C(=O)N2C1C(=O)[O-],0.22
94,Amrinone,Nc1cc(-c2ccncc2)c[nH]c1=O,1.3
95,Amsacrine,COc1cc(NS(C)(=O)=O)ccc1Nc1c2ccccc2[nH+]c2ccccc12,1.6
96,Amsalog,CNC(=O)c1cccc2c(Nc3ccc(NS(C)(=O)=O)cc3OC)c3cccc(C)c3[nH+]c12,0.3
97,Amygdalin,N#CC(OC1OC(COC2OC(CO)C(O)C(O)C2O)C(O)C(O)C1O)c1ccccc1,0.21
100,Antipyrine,Cc1cc(=O)n(-c2ccccc2)n1C,0.77
101,Antofloxacin,CC1COc2c(N3CC[NH+](C)CC3)c(F)c(N)c3c(=O)c(C(=O)[O-])cn1c23,2.42
103,Apalcillin,CC1(C)SC2C(NC(=O)C(NC(=O)c3cnc4cccnc4c3[O-])c3ccccc3)C(=O)N2C1C(=O)[O-],0.16
104,Apixaban,COc1ccc(-n2nc(C(N)=O)c3c2C(=O)N(c2ccc(N4CCCCC4=O)cc2)CC3)cc1,0.3
106,Apomorphine,C[NH+]1CCc2cccc3c2C1Cc1ccc(O)c(O)c1-3,1.6
107,Aprepitant,CC(OC1OCCN(Cc2n[nH]c(=O)[nH]2)C1c1ccc(F)cc1)c1cc(C(F)(F)F)cc(C(F)(F)F)c1,0.94
109,Argatroban,CC1CNc2c(cccc2S(=O)(=O)NC(CCCN=C(N)N)C(=O)N2CCC(C)CC2C(=O)[O-])C1,0.17
110,Aripiprazole,O=C1CCc2ccc(OCCCC[NH+]3CCN(c4cccc(Cl)c4Cl)CC3)cc2N1,4.9
111,Artesunate,CC1CCC2C(C)C(OC(=O)CCC(=O)O)OC3OC4(C)CCC1C32OO4,15.0
112,Articaine,CCC[NH2+]C(C)C(=O)Nc1c(C)csc1C(=O)OC,7.7
113,Asarone,C/C=C/c1cc(OC)c(OC)cc1OC,1.0
114,Ascorbic acid,O=C1OC(C(O)CO)C([O-])=C1O,0.35
115,Asenapine,C[NH+]1CC2c3ccccc3Oc3ccc(Cl)cc3C2C1,23.0
116,Atenolol,CC(C)[NH2+]CC(O)COc1ccc(CC(N)=O)cc1,0.95
117,Atipamizole,CCC1(c2cnc[nH]2)Cc2ccccc2C1,2.7
118,Atomoxetine,C[NH2+]CCC(Oc1ccccc1C)c1ccccc1,0.85
119,Atovaquone,O=C1C([O-])=C(C2CCC(c3ccc(Cl)cc3)CC2)C(=O)c2ccccc21,0.6
121,Atropine,C[NH+]1C2CCC1CC(OC(=O)C(CO)c1ccccc1)C2,3.3
122,Avibactam,NC(=O)C1CCC2CN1C(=O)N2OS(=O)(=O)[O-],0.24
123,Avosentan,COc1ccccc1Oc1c([N-]S(=O)(=O)c2ccc(C)cn2)nc(-c2ccncc2)nc1OC,0.27
124,Azacitidine,Nc1ncn(C2OC(CO)C(O)C2O)c(=O)n1,0.47
125,Azapropazone,CCC[c-]1c(=O)n2c(N(C)C)nc3ccc(C)cc3n2c1=O,0.12
126,AZD4877,Cc1ccc(C(=O)N(CCC[NH3+])C(c2nc3snc(C)c3c(=O)n2Cc2ccccc2)C(C)C)cc1,6.74
127,Azelastine,C[NH+]1CCCC(n2nc(Cc3ccc(Cl)cc3)c3ccccc3c2=O)CC1,15.0
128,Azimilide,C[NH+]1CCN(CCCCN2C(=O)CN(/N=C/c3ccc(-c4ccc(Cl)cc4)o3)C2=O)CC1,13.0
130,Azlocillin,CC1(C)SC2C(NC(=O)C(NC(=O)N3CCNC3=O)c3ccccc3)C(=O)N2C1C(=O)[O-],0.26
131,Aztreonam,CC1C(NC(=O)/C(=N\OC(C)(C)C(=O)[O-])c2csc(N)n2)C(=O)N1S(=O)(=O)[O-],0.18
132,Baclofen,[NH3+]CC(CC(=O)[O-])c1ccc(Cl)cc1,0.65
133,Bambuterol,CN(C)C(=O)Oc1cc(OC(=O)N(C)C)cc(C(O)C[NH2+]C(C)(C)C)c1,1.6
134,Bazedoxifene,Cc1c(-c2ccc(O)cc2)n(Cc2ccc(OCC[NH+]3CCCCCC3)cc2)c2ccc(O)cc12,15.4
135,BB 83698,CC(C)(C)C(NC(=O)C(CC1CCCC1)CN(O)C=O)C(=O)N1CCN(Cc2ccc3c(c2)OCO3)CC1,1.1
136,Becatecarin,CC[NH+](CC)CCN1C(=O)c2c(c3c4cccc(Cl)c4n(C4OC(CO)C(OC)C(O)C4O)c3c3[nH]c4c(Cl)cccc4c23)C1=O,8.9
137,Beclomethasone dipropionate,CCC(=O)OCC(=O)C1(OC(=O)CC)C(C)CC2C3CCC4=CC(=O)C=CC4(C)C3(Cl)C(O)CC21C,0.29
138,Belinostat,O=C(/C=C/c1cccc(S(=O)(=O)Nc2ccccc2)c1)NO,0.8
139,Bendamustine,Cn1c(CCCC(=O)[O-])[nH+]c2cc(N(CCCl)CCCl)ccc21,0.22
140,Benperidol,O=C(CCC[NH+]1CCC(n2c(=O)[nH]c3ccccc32)CC1)c1ccc(F)cc1,3.8
141,Benzydamine,C[NH+](C)CCCOc1nn(Cc2ccccc2)c2ccccc12,1.53
142,Bepridil,CC(C)COCC(CN(Cc1ccccc1)c1ccccc1)[NH+]1CCCC1,10.1
143,Berubicin,COc1cccc2c1C(=O)c1c(O)c3c(c(O)c1C2=O)CC(O)(C(=O)CO)CC3OC1CC([NH3+])C(OCc2ccccc2)C(C)O1,48.0
144,Betamethasone,CC1CC2C3CCC4=CC(=O)C=CC4(C)C3(F)C(O)CC2(C)C1(O)C(=O)CO,1.3
145,Betamipron,O=C([O-])CCNC(=O)c1ccccc1,0.28
146,Betaxolol,CC(C)[NH2+]CC(O)COc1ccc(CCOCC2CC2)cc1,4.8
147,Bevantolol,COc1ccc(CC[NH2+]CC(O)COc2cccc(C)c2)cc1OC,0.67
148,BI2536,CCC1C(=O)N(C)c2cnc(Nc3ccc(C(=O)NC4CC[NH+](C)CC4)cc3OC)nc2N1C1CCCC1,31.2
149,Biapenem,CC(O)C1C(=O)N2C(C(=O)[O-])=C(SC3Cn4cnc[n+]4C3)C(C)C12,0.2
150,Bidisomide,CC(=O)N(CCC(CC[NH+]1CCCCC1)(C(N)=O)c1ccccc1Cl)C(C)C,2.6
151,Bilobalide,CC(C)(C)C1(O)CC2OC(=O)CC23C(=O)OC2OC(=O)C(O)C231,2.5
152,Bimatoprost,CCNC(=O)CCC/C=C/CC1C(O)CC(O)C1/C=C/C(O)CCc1ccccc1,0.67
153,Binodenoson,Nc1nc(N[NH+]=CC2CCCCC2)nc2c1ncn2C1OC(CO)C(O)C1O,0.4
155,Biperiden,OC(CC[NH+]1CCCCC1)(c1ccccc1)C1CC2C=CC1C2,12.0
156,Biricodar,COc1cc(C(=O)C(=O)N2CCCCC2C(=O)OC(CCCc2cccnc2)CCCc2cccnc2)cc(OC)c1OC,1.34
157,Bisaramil,CC[NH+]1CC2C[NH+](C)CC(C1)C2OC(=O)c1ccc(Cl)cc1,9.0
158,Bisoprolol,CC(C)[NH2+]CC(O)COc1ccc(COCCOC(C)C)cc1,2.4
162,BLP1654,CC1(C)SC2C(NC(=O)C(NC(=O)NC(N)=[NH2+])c3ccccc3)C(=O)N2C1C(=O)[O-],0.24
163,BMS-214662,N#Cc1ccc2c(c1)CN(S(=O)(=O)c1cccs1)C(Cc1ccccc1)CN2Cc1cnc[nH]1,0.84
164,Bortezomib,CC(C)CC(NC(=O)C(Cc1ccccc1)NC(=O)c1cnccn1)B(O)O,10.0
165,Bosentan,COc1ccccc1Oc1c([N-]S(=O)(=O)c2ccc(C(C)(C)C)cc2)nc(-c2ncccn2)nc1OCCO,0.29
166,Bromazepam,O=C1CN=C(c2ccccn2)c2cc(Br)ccc2N1,0.85
167,Bromfenac,Nc1c(CC(=O)[O-])cccc1C(=O)c1ccc(Br)cc1,0.11
168,Bromopride,CC[NH+](CC)CCNC(=O)c1cc(Br)c(N)cc1OC,3.1
169,Bromotetrandrine,COc1ccc2cc1Oc1ccc(cc1)CC1(C)c3cc(c(OC)cc3CC[NH+]1C)Oc1c(OC)c(OC)c(Br)c3c1C(C)(C2)N(C)CC3,51.0
170,Brostallicin,C=C(Br)C(=O)Nc1cc(C(=O)Nc2cc(C(=O)Nc3cc(C(=O)Nc4cc(C(=O)NCCNC(N)=[NH2+])n(C)c4)n(C)c3)n(C)c2)n(C)c1,0.36
171,Brotizolam,Cc1nnc2n1-c1sc(Br)cc1C(c1ccccc1Cl)=NC2,0.75
172,Budesonide,CCCC1OC2CC3C4CCC5=CC(=O)C=CC5(C)C4C(O)CC3(C)C2(C(=O)CO)O1,3.9
173,Buflomedil,COc1cc(OC)c(C(=O)CCC[NH+]2CCCC2)c(OC)c1,1.3
174,Bufuralol,CCc1cccc2cc(C(O)C[NH2+]C(C)(C)C)oc12,1.7
175,Bumetanide,CCCCNc1cc(C(=O)[O-])cc(S(N)(=O)=O)c1Oc1ccccc1,0.16
176,Bunazosin,CCCC(=O)N1CCCN(c2nc(N)c3cc(OC)c(OC)cc3n2)CC1,0.72
177,Bupivacaine,CCCC[NH+]1CCCCC1C(=O)Nc1c(C)cccc1C,0.84
178,Buprenorphine,COC12CCC3(CC1C(C)(O)C(C)(C)C)C1Cc4ccc(O)c5c4C3(CC[NH+]1CC1CC1)C2O5,4.9
179,Busulphan,CS(=O)(=O)OCCCCOS(C)(=O)=O,0.55
180,Buthionine sulfoximine,CCCCS(=N)(=O)CCC([NH3+])C(=O)[O-],0.26
181,Butorphanol,Oc1ccc2c(c1)C13CCCCC1(O)C(C2)[NH+](CC1CCC1)CC3,12.0
183,Caderofloxacin,CC1CN(c2c(F)cc3c(=O)c(C(=O)[O-])cn(C4CC4)c3c2OC(F)F)CC[NH2+]1,1.1
184,Caffeine,Cn1c(=O)c2c(ncn2C)n(C)c1=O,0.63
185,Candesartan,CCOc1nc2cccc(C(=O)[O-])c2n1Cc1ccc(-c2ccccc2-c2nnn[n-]2)cc1,0.13
186,Candoxatrilat,COCCOCC(CC1(C(=O)NC2CCC(C(=O)[O-])CC2)CCCC1)C(=O)[O-],0.25
187,Cangrelor,CSCCNc1nc(SCCC(F)(F)F)nc2c1ncn2C1OC(COP(=O)([O-])OP(=O)([O-])C(Cl)(Cl)P(=O)([O-])[O-])C(O)C1O,0.04
188,Captopril,CC(CS)C(=O)N1CCCC1C(=O)[O-],0.75
189,Carbenicillin,CC1(C)SC2C(NC(=O)C(C(=O)[O-])c3ccccc3)C(=O)N2C1C(=O)[O-],0.17
190,Carebastine,CC(C)(C(=O)[O-])c1ccc(C(=O)CCC[NH+]2CCC(OC(c3ccccc3)c3ccccc3)CC2)cc1,0.41
191,Carfilzomib,CC(C)CC(NC(=O)C(CCc1ccccc1)NC(=O)CN1CCOCC1)C(=O)NC(Cc1ccccc1)C(=O)NC(CC(C)C)C(=O)C1(C)CO1,0.13
192,Carmustine (BCNU),O=NN(CCCl)C(=O)NCCCl,1.2
193,Carnitine_L,C[N+](C)(C)CC(O)CC(=O)[O-],0.4
194,Carumonam,NC(=O)OCC1C(NC(=O)/C(=N/OCC(=O)[O-])c2csc(N)n2)C(=O)N1S(=O)(=O)[O-],0.18
195,Carvedilol,COc1ccccc1OCC[NH2+]CC(O)COc1cccc2[nH]c3ccccc3c12,1.3
196,Carzelesin,CCN(CC)c1ccc2cc(C(=O)Nc3ccc4[nH]c(C(=O)N5CC(CCl)c6c5cc(OC(=O)Nc5ccccc5)c5[nH]cc(C)c65)cc4c3)oc2c1,0.09
198,CB 10-277,CN(C)N=Nc1ccc(C(=O)[O-])cc1,0.25
199,Cefadroxil,CC1=C(C(=O)[O-])N2C(=O)C(NC(=O)C([NH3+])c3ccc(O)cc3)C2SC1,0.23
200,Cefamandole,Cn1nnnc1SCC1=C(C(=O)[O-])N2C(=O)C(NC(=O)C(O)c3ccccc3)C2SC1,0.16
201,Cefatrizine,[NH3+]C(C(=O)NC1C(=O)N2C(C(=O)[O-])=C(CSc3c[n-]nn3)CSC12)c1ccc(O)cc1,0.22
202,Cefazedone,Cc1nnc(SCC2=C(C(=O)[O-])N3C(=O)C(NC(=O)Cn4cc(Cl)c(=O)c(Cl)c4)C3SC2)s1,0.13
203,Cefazolin,Cc1nnc(SCC2=C(C(=O)[O-])N3C(=O)C(NC(=O)Cn4cnnn4)C3SC2)s1,0.12
204,Cefcanel,Cc1nnc(SCC2=C(C(=O)[O-])N3C(=O)C(NC(=O)C(O)c4ccccc4)C3SC2)s1,0.13
205,Cefclidin,CO/N=C(/C(=O)NC1C(=O)N2C(C(=O)[O-])=C(C[N+]34CCC(C(N)=O)(CC3)CC4)CSC12)c1nsc(N)n1,0.27
206,Cefepime,CO/N=C(\C(=O)NC1C(=O)N2C(C(=O)[O-])=C(C[N+]3(C)CCCC3)CSC12)c1csc(N)n1,0.28
207,Cefetamet,CO/N=C(/C(=O)NC1C(=O)N2C(C(=O)[O-])=C(C)CSC12)c1csc(N)n1,0.28
208,Cefixime,C=CC1=C(C(=O)[O-])N2C(=O)C(NC(=O)/C(=N/OCC(=O)[O-])c3csc(N)n3)C2SC1,0.24
209,Cefmenoxime,CO/N=C(\C(=O)NC1C(=O)N2C(C(=O)[O-])=C(CSc3nnnn3C)CSC12)c1csc(N)n1,0.2
210,Cefmetazole,COC1(NC(=O)CSCC#N)C(=O)N2C(C(=O)[O-])=C(CSc3nnnn3C)CSC21,0.13
211,Cefodizime,CO/N=C(\C(=O)NC1C(=O)N2C(C(=O)[O-])=C(CSc3nc(C)c(CC(=O)[O-])s3)CSC12)c1csc(N)n1,0.05
212,Cefonicid,O=C([O-])C1=C(CSc2nnnn2CS(=O)(=O)[O-])CSC2C(NC(=O)C(O)c3ccccc3)C(=O)N12,0.14
213,Cefoperazone,CCN1CCN(C(=O)NC(C(=O)NC2C(=O)N3C(C(=O)[O-])=C(CSc4nnnn4C)CSC23)c2ccc(O)cc2)C(=O)C1=O,0.17
214,Ceforanide,[NH3+]Cc1ccccc1CC(=O)NC1C(=O)N2C(C(=O)[O-])=C(CSc3nnnn3CC(=O)[O-])CSC12,0.17
215,Cefoselis,CO/N=C(/C(=O)NC1C(=O)N2C(C(=O)[O-])=C(Cn3ccc(=[NH2+])n3CCO)CSC12)c1csc(N)n1,0.3
216,Cefotaxime,CO/N=C(/C(=O)NC1C(=O)N2C(C(=O)[O-])=C(COC(C)=O)CSC12)c1csc(N)n1,0.19
217,Cefotetan,COC1(NC(=O)C2SC(=C(C(N)=O)C(=O)[O-])S2)C(=O)N2C(C(=O)[O-])=C(CSc3nnnn3C)CSC21,0.13
218,Cefoxitin,COC1(NC(=O)Cc2cccs2)C(=O)N2C(C(=O)[O-])=C(COC(N)=O)CSC21,0.17
219,Cefozopran,CO/N=C(/C(=O)NC1C(=O)N2C(C(=O)[O-])=C(C[n+]3ccn4ncccc43)CSC12)c1nsc(N)n1,0.24
221,Cefpiramide,Cc1cc([O-])c(C(=O)NC(C(=O)NC2C(=O)N3C(C(=O)[O-])=C(CSc4nnnn4C)CSC23)c2ccc(O)cc2)cn1,0.15
222,Cefpirome,CO/N=C(/C(=O)NC1C(=O)N2C(C(=O)[O-])=C(C[n+]3cccc4c3CCC4)CSC12)c1csc(N)n1,0.24
223,Cefprozil,C/C=C/C1=C(C(=O)[O-])N2C(=O)C(NC(=O)C([NH3+])c3ccc(O)cc3)C2SC1,0.21
224,Ceftaroline fosamil,CCO/N=C(/C(=O)NC1C(=O)N2C(C(=O)[O-])=C(Sc3nc(-c4cc[n+](C)cc4)cs3)CSC12)c1nsc(NP(=O)([O-])O)n1,0.53
225,Ceftazidime,CC(C)(O/N=C(/C(=O)NC1C(=O)N2C(C(=O)[O-])=C(C[n+]3ccccc3)CSC12)c1csc(N)n1)C(=O)[O-],0.31
226,Ceftizoxime,CO/N=C(\C(=O)NC1C(=O)N2C(C(=O)[O-])=CCSC12)c1csc(N)n1,0.2
227,Ceftobiprole,Nc1nc(/C(=N\O)C(=O)NC2C(=O)N3C(C(=O)[O-])=C(/C=C4\CCN(C5CC[NH2+]C5)C4=O)CSC23)ns1,0.27
229,Ceftriaxone,CO/N=C(/C(=O)NC1C(=O)N2C(C(=O)[O-])=C(CSc3nc(=O)c(=O)[n-]n3C)CSC12)c1csc(N)n1,0.12
230,Cefuroxime,CO/N=C(\C(=O)NC1C(=O)N2C(C(=O)[O-])=C(COC(N)=O)CSC12)c1ccco1,0.15
231,CEP-18770,CC(C)CC(NC(=O)C(NC(=O)c1cccc(-c2ccccc2)n1)C(C)O)B(O)O,0.87
232,Cephalexin,CC1=C(C(=O)[O-])N2C(=O)C(NC(=O)C([NH3+])c3ccccc3)C2SC1,0.21
233,Cephaloridine,O=C(Cc1cccs1)NC1C(=O)N2C(C(=O)[O-])=C(C[n+]3ccccc3)CSC12,0.46
234,Cephalothin,CC(=O)OCC1=C(C(=O)[O-])N2C(=O)C(NC(=O)Cc3cccs3)C2SC1,0.07
235,Cephapirin,CC(=O)OCC1=C(C(=O)[O-])N2C(=O)C(NC(=O)CSc3ccncc3)C2SC1,0.13
236,Cephradine,CC1=C(C(=O)[O-])N2C(=O)C(NC(=O)C([NH3+])C3=CCC=CC3)C2SC1,0.21
237,Cerivastatin,COCc1c(C(C)C)nc(C(C)C)c(/C=C/C(O)CC(O)CC(=O)[O-])c1-c1ccc(F)cc1,0.33
239,Chlorambucil,O=C([O-])CCCc1ccc(N(CCCl)CCCl)cc1,0.26
240,Chloramphenicol,O=C(NC(CO)C(O)c1ccc([N+](=O)[O-])cc1)C(Cl)Cl,0.94
241,Chlorazepate,O=C([O-])C1N=C(c2ccccc2)c2cc(Cl)ccc2NC1=O,0.2
242,Chlordiazepoxide,CNC1=Nc2ccc(Cl)cc2C(c2ccccc2)=[N+]([O-])C1,0.25
243,Chlormethiazole,Cc1ncsc1CCCl,6.6
244,"Chlorophenylpiperazine, m-",Clc1cccc(N2CC[NH2+]CC2)c1,2.5
245,Chloroquine,CC[NH+](CC)CCCC(C)Nc1cc[nH+]c2cc(Cl)ccc12,140.0
246,Chlorpheniramine,C[NH+](C)CCC(c1ccc(Cl)cc1)c1ccccn1,3.3
247,Chlorpromazine,C[NH+](C)CCCN1c2ccccc2Sc2ccc(Cl)cc21,10.0
248,Chlorpropamide,CCCNC(=O)[N-]S(=O)(=O)c1ccc(Cl)cc1,0.19
249,Chlortetracycline,C[NH+](C)C1C([O-])=C(C(N)=O)C(=O)C2(O)C([O-])=C3C(=O)c4c(O)ccc(Cl)c4C(C)(O)C3CC12,0.9
250,Chlorthalidone,NS(=O)(=O)c1cc(C2(O)NC(=O)c3ccccc32)ccc1Cl,3.9
251,Cibenzoline,c1ccc(C2(c3ccccc3)CC2C2=[NH+]CCN2)cc1,4.1
252,Cicaprost,CCC#CCC(C)C(O)C#CC1C(O)CC2C/C(=C\COCC(=O)[O-])CC21,0.08
253,Ciclesonide,CC(C)C(=O)OCC(=O)C12OC(C3CCCCC3)OC1CC1C3CCC4=CC(=O)C=CC4(C)C3C(O)CC12C,2.9
254,Cidofovir,Nc1ccn(CC(CO)OCP(=O)([O-])[O-])c(=O)n1,0.49
255,Cilastatin,CC1(C)CC1C(=O)N/C(=C\CCCCSCC([NH3+])C(=O)[O-])C(=O)[O-],0.15
256,Cilazaprilat,O=C([O-])C(CCc1ccccc1)[NH2+]C1CCCN2CCCC(C(=O)[O-])N2C1=O,3.7
257,Cilengitide,CC(C)C1C(=O)NC(CCCNC(N)=[NH2+])C(=O)NCC(=O)NC(CC(=O)[O-])C(=O)NC(Cc2ccccc2)C(=O)N1C,0.26
258,Cilomilast,COc1ccc(C2(C#N)CCC(C(=O)[O-])CC2)cc1OC1CCCC1,0.23
259,Cimetidine,CN/C(=N\CCSCc1nc[nH]c1C)NC#N,1.2
260,Cinacalcet,CC([NH2+]CCCc1cccc(C(F)(F)F)c1)c1cccc2ccccc12,17.6
261,Cinaciguat,O=C([O-])CCCC[NH+](CCc1ccccc1OCc1ccc(CCc2ccccc2)cc1)Cc1ccc(C(=O)[O-])cc1,0.24
262,Ciprofloxacin,O=C([O-])c1cn(C2CC2)c2cc(N3CC[NH2+]CC3)c(F)cc2c1=O,2.1
263,Cisapride,COc1cc(N)c(Cl)cc1C(=O)NC1CC[NH+](CCCOc2ccc(F)cc2)CC1OC,1.2
265,Citalopram,C[NH+](C)CCCC1(c2ccc(F)cc2)OCc2cc(C#N)ccc21,12.0
266,Cladribine,Nc1nc(Cl)nc2c1ncn2C1CC(O)C(CO)O1,7.7
268,Clavulanic Acid,O=C([O-])C1/C(=C/CO)OC2CC(=O)N21,0.22
269,Clazosentan,COc1ccccc1Oc1c([N-]S(=O)(=O)c2ccc(C)cn2)nc(-c2ccnc(-c3nnn[n-]3)c2)nc1OCCO,0.23
270,Clentiazem,COc1ccc(C2Sc3cc(Cl)ccc3N(CC[NH+](C)C)C(=O)C2OC(C)=O)cc1,9.7
271,Clevidipine,CCCC(=O)OCOC(=O)C1=C(C)NC(C)=C(C(=O)OC)C1c1cccc(Cl)c1Cl,0.58
272,Clinafloxacin,[NH3+]C1CCN(c2c(F)cc3c(=O)c(C(=O)[O-])cn(C4CC4)c3c2Cl)C1,1.9
273,Clindamycin,CCCC1CC(C(=O)NC(C(C)Cl)C2OC(SC)C(O)C(O)C2O)[NH+](C)C1,0.79
274,Clodronate,O=P([O-])([O-])C(Cl)(Cl)P(=O)([O-])O,0.88
275,Clofarabine,Nc1nc(Cl)nc2c1ncn2C1OC(CO)C(O)C1F,1.75
276,Clomipramine,C[NH+](C)CCCN1c2ccccc2CCc2ccc(Cl)cc21,13.0
277,Clonazepam,O=C1CN=C(c2ccccc2Cl)c2cc([N+](=O)[O-])ccc2N1,2.9
278,Clonidine,Clc1cccc(Cl)c1NC1=[NH+]CCN1,3.3
279,Clozapine,C[NH+]1CCN(C2=Nc3cc(Cl)ccc3Nc3ccccc32)CC1,1.6
280,Cobimetinib,O=C(c1ccc(F)c(F)c1Nc1ccc(I)cc1F)N1CC(O)(C2CCCC[NH2+]2)C1,15.4
281,Cocaethylene,CCOC(=O)C1C(OC(=O)c2ccccc2)CC2CCC1[NH+]2C,1.6
282,Cocaine,COC(=O)C1C(OC(=O)c2ccccc2)CC2CCC1[NH+]2C,2.0
283,Codeine,COc1ccc2c3c1OC1C(O)C=CC4C(C2)[NH+](C)CCC341,3.5
284,Colchicine,COc1cc2c(c(OC)c1OC)-c1ccc(OC)c(=O)cc1C(NC(C)=O)CC2,6.1
285,Conivaptan,Cc1nc2c([nH]1)-c1ccccc1N(C(=O)c1ccc(NC(=O)c3ccccc3-c3ccccc3)cc1)CC2,0.76
286,Cotinine,CN1C(=O)CCC1c1cccnc1,1.1
287,Coumarin,O=c1ccc2ccccc2o1,1.1
288,CP-65207,CC(O)C1C(=O)N2C(C(=O)[O-])=C(SC3CCS(=O)C3)SC12,0.21
289,Cyanamide,N#CN,0.78
290,Cyclizine,C[NH+]1CCN(C(c2ccccc2)c2ccccc2)CC1,16.5
291,Cyclophosphamide,O=P1(N(CCCl)CCCl)[NH2+]CCCO1,0.73
293,CYT997,CCCC(Nc1nc(-c2ccc(NC(=O)NCC)c(OC)c2)ncc1C)c1cccnc1,3.41
294,Cytarabine,Nc1ccn(C2OC(CO)C(O)C2O)c(=O)n1,0.67
295,Dabigatran,Cn1c(CNc2ccc(C(N)=[NH2+])cc2)nc2cc(C(=O)N(CCC(=O)[O-])c3ccccn3)ccc21,0.85
296,Dacarbazine,CN(C)N=Nc1nc[nH]c1C(N)=O,1.2
297,Dacinostat.,O=C(/C=C/c1ccc(C[NH+](CCO)CCc2c[nH]c3ccccc23)cc1)NO,2.17
299,Dalfampridine,Nc1cc[nH+]cc1,2.6
300,Dalfopristin,CCN(CC)CCS(=O)(=O)C1CCN2C(=O)c3coc(n3)CC(=O)CC(O)/C=C(C)/C=C/CNC(=O)/C=C/C(C)C(C(C)C)OC(=O)C12,0.39
301,Dantrolene,O=C1CN(/N=C\c2ccc(-c3ccc([N+](=O)[O-])cc3)o2)C(=O)[N-]1,0.37
302,Danusertib,COC(C(=O)N1Cc2[nH]nc(NC(=O)c3ccc(N4CC[NH+](C)CC4)cc3)c2C1)c1ccccc1,2.5
303,Dapagliflozin,CCOc1ccc(Cc2cc(C3OC(CO)C(O)C(O)C3O)ccc2Cl)cc1,1.7
304,Dapsone,Nc1ccc(S(=O)(=O)c2ccc(N)cc2)cc1,0.83
306,Darapladib,CC[NH+](CC)CCN(Cc1ccc(-c2ccc(C(F)(F)F)cc2)cc1)C(=O)Cn1c(SCc2ccc(F)cc2)nc(=O)c2c1CCC2,11.9
307,Darifenacin,NC(=O)C(c1ccccc1)(c1ccccc1)C1CC[NH+](CCc2ccc3c(c2)CCO3)C1,2.6
308,Deacetyl metipranolol,Cc1cc(OCC(O)C[NH2+]C(C)C)c(C)c(C)c1O,3.6
309,Decitabine,Nc1ncn(C2CC(O)C(CO)O2)c(=O)n1,4.6
310,Deferasirox,O=C([O-])c1ccc(-n2nc(-c3ccccc3O)nc2-c2ccccc2O)cc1,0.2
313,Dehydroandrographolide succinate,C=C1CCC2C(C)(COC(=O)CCC(=O)[O-])C(OC(=O)CCC(=O)[O-])CCC2(C)C1/C=C/C1=CCOC1=O,0.13
314,Delorazepam (Chlordesmethyldiazepam),O=C1CN=C(c2ccccc2Cl)c2cc(Cl)ccc2N1,2.2
315,Demethylchlortetracycline,C[NH+](C)C1C([O-])=C(C(N)=O)C(=O)C2(O)C([O-])=C3C(=O)c4c(O)ccc(Cl)c4C(O)C3CC12,1.3
316,Denaverine,CCC(CC)COC(C(=O)OCC[NH+](C)C)(c1ccccc1)c1ccccc1,7.1
317,Deramciclane,C[NH+](C)CCOC1(c2ccccc2)CC2CCC1(C)C2(C)C,7.7
319,Desipramine,C[NH2+]CCCN1c2ccccc2CCc2ccccc21,15.0
320,Desmethyldiazepam,O=C1CN=C(c2ccccc2)c2cc(Cl)ccc2N1,0.45
322,Desvenlafaxine,C[NH+](C)CC(c1ccc(O)cc1)C1(O)CCCCC1,3.5
323,Dexamethasone,CC1CC2C3CCC4=CC(=O)C=CC4(C)C3(F)C(O)CC2(C)C1(O)C(=O)CO,0.94
324,Dexanabinol,CCCCCCC(C)(C)c1cc(O)c2c(c1)OC(C)(C)C1CC=C(CO)CC21,5.06
325,Dexfenfluramine,CC[NH2+]C(C)Cc1cccc(C(F)(F)F)c1,11.0
326,Dexloxiglumide,CCCCCN(CCCOC)C(=O)C(CCC(=O)[O-])NC(=O)c1ccc(Cl)c(Cl)c1,0.18
327,Dexmedetomidine,Cc1cccc(C(C)c2cnc[nH]2)c1C,1.6
328,Dexmethylphenidate,COC(=O)C(c1ccccc1)C1CCCC[NH2+]1,2.65
329,Dexniguldipine,COC(=O)C1=C(C)NC(C)=C(C(=O)OCCC[NH+]2CCC(c3ccccc3)(c3ccccc3)CC2)C1c1cccc([N+](=O)[O-])c1,8.4
330,Dexrazoxane,CC(CN1CC(=O)NC(=O)C1)N1CC(=O)NC(=O)C1,0.55
331,Dezocine,CC12CCCCCC(Cc3ccc(O)cc31)C2[NH3+],5.6
333,Diatrizoic Acid (Amidotrizoate),CC(=O)Nc1c(I)c(NC(C)=O)c(I)c(C(=O)[O-])c1I,0.26
334,Diazepam,CN1C(=O)CN=C(c2ccccc2)c2cc(Cl)ccc21,1.0
335,Diazoxide,CC1=NS(=O)(=O)c2cc(Cl)ccc2N1,0.21
336,Dibekacin,NC1CC(N)C(OC2OC(CO)C(O)C(N)C2O)C(O)C1OC1OC(C[NH3+])CCC1[NH3+],0.13
337,Dichloroacetic Acid,O=C([O-])C(Cl)Cl,0.19
338,Diclofenac,O=C([O-])Cc1ccccc1Nc1c(Cl)cccc1Cl,0.22
339,Dicloxacillin,Cc1onc(-c2c(Cl)cccc2Cl)c1C(=O)NC1C(=O)N2C1SC(C)(C)C2C(=O)[O-],0.11
340,Didanosine,O=c1[nH]cnc2c1ncn2C1CCC(CO)O1,0.77
341,Diflomotecan,CCC1(O)CC(=O)OCc2c1cc1n(c2=O)Cc2cc3cc(F)c(F)cc3nc2-1,1.42
342,Diflunisal,O=C([O-])c1cc(-c2ccc(F)cc2F)ccc1O,0.1
343,Digitoxin,CC1OC(OC2C(O)CC(OC3C(O)CC(OC4CCC5(C)C(CCC6C5CCC5(C)C(C7=CC(=O)OC7)CCC65O)C4)OC3C)OC2C)CC(O)C1O,0.44
344,Digoxin,CC1OC(OC2C(O)CC(OC3C(O)CC(OC4CCC5(C)C(CCC6C5CC(O)C5(C)C(C7=CC(=O)OC7)CCC65O)C4)OC3C)OC2C)CC(O)C1O,4.1
346,Dihydroquinidine,CCC1C[NH+]2CCC1CC2C(O)c1ccnc2ccc(OC)cc12,2.8
347,Dilevalol,CC(CCc1ccccc1)[NH2+]CC(O)c1ccc(O)c(C(N)=O)c1,4.8
348,Diltiazem,COc1ccc(C2Sc3ccccc3N(CC[NH+](C)C)C(=O)C2OC(C)=O)cc1,4.1
349,Dimetindene,C[C@H](C1=C(CC[NH+](C)C)Cc2ccccc21)c1ccccn1,2.16
350,Dinaciclib,CCc1cnn2c(NCc3ccc[n+]([O-])c3)cc(N3CCCCC3CCO)nc12,0.32
351,Diphenhydramine,C[NH+](C)CCOC(c1ccccc1)c1ccccc1,6.5
352,Diprafenone,CCC(C)(C)[NH2+]CC(O)COc1ccccc1C(=O)CCc1ccccc1,1.2
353,Diprophylline,Cn1c(=O)c2c(ncn2CC(O)CO)n(C)c1=O,0.42
354,Dipyridamole,OCCN(CCO)c1nc(N2CCCCC2)c2[nH+]c(N(CCO)CCO)nc(N3CCCCC3)c2n1,0.82
355,Disopyramide,CC(C)[NH+](CCC(C(N)=O)(c1ccccc1)c1ccccn1)C(C)C,0.52
356,Distigmine,CN(CCCCCCN(C)C(=O)Oc1ccc[n+](C)c1)C(=O)Oc1ccc[n+](C)c1,1.0
357,Disufenton sodium,CC(C)(C)/[N+]([O-])=C/c1ccc(S(=O)(=O)[O-])cc1S(=O)(=O)[O-],0.18
359,Dofetilide,C[NH+](CCOc1ccc(NS(C)(=O)=O)cc1)CCc1ccc(NS(C)(=O)=O)cc1,3.3
360,Dolasetron,O=C(OC1CC2CC3CC(C1)[NH+]2CC3=O)c1c[nH]c2ccccc12,2.0
361,Domperidone,O=c1[nH]c2ccccc2n1CCC[NH+]1CCC(n2c(=O)[nH]c3cc(Cl)ccc32)CC1,3.4
362,Dopamine,[NH3+]CCc1ccc(O)c(O)c1,0.74
363,Doripenem,CC(O)C1C(=O)N2C(C(=O)[O-])=C(SC3C[NH2+]C(CNS(N)(=O)=O)C3)C(C)C12,0.23
365,Doxapram,CCN1CC(CCN2CCOCC2)C(c2ccccc2)(c2ccccc2)C1=O,1.2
366,Doxazosin,COc1cc2nc(N3CCN(C(=O)C4COc5ccccc5O4)CC3)nc(N)c2cc1OC,1.3
367,Doxepin,C[NH+](C)CC/C=C1\c2ccccc2COc2ccccc21,12.0
368,Doxifluridine,CC1OC(n2cc(F)c(=O)[nH]c2=O)C(O)C1O,0.28
369,Doxofylline,Cn1c(=O)c2c(ncn2CC2OCCO2)n(C)c1=O,1.03
370,Doxorubicin,COc1cccc2c1C(=O)c1c(O)c3c(c(O)c1C2=O)CC(O)(C(=O)CO)CC3OC1CC([NH3+])C(O)C(C)O1,22.0
371,Doxycycline,CC1c2cccc(O)c2C(=O)C2=C(O)C3(O)C(=O)C(C(N)=O)=C([O-])C([NH+](C)C)C3C(O)C21,0.69
372,DP-b99,CCCCCCCCOCCOC(=O)CN(CC(=O)[O-])c1ccccc1OCCOc1ccccc1[NH+](CC(=O)[O-])CC(=O)OCCOCCCCCCCC,1.1
373,DQ-2556,CO/N=C(/C(=O)N[C@@H]1C(=O)N2C(C(=O)[O-])=C(C[n+]3ccc(-c4cnco4)cc3)CS[C@H]12)c1csc(N)n1,0.22
374,Dronedarone,CCCCc1oc2ccc([N-]S(C)(=O)=O)cc2c1C(=O)c1ccc(OCCC[NH+](CCCC)CCCC)cc1,20.0
375,Droperidol,O=C(CCC[NH+]1CC=C(n2c(=O)[nH]c3ccccc32)CC1)c1ccc(F)cc1,1.41
376,Drotaverine,CCOc1ccc(/C=C2\NCCc3cc(OCC)c(OCC)cc32)cc1OCC,1.9
377,DX-52-1,COc1cccc2c1C(CO)N1C(C#N)C3CC(C(=O)[O-])C(C1C2)N3C,0.23
378,DX9065a,CC(=[NH2+])N1CCC(Oc2ccc(C(Cc3ccc4ccc(C(N)=[NH2+])cc4c3)C(=O)[O-])cc2)C1,1.55
380,E7107,CCC(O)C(C)C1OC1CC(C)(O)/C=C\C=C(/C)C1OC(=O)CC(O)CCC(C)(O)C(OC(=O)N2CC[NH+](C3CCCCCC3)CC2)/C=C/C1C,10.1
381,E7974,C/C(=C\C(C(C)C)N(C)C(=O)C(NC(=O)C1CCCCN1C(C)C)C(C)(C)C)C(=O)[O-],1.26
382,Edaravone,CC1=NN(c2ccccc2)C(=O)C1,0.23
383,Edrophonium,CC[N+](C)(C)c1cccc(O)c1,1.1
384,Eletriptan,C[NH+]1CCCC1Cc1c[nH]c2ccc(CCS(=O)(=O)c3ccccc3)cc12,1.6
385,Elinafide,O=C1c2cccc3cccc(c23)C(=O)N1CCNCCCNCCN1C(=O)c2cccc3cccc(c23)C1=O,12.0
386,Eltanolone,CC(=O)C1CCC2C3CCC4CC(O)CCC4(C)C3CCC12C,2.0
387,Eltoprazine,c1cc2c(c(N3CC[NH2+]CC3)c1)OCCO2,3.6
388,Enalaprilat,CC([NH2+]C(CCc1ccccc1)C(=O)[O-])C(=O)N1CCCC1C(=O)[O-],0.38
389,Enalkiren,COc1ccc(CC(NC(=O)CC(C)(C)[NH3+])C(=O)NC(Cc2c[nH+]c[nH]2)C(=O)NC(CC2CCCCC2)C(O)C(O)CC(C)C)cc1,7.5
390,Encainide,COc1ccc(C(=O)Nc2ccccc2CCC2CCCC[NH+]2C)cc1,2.2
391,Endralazine,[NH3+][NH+]=c1cc2c(n[nH]1)CCN(C(=O)c1ccccc1)C2,2.2
392,Eniporide,Cc1cc(-n2cccc2)c(S(C)(=O)=O)cc1C(=O)NC(=N)N,1.1
393,Enoxacin,CCn1cc(C(=O)[O-])c(=O)c2cc(F)c(N3CC[NH2+]CC3)nc21,2.0
394,Enoximone,CSc1ccc(C(=O)c2[nH]c(=O)[nH]c2C)cc1,1.39
395,Enprofylline,CCCn1c(=O)[n-]c(=O)c2nc[nH]c21,0.63
396,Entacapone,CCN(CC)C(=O)/C(C#N)=C/c1cc(O)c([O-])c([N+](=O)[O-])c1,0.27
397,Epiroprim,CCOc1cc(Cc2cnc(N)nc2N)cc(OCC)c1-n1cccc1,2.5
398,Epirubicin,COc1cccc2c1C(=O)c1c(O)c3c(c(O)c1C2=O)CC(O)(C(=O)CO)CC3OC1CC([NH3+])C(O)C(C)O1,45.0
399,Epristeride,CC(C)(C)NC(=O)C1CCC2C3CC=C4C=C(C(=O)[O-])CCC4(C)C3CCC12C,0.54
400,Eprosartan,CCCCc1ncc(/C=C(/Cc2cccs2)C(=O)[O-])n1Cc1ccc(C(=O)[O-])cc1,0.17
401,Eptaloprost,CCC#CCC(C)C(O)C#CC1C(O)CC2C/C(=C\COCCCC(=O)[O-])CC21,2.4
403,Eravacycline,C[NH+](C)C1C([O-])=C(C(N)=O)C(=O)C2(O)C(O)=C3C(=O)c4c(O)c(NC(=O)C[NH+]5CCCC5)cc(F)c4CC3CC12,2.3
404,Ergotamine,CN1CC(C(=O)NC2(C)OC3(O)C4CCCN4C(=O)C(Cc4ccccc4)N3C2=O)C=C2c3cccc4[nH]cc(c34)CC21,3.6
405,Eribulin,C=C1CC2CCC34CC5OC6C(OC7CCC(CC(=O)CC8C(CC9OC(CCC1O2)CC(C)C9=C)OC(CC(O)C[NH3+])C8OC)OC7C6O3)C5O4,1.46
407,Erlotinib,C#Cc1cccc(Nc2ncnc3cc(OCCOC)c(OCCOC)cc23)c1,0.77
408,Ertapenem,CC(O)C1C(=O)N2C(C(=O)[O-])=C(SC3CNC(C(=O)Nc4cccc(C(=O)[O-])c4)C3)C(C)C12,0.12
412,Esmolol,COC(=O)CCc1ccc(OCC(O)C[NH2+]C(C)C)cc1,1.2
413,Esomeprazole,COc1ccc2nc(S(=O)Cc3ncc(C)c(OC)c3C)[nH]c2c1,0.2
414,Estradiol,CC12CCC3c4ccc(O)cc4CCC3C1CCC2O,1.2
415,Estramustine phosphate,CC12CCC3c4ccc(OC(=O)N(CCCl)CCCl)cc4CCC3C1CCC2OP(=O)([O-])[O-],0.12
416,Ethacrynic Acid,C=C(CC)C(=O)c1ccc(OCC(=O)[O-])c(Cl)c1Cl,0.26
417,Ethambutol,CCC(CO)NCC[NH2+]C(CC)CO,1.7
418,Ethimizol,CCn1cnc(C(=O)NC)c1C(=O)NC,0.73
419,Ethinylestradiol,C#CC1(O)CCC2C3CCc4cc(O)ccc4C3CCC21C,4.3
420,Ethinylestradiol-17-Sulfate,C#CC1(OS(=O)(=O)[O-])CCC2C3CCc4cc(O)ccc4C3CCC21C,0.61
421,Ethinylestradiol-3-Sulfate,C#CC1(O)CCC2C3CCc4cc(OS(=O)(=O)[O-])ccc4C3CCC21C,2.3
422,Etilefrine,CC[NH2+]CC(O)c1cccc(O)c1,2.1
423,Etomidate,CCOC(=O)c1cncn1C(C)c1ccccc1,2.7
424,Etonogestrel,C#CC1(O)CCC2C3CCC4=CC(=O)CCC4C3C(=C)CC21CC,2.87
425,Etoposide,COc1cc(C2c3cc4c(cc3C(OC3OC5COC(C)OC5C(O)C3O)C3COC(=O)C23)OCO4)cc(OC)c1O,0.18
426,Etoricoxib,Cc1ccc(-c2ncc(Cl)cc2-c2ccc(S(C)(=O)=O)cc2)cn1,1.5
427,Exatecan (acid),CCC(O)(C(=O)[O-])c1cc2n(c(=O)c1CO)Cc1c-2nc2cc(F)c(C)c3c2c1C([NH3+])CC3,0.44
428,Ezogabine,CCOC(=O)Nc1ccc(NCc2ccc(F)cc2)cc1N,2.5
430,Falipamil,COc1ccc(CC[NH+](C)CCCN2Cc3cc(OC)c(OC)cc3C2=O)cc1OC,2.4
431,Famotidine,N=C(N)Nc1nc(CSCCC(=N)NS(N)(=O)=O)cs1,1.2
432,Faropenem,CC(O)C1C(=O)N2C(C(=O)[O-])=C(C3CCCO3)SC12,0.18
433,Felodipine,CCOC(=O)C1=C(C)NC(C)=C(C(=O)OC)C1c1cccc(Cl)c1Cl,4.4
434,Fenoldopam,Oc1ccc(C2C[NH2+]CCc3c2cc(O)c(O)c3Cl)cc1,0.5
435,Fenoprofen,CC(C(=O)[O-])c1cccc(Oc2ccccc2)c1,0.1
436,Fenoterol,CC(Cc1ccc(O)cc1)[NH2+]CC(O)c1cc(O)cc(O)c1,1.2
437,Fenoximone,CSc1ccc(C(=O)c2[nH]c(=O)[nH]c2C)cc1,1.8
438,Fenspiride,O=C1NCC2(CC[NH+](CCc3ccccc3)CC2)O1,3.0
439,Fentanyl,CCC(=O)N(c1ccccc1)C1CC[NH+](CCc2ccccc2)CC1,0.89
440,Finasteride,CC(C)(C)NC(=O)C1CCC2C3CCC4NC(=O)C=CC4(C)C3CCC12C,1.1
441,Fingolimod,CCCCCCCCc1ccc(CCC([NH3+])(CO)CO)cc1,17.3
442,Flavopiridol,C[NH+]1CCC(c2c([O-])cc(O)c3c(=O)cc(-c4ccccc4Cl)oc23)C(O)C1,1.5
443,Flecainide,O=C(NCC1CCCC[NH2+]1)c1cc(OCC(F)(F)F)ccc1OCC(F)(F)F,6.1
444,Fleroxacin,C[NH+]1CCN(c2c(F)cc3c(=O)c(C(=O)[O-])cn(CCF)c3c2F)CC1,1.6
445,Flomoxef,CO[C@@]1(NC(=O)CSC(F)F)C(=O)N2C(C(=O)[O-])=C(CSc3nnnn3CCO)CO[C@@H]21,0.19
446,Flucloxacillin,Cc1onc(-c2c(F)cccc2Cl)c1C(=O)NC1C(=O)N2C1SC(C)(C)C2C(=O)[O-],0.19
447,Fluconazole,OC(Cn1cncn1)(Cn1cncn1)c1ccc(F)cc1F,0.75
448,Flucytosine,Nc1[nH]c(=O)ncc1F,0.68
449,Fludarabine,Nc1nc(F)nc2c1ncn2C1OC(CO)C(O)C1O,2.2
450,Flumazenil,CCOC(=O)c1ncn2c1CN(C)C(=O)c1cc(F)ccc1-2,0.8
451,Flunisolide,CC1(C)OC2CC3C4CC(F)C5=CC(=O)C=CC5(C)C4C(O)CC3(C)C2(C(=O)CO)O1,1.08
452,Flunitrazepam,CN1C(=O)CN=C(c2ccccc2F)c2cc([N+](=O)[O-])ccc21,1.9
453,Fluorescein,O=C1OC2(c3ccc(O)cc3Oc3cc(O)ccc32)c2ccccc21,0.14
454,"Fluorouracil, 5-",O=c1[nH]cc(F)c(=O)[nH]1,0.23
455,Fluphenazine,OCC[NH+]1CCN(CCCN2c3ccccc3Sc3ccc(C(F)(F)F)cc32)CC1,2.9
456,Flupirtine,CCOC(=O)Nc1ccc(NCc2ccc(F)cc2)[nH+]c1N,1.1
457,Fluticasone furoate,CC1CC2C3CC(F)C4=CC(=O)C=CC4(C)C3(F)C(O)CC2(C)C1(OC(=O)c1ccco1)C(=O)SCF,4.95
458,Fluticasone propionate,CCC(=O)OC1(C(=O)SCF)C(C)CC2C3CC(F)C4=CC(=O)C=CC4(C)C3(F)C(O)CC21C,3.6
459,Fluvastatin,CC(C)n1c(/C=C/C(O)CC(O)CC(=O)[O-])c(-c2ccc(F)cc2)c2ccccc21,0.42
460,Folinic acid,Nc1nc(=O)c2c([nH]1)NCC(CNc1ccc(C(=O)NC(CCC(=O)[O-])C(=O)[O-])cc1)N2C=O,0.25
461,Fosaprepitant,CC(OC1OCCN(Cc2nn(P(=O)([O-])[O-])c(=O)[nH]2)C1c1ccc(F)cc1)c1cc(C(F)(F)F)cc(C(F)(F)F)c1,0.07
462,Foscarnet,O=C([O-])P(=O)([O-])[O-],0.5
463,Fosfluconazole,O=P([O-])([O-])OC(Cn1cncn1)(Cn1cncn1)c1ccc(F)cc1F,0.15
464,Fosfomycin,CC1OC1P(=O)([O-])[O-],0.32
465,Fosinoprilat,O=C([O-])C1CC(C2CCCCC2)CN1C(=O)CP(=O)([O-])CCCCc1ccccc1,0.13
466,Fosphenytoin,O=C1NC(c2ccccc2)(c2ccccc2)C(=O)N1COP(=O)([O-])[O-],0.06
467,Fostriecin,CC(O)(/C=C/C1CC=CC(=O)O1)C(CC(O)/C=C/C=C/C=C/CO)OP(=O)([O-])O,0.09
468,Fotemustin,CCOP(=O)(OCC)[C@H](C)NC(=O)N(CCCl)N=O,0.62
469,Frovatriptan,C[NH2+]C1CCc2[nH]c3ccc(C(N)=O)cc3c2C1,3.6
470,Fulvestrant,CC12CCC3c4ccc(O)cc4CC(CCCCCCCCCS(=O)CCCC(F)(F)C(F)(F)F)C3C1CCC2O,4.15
471,Furosemide,NS(=O)(=O)c1cc(C(=O)[O-])c(NCc2ccco2)cc1Cl,0.12
472,Fusidate sodium,CC(=O)OC1CC2(C)C(CC(O)C3C4(C)CCC(O)C(C)C4CCC32C)/C1=C(\CCC=C(C)C)C(=O)[O-],0.23
473,Gabapentin,[NH3+]CC1(CC(=O)[O-])CCCCC1,0.71
474,Galanthamine,COc1ccc2c3c1OC1CC(O)C=CC31CC[NH+](C)C2,2.3
475,Gallopamil,COc1ccc(CC[NH+](C)CCCC(C#N)(c2cc(OC)c(OC)c(OC)c2)C(C)C)cc1OC,1.75
476,Gambogic acid,CC(C)=CCCC1(C)C=Cc2c(O)c3c(c(CC=C(C)C)c2O1)OC12C(=CC4CC1C(C)(C)OC2(C/C=C(/C)C(=O)[O-])C4=O)C3=O,0.99
477,Ganciclovir,Nc1nc2c(ncn2COC(CO)CO)c(=O)[nH]1,1.0
478,Garenoxacin,CC1[NH2+]Cc2cc(-c3ccc4c(=O)c(C(=O)[O-])cn(C5CC5)c4c3OC(F)F)ccc21,1.0
479,Gatifloxacin,COc1c(N2CC[NH2+]C(C)C2)c(F)cc2c(=O)c(C(=O)[O-])cn(C3CC3)c12,1.7
480,Gavestinel,O=C(/C=C/c1c(C(=O)[O-])[nH]c2cc(Cl)cc(Cl)c12)Nc1ccccc1,0.12
481,Gefitinib,COc1cc2ncnc(Nc3ccc(F)c(Cl)c3)c2cc1OCCC[NH+]1CCOCC1,23.0
482,Gemcitabine,Nc1ccn(C2OC(CO)C(O)C2(F)F)c(=O)n1,1.5
483,Gemifloxacin,CO/N=C1/CN(c2nc3c(cc2F)c(=O)c(C(=O)[O-])cn3C2CC2)CC1C[NH3+],3.52
484,Genaconazole,CC(C(O)(Cn1cncn1)c1ccc(F)cc1F)S(C)(=O)=O,0.62
485,Gentamicin,C[NH2+]C(C)C1CCC(N)C(OC2C(N)CC(N)C(OC3OCC(C)(O)C([NH2+]C)C3O)C2O)O1,0.33
486,Gestodene,C#CC1(O)C=CC2C3CCC4=CC(=O)CCC4C3CCC21CC,0.46
488,Ginkgolide A,CC1C(=O)OC2CC34C5CC(C(C)(C)C)C36C(OC(=O)C6O)OC4(C(=O)O5)C21O,0.62
489,Ginkgolide B,CC1C(=O)OC2C(O)C34C5CC(C(C)(C)C)C36C(OC(=O)C6O)OC4(C(=O)O5)C12O,0.91
491,Gisadenafil,CCOc1ncc(S(=O)(=O)N2CC[NH+](CC)CC2)cc1-c1nc(=O)c2nn(CCOC)c(CC)c2[n-]1,2.4
492,Gliclazide,Cc1ccc(S(=O)(=O)[N-]C(=O)NN2CC3CCCC3C2)cc1,0.43
493,Glimepiride,CCC1=C(C)CN(C(=O)NCCc2ccc(S(=O)(=O)[N-]C(=O)NC3CCC(C)CC3)cc2)C1=O,0.19
494,Glipizide,Cc1cnc(C(=O)NCCc2ccc(S(=O)(=O)[N-]C(=O)NC3CCCCC3)cc2)cn1,0.16
495,Gludopa,[NH3+]C(CCC(=O)NC(Cc1ccc(O)c(O)c1)C(=O)[O-])C(=O)[O-],0.21
496,Glufosfamide,O=P(NCCCl)(NCCCl)OC1OC(CO)C(O)C(O)C1O,0.24
497,Glyburide,COc1ccc(Cl)cc1C(=O)NCCc1ccc(S(=O)(=O)[N-]C(=O)NC2CCCCC2)cc1,0.08
498,Glycopyrrolate bromide,C[N+]1(C)CCC(OC(=O)C(O)(c2ccccc2)C2CCCC2)C1,0.37
500,Granisetron,Cn1nc(C(=O)NC2CC3CCCC(C2)[NH+]3C)c2ccccc21,3.7
501,GSK1322322,Cc1nc(N2CCN3CCOCC3C2)c(F)c(NNC(=O)C(CC2CCCC2)CN(O)C=O)[nH+]1,0.75
502,GSK2239633,COc1cccc2c1c([N-]S(=O)(=O)c1ccc(Cl)s1)nn2Cc1cccc(CNC(=O)C(C)(C)O)c1,1.65
503,GSK2251052,[NH3+]CC1OB(O)c2c(OCCCO)cccc21,2.37
504,GSK269984A,O=C([O-])c1cccc(Cc2cc(Cl)ccc2OCc2ccc(Cl)cc2F)n1,0.77
505,GSK461364,CC(Oc1cc(-n2cnc3ccc(CN4CC[NH+](C)CC4)cc32)sc1C(N)=O)c1ccccc1C(F)(F)F,12.0
506,Guanfacine,NC(=[NH2+])NC(=O)Cc1c(Cl)cccc1Cl,5.6
507,Haloperidol,O=C(CCC[NH+]1CCC(O)(c2ccc(Cl)cc2)CC1)c1ccc(F)cc1,17.0
508,Heroin,CC(=O)Oc1ccc2c3c1OC1C(OC(C)=O)C=CC4C(C2)[NH+](C)CCC341,1.31
509,Hexobarbital,CN1C(=O)NC(=O)C(C)(C2=CCCCC2)C1=O,1.1
510,Homoharringtonine,COC(=O)CC(O)(CCCC(C)(C)O)C(=O)OC1C(OC)=CC23CCC[NH+]2CCc2cc4c(cc2C13)OCO4,1.8
511,Hydralazine,N[NH+]=c1[nH]ncc2ccccc12,1.5
512,Hydrocortisone,CC12CCC(=O)C=C1CCC1C2C(O)CC2(C)C1CCC2(O)C(=O)CO,0.38
513,Hydroflumethiazide,NS(=O)(=O)c1cc2c(cc1C(F)(F)F)NCNS2(=O)=O,2.2
514,Hydromorphone,C[NH+]1CCC23c4c5ccc(O)c4OC2C(=O)CCC3C1C5,4.3
515,Hydroxychloroquine,CC[NH+](CCO)CCCC(C)Nc1cc[nH+]c2cc(Cl)ccc12,700.0
516,"Hydroxycotinine, 3'-",CN1C(=O)C([O-])CC1c1cccnc1,0.85
517,"Hydroxydihydroquinidine, 3(S)-",CCC1(O)C[NH+]2CCC1CC2C(O)c1ccnc2ccc(OC)cc12,6.8
518,"Hydroxyimipramine, 2-",C[NH+](C)CCCN1c2ccccc2CCc2cc(O)ccc21,6.6
519,Hydroxymidazolam,OCc1ncc2n1-c1ccc(Cl)cc1C(c1ccccc1F)=NC2,0.77
520,Hydroxysafflor yellow A,O=C1C(C2OC(CO)C(O)C(O)C2O)=C([O-])/C(=C([O-])/C=C/c2ccc(O)cc2)C(=O)C1(O)C1OC(CO)C(O)C(O)C1O,0.2
521,"Hydroxystaurosporine, 7-",C[NH2+]C1CC2OC(C)(C1OC)n1c3ccccc3c3c4c(c5c6ccccc6n2c5c31)C(=O)NC4O,0.15
522,Hydroxyurea,NC(=O)NO,0.52
523,Hypericin,Cc1cc(O)c2c(=O)c3c(O)cc([O-])c4c5c([O-])cc(O)c6c(=O)c7c(O)cc(C)c8c1c2c(c34)c(c78)c65,0.25
524,Ibandronic Acid (Ibandronate),CCCCC[NH+](C)CCC(O)(P(=O)([O-])[O-])P(=O)([O-])O,0.55
525,Ibrutinib,C=CC(=O)N1CCCC(n2nc(-c3ccc(Oc4ccccc4)cc3)c3c(N)ncnc32)C1,9.75
526,Ibuprofen,CC(C)Cc1ccc(C(C)C(=O)[O-])cc1,0.15
527,Ibutilide,CCCCCCC[NH+](CC)CCCC(O)c1ccc(NS(C)(=O)=O)cc1,12.0
528,Idarubicin,CC(=O)C1(O)Cc2c(O)c3c(c(O)c2C(OC2CC([NH3+])C(O)C(C)O2)C1)C(=O)c1ccccc1C3=O,38.0
529,Idazoxan,c1ccc2c(c1)OCC(C1=[NH+]CCN1)O2,3.3
530,Idrocilamide,O=C(/C=C/c1ccccc1)NCCO,0.11
531,IDX899,COP(=O)(c1cc(C)cc(/C=C/C#N)c1)c1c(C(N)=O)[nH]c2ccc(Cl)cc12,0.56
532,IDX989,COP(=O)(c1cc(C)cc(/C=C\C#N)c1)c1c(C(N)=O)[nH]c2ccc(Cl)c(F)c12,0.97
533,Ifetroban,CCCCCNC(=O)c1coc(C2C3CCC(O3)C2Cc2ccccc2CCC(=O)[O-])n1,4.4
534,Ifosfamide,O=P1(NCCCl)OCCCN1CCCl,0.62
535,Iloprost,CC#CCC(C)C(O)/C=C/C1C(O)CC2C/C(=C/CCCC(=O)[O-])CC21,0.37
536,Imatinib,Cc1ccc(NC(=O)c2ccc(CN3CC[NH+](C)CC3)cc2)cc1Nc1nccc(-c2cccnc2)n1,3.9
537,Imidafenacin,Cc1nccn1CCC(C(N)=O)(c1ccccc1)c1ccccc1,1.51
538,Imipenem,CC(O)C1C(=O)N2C(C(=O)[O-])=C(SCCNC=[NH2+])CC12,0.24
539,Imipramine,C[NH+](C)CCCN1c2ccccc2CCc2ccccc21,12.0
540,Imipramine N-oxide,C[N+](C)([O-])CCCN1c2ccccc2CCc2ccccc21,1.9
541,Indacaterol,CCc1cc2c(cc1CC)CC([NH2+]CC(O)c1ccc(O)c3[nH]c(=O)ccc13)C2,19.4
542,Indinavir,CC(C)(C)NC(=O)C1CN(Cc2cccnc2)CCN1CC(O)CC(Cc1ccccc1)C(=O)NC1c2ccccc2CC1O,0.82
543,Indisulam,NS(=O)(=O)c1ccc(S(=O)(=O)Nc2cccc3c(Cl)c[nH]c23)cc1,0.68
545,Indomethacin,COc1ccc2c(c1)c(CC(=O)[O-])c(C)n2C(=O)c1ccc(Cl)cc1,0.1
546,Indoramin,O=C(NC1CC[NH+](CCc2c[nH]c3ccccc23)CC1)c1ccccc1,4.9
547,INO-1001,NC(=O)c1cccc(N)c1,1.9
548,Inogatran,NC(=[NH2+])NCCCNC(=O)C1CCCCN1C(=O)C(CC1CCCCC1)[NH2+]CC(=O)[O-],0.26
549,Intoplicine,Cc1c[nH+]c(NCCC[NH+](C)C)c2c1[nH]c1ccc3cc(O)ccc3c12,11.0
551,Iododoxorubicin,COc1cccc2c1C(=O)c1c(O)c3c(c(O)c1C2=O)CC(O)(C(=O)CO)CC3OC1CC([NH3+])C(I)C(C)O1,53.6
552,Iohexol,CC(=O)N(CC(O)CO)c1c(I)c(C(=O)NCC(O)CO)c(I)c(C(=O)NCC(O)CO)c1I,0.16
553,Iomeprol,CN(C(=O)CO)c1c(I)c(C(=O)NCC(O)CO)c(I)c(C(=O)NCC(O)CO)c1I,0.23
554,Iopamidol,CC(O)C(=O)Nc1c(I)c(C(=O)NC(CO)CO)c(I)c(C(=O)NC(CO)CO)c1I,0.28
555,Iopromide,COCC(=O)Nc1c(I)c(C(=O)NCC(O)CO)c(I)c(C(=O)N(C)CC(O)CO)c1I,0.22
556,Iothalamic acid (Iothalamate),CNC(=O)c1c(I)c(NC(C)=O)c(I)c(C(=O)[O-])c1I,0.17
557,Ipratropium,CC(C)[N+]1(C)C2CCC1CC(OC(=O)C(CO)c1ccccc1)C2,5.1
558,Irbesartan,CCCCC1=NC2(CCCC2)C(=O)N1Cc1ccc(-c2ccccc2-c2nnn[n-]2)cc1,0.94
559,Irinotecan,CCc1c2c(nc3ccc(OC(=O)N4CCC([NH+]5CCCCC5)CC4)cc13)-c1cc3c(c(=O)n1C2)COC(=O)C3(O)CC,3.5
560,Irofulven,CC1=C(CO)C2=C(C)C3(CC3)C(C)(O)C(=O)C2=C1,3.1
561,Isavuconazole,CC(c1nc(-c2ccc(C#N)cc2)cs1)C(O)(Cn1cncn1)c1cc(F)ccc1F,5.37
562,Isepamicin,C[NH2+]C1C(O)C(OC2C(NC(=O)C(O)C[NH3+])CC(N)C(OC3OC(C[NH3+])C(O)C(O)C3O)C2O)OCC1(C)O,0.32
564,Isomazole,COc1cc(S(C)=O)ccc1-c1nc2ccncc2[nH]1,1.67
565,Isoniazide,NNC(=O)c1ccncc1,0.82
566,Isoproterenol,CC(C)[NH2+]CC(O)c1ccc(O)c(O)c1,1.5
567,Isosorbide Dinitrate,O=[N+]([O-])OC1COC2C(O[N+](=O)[O-])COC12,1.9
568,Isosorbide-2-Mononitrate,O=[N+]([O-])OC1COC2C(O)COC12,0.86
569,Isosorbide-5-Mononitrate,O=[N+]([O-])OC1COC2C(O)COC12,0.7
570,Isoxicam,Cc1cc(NC(=O)C2=C([O-])c3ccccc3S(=O)(=O)N2C)no1,0.19
571,Isradipine,COC(=O)C1=C(C)NC(C)=C(C(=O)OC(C)C)C1c1cccc2nonc12,1.5
572,Itraconazole,CCC(C)n1ncn(-c2ccc(N3CCN(c4ccc(OCC5COC(Cn6cncn6)(c6ccc(Cl)cc6Cl)O5)cc4)CC3)cc2)c1=O,7.4
573,Ivabradine,COc1cc2c(cc1OC)CC(=O)N(CCC[NH+](C)CC1Cc3cc(OC)c(OC)cc31)CC2,1.66
574,IVL745,COc1cc(CC(=O)NCC(=O)N(CCC(=O)[O-])Cc2ccc(OC)c(OC)c2)ccc1NC(=O)Nc1ccccc1C,0.25
575,Ixabepilone,C/C(=C\c1csc(C)n1)C1CC2OC2(C)CCCC(C)C(O)C(C)C(=O)C(C)(C)C(O)CC(=O)N1,11.0
576,Ixazomib,CC(C)CC(NC(=O)CNC(=O)c1cc(Cl)ccc1Cl)B(O)O,3.61
578,Kanamycin,NC1CC([NH3+])C(OC2OC(C[NH3+])C(O)C(O)C2O)C(O)C1OC1OC(CO)C(O)C(N)C1O,0.26
579,Ketamine,C[NH2+]C1(c2ccccc2Cl)CCCCC1=O,2.9
580,Ketanserin,O=C(c1ccc(F)cc1)C1CC[NH+](CCn2c(=O)[nH]c3ccccc3c2=O)CC1,3.9
581,Ketobemidone,CCC(=O)C1(c2cccc(O)c2)CC[NH+](C)CC1,0.48
582,Ketoprofen,CC(C(=O)[O-])c1cccc(C(=O)c2ccccc2)c1,0.13
583,Ketorolac,O=C(c1ccccc1)c1ccc2n1CCC2C(=O)[O-],0.11
584,KNI-272,CSCC(NC(=O)COc1cccc2cnccc12)C(=O)NC(Cc1ccccc1)C(O)C(=O)N1CSCC1C(=O)NC(C)(C)C,0.11
585,KRN-5500,CCCCCCCCC/C=C/C=C/C(=O)NCC(=O)NC1C(O)C(O)C(Nc2[nH]cnc3ncnc2-3)OC1C(O)CO,0.17
586,KRN8602,CCC1(O)CC(OC2CC(N3CCOCC3)C(O)C(C)O2)c2c(O)c3c(c(O)c2C1O)C(=O)c1cccc(O)c1C3=O,20.9
587,KW-2170,[NH3+]CCCNc1ccc2c(C[NH2+]CCO)nn3c4c(O)ccc(O)c4c(=O)c1c23,12.0
588,L-692429,CC(C)([NH3+])CC(=O)NC1CCc2ccccc2N(Cc2ccc(-c3ccccc3-c3nnn[n-]3)cc2)C1=O,0.2
589,"L-778,123",N#Cc1ccc(Cn2cncc2CN2CCN(c3cccc(Cl)c3)C(=O)C2)cc1,0.8
590,Labetalol,CC(CCc1ccccc1)[NH2+]CC(O)c1ccc(O)c(C(N)=O)c1,4.8
591,Lacosamide,COCC(NC(C)=O)C(=O)NCc1ccccc1,0.58
592,Lamifiban,NC(=[NH2+])c1ccc(C(=O)NC(Cc2ccc(O)cc2)C(=O)N2CCC(OCC(=O)[O-])CC2)cc1,0.29
593,Lamivudine,Nc1ccn(C2CSC(CO)O2)c(=O)n1,1.3
594,Laniquidar,COC(=O)c1cnc2n1CCc1ccccc1C2=C1CC[NH+](CCc2ccc(OCc3ccc4ccccc4n3)cc2)CC1,6.03
596,Lansoprazole,Cc1c(OCC(F)(F)F)ccnc1CS(=O)c1nc2ccccc2[nH]1,0.28
597,Laromustine,CNC(=O)N(N(CCCl)S(C)(=O)=O)S(C)(=O)=O,0.88
599,Leflunomide metabolite (A 771726),C/C([O-])=C(/C#N)C(=O)Nc1ccc(C(F)(F)F)cc1,0.13
600,Lenapenem,C[NH2+]CC[C@@H](O)[C@@H]1C[C@H](SC2=C(C(=O)[O-])N3C(=O)[C@H]([C@@H](C)O)[C@H]3[C@H]2C)CN1,0.22
601,Letrozole,N#Cc1ccc(C(c2ccc(C#N)cc2)n2cncn2)cc1,1.9
603,Levobupivacaine,CCCC[NH+]1CCCCC1C(=O)Nc1c(C)cccc1C,0.49
604,Levocabastine,CC1C[NH+](C2CCC(C#N)(c3ccc(F)cc3)CC2)CCC1(C(=O)[O-])c1ccccc1,1.17
605,Levodopa,[NH3+]C(Cc1ccc(O)c(O)c1)C(=O)[O-],1.7
606,Levofloxacin,CC1COc2c(N3CC[NH+](C)CC3)c(F)cc3c(=O)c(C(=O)[O-])cn1c23,1.2
607,Levoleucovorin,Nc1nc(=O)c2c([nH]1)NCC(CNc1ccc(C(=O)NC(CCC(=O)[O-])C(=O)[O-])cc1)N2C=O,0.27
608,Levomepromazine,COc1ccc2c(c1)N(CC(C)C[NH+](C)C)c1ccccc1S2,12.0
609,Levonorgestrel,C#CC1(O)CCC2C3CCC4=CC(=O)CCC4C3CCC21CC,1.5
610,Levoprotiline,C[NH2+]CC(O)CC12CCC(c3ccccc31)c1ccccc12,18.8
611,Levorphanol,C[NH+]1CCC23CCCCC2C1Cc1ccc(O)cc13,11.5
612,Levosimendan,CC1CC(=O)NN=C1c1ccc([N-]N=C(C#N)C#N)cc1,0.24
613,Libenzapril,[NH3+]CCCCC(NC1CCc2ccccc2N(CC(=O)[O-])C1=O)C(=O)[O-],1.98
614,Licarbazepine,NC(=O)N1c2ccccc2CC(O)c2ccccc21,0.72
615,Lidocaine,CC[NH+](CC)CC(=O)Nc1c(C)cccc1C,1.8
616,Linagliptin,CC#CCn1c(N2CCCC([NH3+])C2)nc2c1c(=O)n(Cc1nc(C)c3ccccc3n1)c(=O)n2C,16.0
617,Lincomycin,CCCC1CC(C(=O)NC(C(C)O)C2OC(SC)C(O)C(O)C2O)[NH+](C)C1,1.0
618,Linezolid,CC(=O)NCC1CN(c2ccc(N3CCOCC3)c(F)c2)C(=O)O1,0.58
619,Lisdexamfetamine,CC(Cc1ccccc1)NC(=O)C([NH3+])CCCC[NH3+],0.6
620,Lisinopril,[NH3+]CCCCC(NC(CCc1ccccc1)C(=O)[O-])C(=O)N1CCCC1C(=O)[O-],0.89
621,Lisuride,CCN(CC)C(=O)N[C@H]1C=C2c3cccc4[nH]cc(c34)C[C@H]2N(C)C1,1.73
622,Lomefloxacin,CCn1cc(C(=O)[O-])c(=O)c2cc(F)c(N3CC[NH2+]C(C)C3)c(F)c21,2.04
623,Lomitapide,O=C(NC1CC[NH+](CCCCC2(C(=O)NCC(F)(F)F)c3ccccc3-c3ccccc32)CC1)c1ccccc1-c1ccc(C(F)(F)F)cc1,16.3
624,Lorazepam,O=C1Nc2ccc(Cl)cc2C(c2ccccc2Cl)=NC1O,1.3
625,Lorcainide,CC(C)[NH+]1CCC(N(C(=O)Cc2ccccc2)c2ccc(Cl)cc2)CC1,6.6
626,Lormetazepam,CN1C(=O)C(O)N=C(c2ccccc2Cl)c2cc(Cl)ccc21,1.6
627,Losartan,CCCCc1nc(Cl)c(CO)n1Cc1ccc(-c2ccccc2-c2nnn[n-]2)cc1,0.37
628,Losmapimod,Cc1c(F)cc(C(=O)NC2CC2)cc1-c1ccc(C(=O)NCC(C)(C)C)cn1,1.67
629,Lovastatin (acid),CCC(C)C(=O)OC1CC(C)C=C2C=CC(C)C(CCC(O)CC(O)CC(=O)[O-])C21,0.87
630,Loxiglumide,CCCCCN(CCCOC)C(=O)C(CCC(=O)[O-])NC(=O)c1ccc(Cl)c(Cl)c1,0.24
631,Lubeluzole,CN(c1nc2ccccc2s1)C1CC[NH+](CC(O)COc2ccc(F)c(F)c2)CC1,2.6
632,Lurtotecan,CCC1(O)C(=O)OCc2c1cc1n(c2=O)Cc2c-1nc1cc3c(cc1c2CN1CC[NH+](C)CC1)OCCO3,4.77
633,LY2090314,O=C1NC(=O)C(c2cnc3ccccn23)=C1c1cn2c3c(cc(F)cc13)CN(C(=O)N1CCCCC1)CC2,1.2
634,LY2140023,CSCCC([NH3+])C(=O)NC1(C(=O)[O-])CS(=O)(=O)C2C(C(=O)[O-])C21,0.44
635,LY404039,[NH3+]C1(C(=O)[O-])CS(=O)(=O)C2C(C(=O)[O-])C21,0.21
636,Mannitol,OCC(O)C(O)C(O)C(O)CO,0.24
637,Maprotiline,C[NH2+]CCCC12CCC(c3ccccc31)c1ccccc12,45.0
638,Maraviroc,Cc1nnc(C(C)C)n1C1CC2CCC(C1)[NH+]2CCC(NC(=O)C1CCC(F)(F)CC1)c1ccccc1,2.3
639,Maxipost,COc1ccc(Cl)cc1C1(F)C(=O)[N-]c2cc(C(F)(F)F)ccc21,10.0
640,Mazapertine,CC(C)Oc1ccccc1N1CCN(Cc2cccc(C(=O)N3CCCCC3)c2)CC1,1.54
641,MDAM,C=C(CC(NC(=O)c1ccc(CCc2cnc3nc(N)nc(N)c3n2)cc1)C(=O)[O-])C(=O)[O-],0.7
642,Mebendazole,COC(=O)Nc1nc2cc(C(=O)c3ccccc3)ccc2[nH]1,1.2
643,Medifoxamine,CN(C)CC(Oc1ccccc1)Oc1ccccc1,2.8
644,Medroxalol,CC(CCc1ccc2c(c1)OCO2)[NH2+]CC(O)c1ccc(O)c(C(N)=O)c1,7.9
645,Melagatran,NC(=[NH2+])c1ccc(CNC(=O)C2CCN2C(=O)C([NH2+]CC(=O)[O-])C2CCCCC2)cc1,0.23
646,Melatonin,COc1ccc2[nH]cc(CCNC(C)=O)c2c1,1.1
647,Meloxicam,Cc1cnc([N-]C(=O)C2=C([O-])c3ccccc3S(=O)(=O)N2C)s1,0.15
648,Melperone,CC1CC[NH+](CCCC(=O)c2ccc(F)cc2)CC1,14.0
649,Melphalan,[NH3+]C(Cc1ccc(N(CCCl)CCCl)cc1)C(=O)[O-],0.48
650,MEN-10755,CC1OC(OC2C(O)CC(OC3CC(O)(C(=O)CO)Cc4c(O)c5c(c(O)c43)C(=O)c3ccccc3C5=O)OC2C)CC([NH3+])C1O,2.4
651,Meperidine,CCOC(=O)C1(c2ccccc2)CC[NH+](C)CC1,2.3
652,Mepivacaine,Cc1cccc(C)c1NC(=O)C1CCCC[NH+]1C,0.95
653,Meprobamate,CCCC(C)(COC(N)=O)COC(N)=O,0.7
654,Meptazinol,CCC1(c2cccc(O)c2)CCCC[NH+](C)C1,3.3
655,"Mercaptopurine, 6-",S=c1[nH]cnc2[nH]cnc12,1.0
656,Meropenem,CC(O)C1C(=O)N2C(C(=O)[O-])=C(SC3C[NH2+]C(C(=O)N(C)C)C3)C(C)C12,0.3
657,Mesna,O=S(=O)([O-])CCS,0.65
658,Metadoxine,Cc1ncc(CO)c(CO)c1O,0.66
659,Metazosin,COc1cc2nc(N3CCN(C(=O)C(C)OC)CC3)nc(N)c2cc1OC,0.44
660,Metformin,CN(C)C(=[NH2+])NC(=N)N,0.64
661,Methadone,CCC(=O)C(CC(C)[NH+](C)C)(c1ccccc1)c1ccccc1,4.4
662,Methamphetamine,C[NH2+]C(C)Cc1ccccc1,4.3
663,Methicillin,COc1cccc(OC)c1C(=O)NC1C(=O)N2C1SC(C)(C)C2C(=O)[O-],0.32
664,Methimazole,Cn1cc[nH]c1=S,0.86
665,Methohexital,C=CCC1(C(C)C#CCC)C(=O)NC(=O)N(C)C1=O,1.1
666,Methotrexate,CN(Cc1cnc2nc(N)nc(N)c2n1)c1ccc(C(=O)NC(CCC(=O)[O-])C(=O)[O-])cc1,0.43
667,Methyldopa,CC([NH3+])(Cc1ccc(O)c(O)c1)C(=O)[O-],0.69
668,Methylergometrine,CC[C@H](CO)NC(=O)[C@H]1C=C2c3cccc4[nH]cc(c34)C[C@@H]2N(C)C1,0.96
669,Methylnaltrexone,C[N+]1(CC2CC2)CCC23c4c5ccc(O)c4OC2C(=O)CCC3(O)C1C5,2.6
670,"Methylnortestosterone, 7Î±-, 19-",CC1CC2=CC(=O)CCC2C2CCC3(C)C(O)CCC3C12,0.8
671,Methylphenidate,COC(=O)C(c1ccccc1)C1CCCC[NH2+]1,2.2
672,Methylprednisolone,CC1CC2C(C(O)CC3(C)C2CCC3(O)C(=O)CO)C2(C)C=CC(=O)C=C12,1.2
674,Metoclopramide,CC[NH+](CC)CCNC(=O)c1cc(Cl)c(N)cc1OC,3.2
675,Metocurine,COc1ccc2cc1Oc1cc3c(cc1OC)CC[N+](C)(C)C3Cc1ccc(cc1)Oc1c(OC)c(OC)cc3c1C(C2)[N+](C)(C)CC3,0.4
676,Metolazone,Cc1ccccc1N1C(=O)c2cc(S(N)(=O)=O)c(Cl)cc2NC1C,1.6
677,Metoprolol,COCCc1ccc(OCC(O)C[NH2+]C(C)C)cc1,3.1
678,Metrizoate,CC(=O)Nc1c(I)c(C(=O)[O-])c(I)c(N(C)C(C)=O)c1I,0.17
679,Metronidazole,Cc1ncc([N+](=O)[O-])n1CCO,0.4
680,Mexiletine,Cc1cccc(C)c1OCC(C)[NH3+],5.9
681,Mezlocillin,CC1(C)SC2C(NC(=O)C(NC(=O)N3CCN(S(C)(=O)=O)C3=O)c3ccccc3)C(=O)N2C1C(=O)[O-],0.09
682,Mianserin,C[NH+]1CCN2c3ccccc3Cc3ccccc3C2C1,13.75
683,Mibefradil,COCC(=O)OC1(CC[NH+](C)CCCc2nc3ccccc3[nH]2)CCc2cc(F)ccc2C1C(C)C,3.1
685,Midazolam,Cc1ncc2n1-c1ccc(Cl)cc1C(c1ccccc1F)=NC2,1.1
686,Midodrine,COc1ccc(OC)c(C(O)CNC(=O)C[NH3+])c1,0.67
688,Mifepristone,CC#CC1(O)CCC2C3CCC4=CC(=O)CCC4=C3C(c3ccc(N(C)C)cc3)CC21C,0.01
689,Miglitol,OCCN1CC(O)C(O)C(O)C1CO,0.28
690,Mildronate,C[N+](C)(C)[NH2+]CCC(=O)[O-],0.7
691,Milnacipran,CCN(CC)C(=O)C1(c2ccccc2)CC1C[NH3+],4.51
692,Milrinone,Cc1[n-]c(=O)c(C#N)cc1-c1ccncc1,0.25
693,Minocycline,CN(C)c1ccc(O)c2c1CC1CC3C([NH+](C)C)C([O-])=C(C(N)=O)C(=O)C3(O)C(O)=C1C2=O,1.6
694,Minoxidil,Nc1cc(N2CCCCC2)nc(N)[n+]1[O-],0.9
695,Mirabegron,Nc1nc(CC(=O)Nc2ccc(CC[NH2+]CC(O)c3ccccc3)cc2)cs1,23.8
696,Mirtazapine,C[NH+]1CCN2c3ncccc3Cc3ccccc3C2C1,4.2
697,Mitonafide,CN(C)CCN1C(=O)c2cccc3cc([N+](=O)[O-])cc(c23)C1=O,11.3
698,Mitoxantrone,O=C1c2c(O)ccc(O)c2C(=O)c2c(NCC[NH2+]CCO)ccc(NCC[NH2+]CCO)c21,12.0
700,Mizolastine,CN(c1nccc(=O)[nH]1)C1CCN(c2nc3ccccc3n2Cc2ccc(F)cc2)CC1,0.38
701,Moclobemide,O=C(NCCN1CCOCC1)c1ccc(Cl)cc1,1.1
702,Molsidomine,CCOC(=O)Nc1c[n+](N2CCOCC2)no1,1.4
703,Mometasone Furoate,CC1CC2C3CCC4=CC(=O)C=CC4(C)C3(Cl)C(O)CC2(C)C1(OC(=O)c1ccco1)C(=O)CCl,2.2
704,Montelukast,CC(C)(O)c1ccccc1CCC(SCC1(CC(=O)[O-])CC1)c1cccc(/C=C/c2ccc3ccc(Cl)cc3n2)c1,0.15
705,Morinidazole,Cc1ncc([N+](=O)[O-])n1CC(O)CN1CCOCC1,0.75
706,Morphine,C[NH+]1CCC23c4c5ccc(O)c4OC2C(O)C=CC3C1C5,2.3
707,Morphine-6-Glucuronide,C[NH+]1CCC23c4c5ccc(O)c4OC2C(OC2OC(C(=O)[O-])C(O)C(O)C2O)C=CC3C1C5,0.12
708,Moxalactam,COC1(NC(=O)C(C(=O)O)c2ccc(O)cc2)C(=O)N2C(C(=O)[O-])=C(CSc3nnnn3C)COC21,0.17
709,Moxifloxacin,COc1c(N2CC3CCC[NH2+]C3C2)c(F)cc2c(=O)c(C(=O)[O-])cn(C3CC3)c12,1.4
710,Moxonidine,COc1nc(C)nc(Cl)c1NC1=[NH+]CCN1,1.8
711,Mycophenolic acid,COc1c(C)c2c(c(O)c1C/C=C(\C)CCC(=O)[O-])C(=O)OC2,0.77
712,Nadolol,CC(C)(C)[NH2+]CC(O)COc1cccc2c1CC(O)C(O)C2,1.9
714,Nafcillin,CCOc1ccc2ccccc2c1C(=O)NC1C(=O)N2C1SC(C)(C)C2C(=O)[O-],0.22
715,Nalbuphine,Oc1ccc2c3c1OC1C(O)CCC4(O)C(C2)[NH+](CC2CCC2)CCC314,4.6
716,Nalmefene,C=C1CCC2(O)C3Cc4ccc(O)c5c4C2(CC[NH+]3CC2CC2)C1O5,8.2
717,Naloxone,C=CCN1CCC23c4c5ccc(O)c4OC2C(=O)CCC3(O)C1C5,1.7
718,Naltrexone,O=C1CCC2(O)C3Cc4ccc(O)c5c4C2(CCN3CC2CC2)C1O5,7.6
719,Naphtidrofuryl oxalate,CC[NH+](CC)CCOC(=O)C(Cc1cccc2ccccc12)CC1CCCO1,0.98
720,Napsagatran,NC(=[NH2+])N1CCCC(CNC(=O)CC(NS(=O)(=O)c2ccc3ccccc3c2)C(=O)N(CC(=O)[O-])C2CC2)C1,0.36
721,Naratriptan,CNS(=O)(=O)CCc1ccc2[nH]cc(C3CC[NH+](C)CC3)c2c1,2.4
722,Nateglinide,CC(C)C1CCC(C(=O)NC(Cc2ccccc2)C(=O)[O-])CC1,0.15
723,NBI-1,CC(c1ccccn1)c1c(CC[NH+](C)[14CH3])sc2ccccc12,1.83
724,NBI-2,C[NH+]([14CH3])CCC1=C(Cc2cccnn2)c2ccc(F)cc2C1,1.11
725,NBI-3,CC(C1=C(CC[NH+](C)[14CH3])Cc2ccccc21)c1cnccn1,1.86
726,NBI-4,CC(c1cccnc1F)c1c(CC[NH+](C)[14CH3])sc2ccccc12,5.73
727,Nebivolol,OC(C[NH2+]CC(O)C1CCc2cc(F)ccc2O1)C1CCc2cc(F)ccc2O1,11.0
728,Nefazodone,CCc1nn(CCCN2CCN(c3cccc(Cl)c3)CC2)c(=O)n1CCOc1ccccc1,0.51
729,Nefopam,C[NH+]1CCOC(c2ccccc2)c2ccccc2C1,5.6
730,Nelarabine,COc1nc(N)nc2c1ncn2C1OC(CO)C(O)C1O,4.9
731,Nemonoxacin,COc1c(N2CC(C)CC([NH3+])C2)ccc2c(=O)c(C(=O)[O-])cn(C3CC3)c12,1.9
732,Nemorubicin,COc1cccc2c1C(=O)c1c(O)c3c(c(O)c1C2=O)CC(O)(C(=O)CO)CC3OC1CC(N2CCOC(OC)C2)C(O)C(C)O1,49.0
733,Neostigmine,CN(C)C(=O)Oc1cccc([N+](C)(C)C)c1,0.74
734,Netilmicin,CCNC1CC(N)C(OC2OC(C[NH3+])=CCC2[NH3+])C(O)C1OC1OCC(C)(O)C([NH2+]C)C1O,0.07
735,Nevirapine,Cc1ccnc2c1NC(=O)c1cccnc1N2C1CC1,1.3
736,Nicainoprol,CC(C)[NH2+]CC(O)COc1cccc2c1N(C(=O)c1cccnc1)CCC2,0.67
737,Nicardipine,COC(=O)C1=C(C)NC(C)=C(C(=O)OCCN(C)Cc2ccccc2)C1c1cccc([N+](=O)[O-])c1,1.0
738,Nicorandil,O=C(NCCO[N+](=O)[O-])c1cccnc1,1.4
739,Nicotine,C[NH+]1CCCC1c1cccnc1,2.6
740,Nifedipine,COC(=O)C1=C(C)NC(C)=C(C(=O)OC)C1c1ccccc1[N+](=O)[O-],0.79
741,Nimodipine,COCCOC(=O)C1=C(C)NC(C)=C(C(=O)OC(C)C)C1c1cccc([N+](=O)[O-])c1,1.1
742,Nintedanib,COC(=O)c1ccc2c(c1)NC(=O)/C2=C(\Nc1ccc(N(C)C(=O)CN2CC[NH+](C)CC2)cc1)c1ccccc1,15.0
743,Nisoldipine,COC(=O)C1=C(C)NC(C)=C(C(=O)OCC(C)C)C1c1ccccc1[N+](=O)[O-],5.5
744,Nitrazepam,O=C1CN=C(c2ccccc2)c2cc([N+](=O)[O-])ccc2N1,1.7
745,Nitrendipine,CCOC(=O)C1=C(C)NC(C)=C(C(=O)OC)C1c1cccc([N+](=O)[O-])c1,6.1
746,Nitrofurantoin,O=C1CN(/N=C/c2ccc([N+](=O)[O-])o2)C(=O)[N-]1,0.57
747,Nizatidine,CN/C(=C\[N+](=O)[O-])NCCSCc1csc(CN(C)C)n1,1.0
748,NK 611,COc1cc(C2c3cc4c(cc3C(OC3OC5COC(C)OC5C(O)C3N(C)C)C3COC(=O)C23)OCO4)cc(OC)c1O,0.3
749,Nocloprost,CCCCC(C)(C)C(O)/C=C/C1C(O)CC(Cl)C1C/C=C/CCCC(=O)[O-],0.16
750,Nomifensine,C[NH+]1Cc2c(N)cccc2C(c2ccccc2)C1,6.0
751,Norfloxacine,CCn1cc(C(=O)[O-])c(=O)c2cc(F)c(N3CC[NH2+]CC3)cc21,1.88
752,Nortilidine,CCOC(=O)C1(c2ccccc2)CCC=CC1[NH2+]C,2.5
753,Nortriptyline,C[NH2+]CCC=C1c2ccccc2CCc2ccccc21,22.0
755,Ofloxacin,CC1COc2c(N3CC[NH+](C)CC3)c(F)cc3c(=O)c(C(=O)[O-])cn1c23,1.6
757,Oleandomycin,COC1CC(OC2C(C)C(=O)OC(C)C(C)C(O)C(C)C(=O)C3(CO3)CC(C)C(OC3OC(C)CC([NH+](C)C)C3O)C2C)OC(C)C1O,0.77
758,Olsalazine,O=C([O-])c1cc(N=Nc2ccc(O)c(C(=O)[O-])c2)ccc1O,0.07
759,Ombrabulin,COc1ccc(/C=C/c2cc(OC)c(OC)c(OC)c2)cc1NC(=O)C(N)CO,0.44
760,Omeprazole,COc1ccc2nc(S(=O)Cc3ncc(C)c(OC)c3C)[nH]c2c1,0.24
761,Ondansetron,Cc1[nH+]ccn1CC1CCc2c(c3ccccc3n2C)C1=O,1.8
762,OR-1896,CC(=O)Nc1ccc(C2=NNC(=O)CC2C)cc1,2.38
763,Org 28611,COc1cccc2c(C(=O)N3CC[NH+](C)C(C)C3)cn(CC3CCCCC3)c12,1.0
764,Ornidazole,Cc1ncc([N+](=O)[O-])n1CC(O)CCl,1.16
766,Oseltamivir acid,CCC(CC)OC1C=C(C(=O)[O-])CC([NH3+])C1NC(C)=O,0.37
767,Otamixaban,COC(=O)C(Cc1cccc(C(N)=[NH2+])c1)C(C)NC(=O)c1ccc(-c2cc[n+]([O-])cc2)cc1,0.89
768,Oxacillin,Cc1onc(-c2ccccc2)c1C(=O)NC1C(=O)N2C1SC(C)(C)C2C(=O)[O-],0.19
769,Oxazepam,O=C1Nc2ccc(Cl)cc2C(c2ccccc2)=NC1O,0.59
770,Oxiracetam,NC(=O)CN1CC(O)CC1=O,0.55
771,Oxprenolol,C=CCOc1ccccc1OCC(O)C[NH2+]C(C)C,0.72
772,Oxybutynin,CC[NH+](CC)CC#CCOC(=O)C(O)(c1ccccc1)C1CCCCC1,0.85
773,Oxycodone,COc1ccc2c3c1OC1C(=O)CCC4(O)C(C2)[NH+](C)CCC314,2.5
774,Oxymatrine,O=C1CCCC2C3CCC[N+]4([O-])CCCC(CN12)C34,0.61
775,Oxytetracycline,C[NH+](C)C1C([O-])=C(C(N)=O)C(=O)C2(O)C(O)=C3C(=O)c4c(O)cccc4C(C)(O)C3C(O)C12,1.7
777,Paeoniflorin,CC12CC3(O)OC(O1)C1(COC(=O)c4ccccc4)C3CC21OC1OC(CO)C(O)C(O)C1O,0.22
778,Palonosetron,O=C1c2cccc3c2C(CCC3)CN1C1C[NH+]2CCC1CC2,6.3
779,Pamidronic acid (Pamidronate),[NH3+]CCC(O)(P(=O)([O-])[O-])P(=O)([O-])O,1.8
780,Pancopride,Nc1cc(OCC2CC2)c(C(=O)NC2C[NH+]3CCC2CC3)cc1Cl,3.9
781,Pancuronium,CC(=O)OC1CC2CCC3C(CCC4(C)C3CC([N+]3(C)CCCCC3)C4OC(C)=O)C2(C)CC1[N+]1(C)CCCCC1,0.2
782,Panipenem,CC(=[NH2+])N1CCC(SC2=C(C(=O)[O-])N3C(=O)C(C(C)O)C3C2)C1,0.19
783,Pantoprazole,COc1ccnc(CS(=O)c2nc3ccc(OC(F)F)cc3[nH]2)c1OC,0.17
784,Papaverine,COc1ccc(Cc2nccc3cc(OC)c(OC)cc23)cc1OC,1.0
785,Paricalcitol,CC(/C=C/C(C)C(C)(C)O)C1CCC2/C(=C/C=C3CC(O)CC(O)C3)CCCC21C,0.41
786,Paroxetine,Fc1ccc(C2CC[NH2+]CC2COc2ccc3c(c2)OCO3)cc1,18.0
787,Patupilone,C/C(=C\c1csc(C)n1)C1CC2OC2(C)CCCC(C)C(O)C(C)C(=O)C(C)(C)C(O)CC(=O)O1,14.4
788,Pazopanib,Cc1ccc(Nc2nccc(N(C)c3ccc4c(C)n(C)nc4c3)n2)cc1S(N)(=O)=O,0.16
789,Pazufloxacin,CC1COc2c(C3([NH3+])CC3)c(F)cc3c(=O)c(C(=O)[O-])cn1c23,0.68
790,Pedelsine,Nc1nc2c(Cc3cccnc3)c[nH]c2c(=O)[nH]1,1.2
791,Pefloxacin,CCn1cc(C(=O)[O-])c(=O)c2cc(F)c(N3CC[NH+](C)CC3)cc21,1.5
792,Pelrinone,Cc1nc(=O)c(C#N)c(NCc2cccnc2)[nH]1,0.39
793,Pemetrexed,Nc1nc(=O)c2c(CCc3ccc(C(=O)NC(CCC(=O)[O-])C(=O)[O-])cc3)c[nH]c2[nH]1,0.15
794,Penciclovir,Nc1nc(=O)c2ncn(CCC(CO)CO)c2[nH]1,1.1
795,Penclomedine,COc1nc(C(Cl)(Cl)Cl)c(Cl)c(OC)c1Cl,9.1
796,Penicillin G,CC1(C)SC2C(NC(=O)Cc3ccccc3)C(=O)N2C1C(=O)[O-],0.24
797,Pentamidine,NC(=[NH2+])c1ccc(OCCCCCOc2ccc(C(N)=[NH2+])cc2)cc1,53.0
798,Pentazocine,CC(C)=CC[NH+]1CCC2(C)c3cc(O)ccc3CC1C2C,3.4
799,Pentobarbital,CCCC(C)C1(CC)C(=O)NC(=O)NC1=O,0.91
800,Pentostatin,OCC1OC(n2cnc3c2NC=NCC3O)CC1O,0.59
801,Pentoxifylline,CC(=O)CCCCn1c(=O)c2c(ncn2C)n(C)c1=O,1.8
802,Perindoprilat,CCCC([NH2+]C(C)C(=O)N1C(C(=O)[O-])CC2CCCCC21)C(=O)[O-],0.76
803,Perphenazine,OCC[NH+]1CCN(CCCN2c3ccccc3Sc3ccc(Cl)cc32)CC1,18.0
804,PF-05212384,C[NH+](C)C1CCN(C(=O)c2ccc(NC(=O)Nc3ccc(-c4nc(N5CCOCC5)nc(N5CCOCC5)n4)cc3)cc2)CC1,2.39
805,PF-4776548,COc1cc(F)ccc1Cn1ccc2c3c(ncc21)C(=O)N([O-])CC3,5.7
806,Phenacetin,CCOc1ccc(NC(C)=O)cc1,1.4
807,Phenazepam,O=C1CN=C(c2ccccc2Cl)c2cc(Br)ccc2N1,6.23
808,Phencyclidine,c1ccc(C2([NH+]3CCCCC3)CCCCC2)cc1,6.9
809,Phenethicillin,CC(Oc1ccccc1)C(=O)NC1C(=O)N2C1SC(C)(C)C2C(=O)[O-],0.3
810,Phenobarbital,CCC1(c2ccccc2)C(=O)NC(=O)NC1=O,0.54
811,Phenoxymethylpenicillin,CC1(C)SC2C(NC(=O)COc3ccccc3)C(=O)N2C1C(=O)[O-],0.41
812,Phenprocoumon,CCC(c1ccccc1)c1c([O-])c2ccccc2oc1=O,0.2
813,Phylloquinone,CC1=C(C/C=C(\C)CCCC(C)CCCC(C)CCCC(C)C)C(=O)c2ccccc2C1=O,0.32
814,Picumast,Cc1c(C)c2ccc(OCCC[NH+]3CCN(Cc4ccc(Cl)cc4)CC3)cc2oc1=O,1.3
815,Pidotimod,O=C1CCC(C(=O)N2CSCC2C(=O)[O-])N1,0.31
816,Pimobendan,COc1ccc(-c2nc3ccc(C4=NNC(=O)CC4C)cc3[nH]2)cc1,2.0
817,Pindolol,CC(C)[NH2+]CC(O)COc1cccc2[nH]ccc12,1.2
818,Pinocembrin,O=C1CC(c2ccccc2)Oc2cc(O)cc(O)c21,0.8
819,Pipecuronium,CC(=O)OC1CC2CCC3C(CCC4(C)C3CC(N3CC[N+](C)(C)CC3)C4OC(C)=O)C2(C)CC1N1CC[N+](C)(C)CC1,0.35
820,Piperacillin,CCN1CCN(C(=O)NC(C(=O)NC2C(=O)N3C2SC(C)(C)C3C(=O)[O-])c2ccccc2)C(=O)C1=O,0.27
821,Piperphentonamine,C[NH+](CCC(=O)/C=C/c1ccc(O)cc1)CCc1ccc2c(c1)OCO2,2.13
822,Pirarubicin,COc1cccc2c1C(=O)c1c(O)c3c(c(O)c1C2=O)CC(O)(C(=O)CO)CC3OC1CC([NH3+])C(OC2CCCCO2)C(C)O1,43.2
823,Pirenzepine,C[NH+]1CCN(CC(=O)N2c3ccccc3C(=O)Nc3cccnc32)CC1,1.71
824,Piretanide,NS(=O)(=O)c1cc(C(=O)[O-])cc(N2CCCC2)c1Oc1ccccc1,0.17
825,Piritramide,N#CC(CCN1CCC(C(N)=O)([NH+]2CCCCC2)CC1)(c1ccccc1)c1ccccc1,4.7
826,Pirmenol,CC1CCCC(C)[NH+]1CCCC(O)(c1ccccc1)c1ccccn1,1.4
827,Piroximone,CCc1[nH]c(=O)[nH]c1C(=O)c1ccncc1,0.65
828,Pitavastatin,O=C([O-])CC(O)CC(O)/C=C/c1c(C2CC2)nc2ccccc2c1-c1ccc(F)cc1,0.9
829,Pixantrone,[NH3+]CCNc1ccc(NCC[NH3+])c2c1C(=O)c1ccncc1C2=O,10.1
830,PK11195,CCC(C)N(C)C(=O)c1cc2ccccc2c(-c2ccccc2Cl)n1,1.7
831,Plazomicin,C[NH2+]C1C(O)C(OC2C(NC(=O)C(O)CC[NH3+])CC([NH3+])C(OC3OC(CNCCO)=CCC3[NH3+])C2O)OCC1(C)O,0.22
832,Plinabulin,CC(C)(C)c1nc[nH]c1/C=c1\[nH]c(=O)/c(=C/c2ccccc2)[n-]c1=O,3.0
834,PNU-159548,CC(=O)C1(O)Cc2c(O)c3c(c(O)c2C(OC2CC(N4CC4)C(OS(C)(=O)=O)C(C)O2)C1)C(=O)c1ccccc1C3=O,2.95
835,Posaconazole,CCC(C(C)O)n1ncn(-c2ccc(N3CCN(c4ccc(OCC5COC(Cn6cncn6)(c6ccc(F)cc6F)C5)cc4)CC3)cc2)c1=O,3.8
836,PR-104,CS(=O)(=O)OCCN(CCBr)c1c(C(=O)NCCOP(=O)([O-])[O-])cc([N+](=O)[O-])cc1[N+](=O)[O-],0.86
837,Pralatrexate (R),C#CCC(Cc1cnc2nc(N)nc(N)c2n1)c1ccc(C(=O)NC(CCC(=O)[O-])C(=O)[O-])cc1,0.53
838,Pralatrexate (S),C#CCC(Cc1cnc2nc(N)nc(N)c2n1)c1ccc(C(=O)NC(CCC(=O)[O-])C(=O)[O-])cc1,1.5
839,Pralidoxime,C[n+]1ccccc1/C=N/O,0.8
840,Pramipexole,CCC[NH2+]C1CCc2nc(N)sc2C1,7.0
841,Pravastatin,CCC(C)C(=O)OC1CC(O)C=C2C=CC(C)C(CCC(O)CC(O)CC(=O)[O-])C21,0.46
842,Prazosin,COc1cc2nc(N3CCN(C(=O)c4ccco4)CC3)nc(N)c2cc1OC,0.73
843,Prednisolone,CC12C=CC(=O)C=C1CCC1C2C(O)CC2(C)C1CCC2(O)C(=O)CO,0.86
844,Prednisone,CC12C=CC(=O)C=C1CCC1C2C(=O)CC2(C)C1CCC2(O)C(=O)CO,0.57
845,Prenalterol,CC(C)[NH2+]CC(O)COc1ccc(O)cc1,4.28
846,Prilocaine,CCC[NH2+]C(C)C(=O)Nc1ccccc1C,3.7
847,Primaquine,COc1cc(NC(C)CCC[NH3+])c2ncccc2c1,4.0
848,Probenecid,CCCN(CCC)S(=O)(=O)c1ccc(C(=O)[O-])cc1,0.13
849,Procainamide,CC[NH+](CC)CCNC(=O)c1ccc(N)cc1,2.2
850,Prochlorperazine,C[NH+]1CCN(CCCN2c3ccccc3Sc3ccc(Cl)cc32)CC1,22.0
851,Procyclidine,OC(CC[NH+]1CCCC1)(c1ccccc1)C1CCCCC1,0.74
852,Promazine,C[NH+](C)CCCN1c2ccccc2Sc2ccccc21,8.1
853,Promethazine,CC(CN1c2ccccc2Sc2ccccc21)[NH+](C)C,14.0
854,Propafenone,CCC[NH2+]CC(O)COc1ccccc1C(=O)CCc1ccccc1,2.2
855,Propionyl-L-carnitine,CCC(=O)OC(CC(=O)[O-])C[N+](C)(C)C,0.3
856,Propiverine,CCCOC(C(=O)OC1CC[NH+](C)CC1)(c1ccccc1)c1ccccc1,2.73
857,Propofol,CC(C)c1cccc(C(C)C)c1O,4.7
858,Propoxyphene,CCC(=O)OC(Cc1ccccc1)(c1ccccc1)C(C)C[NH+](C)C,12.0
859,Propranolol,CC(C)[NH2+]CC(O)COc1cccc2ccccc12,3.1
860,Propylthiouracil,CCCc1cc(=O)[nH]c(=S)[nH]1,0.34
861,Pseudohypericin,Cc1cc(O)c2c(=O)c3c(O)cc([O-])c4c5c([O-])cc(O)c6c(=O)c7c(O)cc(CO)c8c1c2c(c34)c(c65)c78,0.56
862,Pyridostigmine,CN(C)C(=O)Oc1ccc[n+](C)c1,1.1
863,Pyrimethamine,CCc1nc(N)nc(N)c1-c1ccc(Cl)cc1,0.43
864,Quercetin,O=c1c([O-])c(-c2ccc(O)c(O)c2)oc2cc([O-])cc(O)c12,0.12
865,Quinacrine,CC[NH+](CC)CCCC(C)Nc1c2ccc(Cl)cc2[nH+]c2ccc(OC)cc12,45.0
866,Quinaprilat,CC([NH2+]C(CCc1ccccc1)C(=O)[O-])C(=O)N1Cc2ccccc2CC1C(=O)[O-],0.13
867,Quinidine,C=CC1C[NH+]2CCC1CC2C(O)c1ccnc2ccc(OC)cc12,2.9
868,Quinine,C=CC1C[NH+]2CCC1CC2C(O)c1ccnc2ccc(OC)cc12,1.8
870,R 82913,CC(C)=CCN1Cc2cc(Cl)cc3[nH]c(=S)n(c23)C[C@@H]1C,21.98
871,Rabeprazole,COCCCOc1ccnc(CS(=O)c2nc3ccccc3[nH]2)c1C,0.22
872,Raclopride,CC[NH+]1CCCC1CNC(=O)c1c([O-])c(Cl)cc(Cl)c1OC,1.1
873,Raloxifene,O=C(c1ccc(OCC[NH+]2CCCCC2)cc1)c1c(-c2ccc(O)cc2)sc2cc(O)ccc12,7.5
874,Raltitrexed,Cc1nc(=O)c2cc(CN(C)c3ccc(C(=O)NC(CCC(=O)[O-])C(=O)[O-])s3)ccc2[nH]1,6.57
875,Ramelteon,CCC(=O)NCCC1CCc2ccc3c(c21)CCO3,1.05
876,Ranitidine,CN/C(=C\[N+](=O)[O-])NCCSCc1ccc(C[NH+](C)C)o1,1.2
877,Ranolazine,COc1ccccc1OCC(O)CN1CCN(CC(=O)Nc2c(C)cccc2C)CC1,1.2
878,R-Apomorphine,C[NH+]1CCc2cccc3c2C1Cc1ccc(O)c(O)c1-3,1.6
879,Reboxetine,CCOc1ccccc1OC(c1ccccc1)C1C[NH2+]CCO1,0.65
880,Recainam,Cc1cccc(C)c1NC(=O)NCCC[NH2+]C(C)C,1.4
881,Regadenoson,CNC(=O)c1cnn(-c2nc(N)c3ncn(C4OC(CO)C(O)C4O)c3n2)c1,0.94
882,Remifentanil,CCC(=O)N(c1ccccc1)C1(C(=O)OC)CCN(CCC(=O)OC)CC1,0.4
883,Remikiren,CC(C)(C)S(=O)(=O)CC(Cc1ccccc1)C(=O)NC(Cc1c[nH]cn1)C(=O)NC(CC1CCCCC1)C(O)C(O)C1CC1,0.77
884,Remimazolam,COC(=O)CCC1[NH+]=C(c2ccccn2)c2cc(Br)ccc2-n2c(C)cnc21,0.44
885,Remoxipride,CC[NH+]1CCCC1CNC(=O)c1c(OC)ccc(Br)c1OC,0.65
886,Repaglinide,CCOc1cc(CC(=O)NC(CC(C)C)c2ccccc2N2CCCCC2)ccc1C(=O)[O-],0.35
887,Repinotan,O=C1c2ccccc2S(=O)(=O)N1CCCC[NH2+]CC1CCc2ccccc2O1,0.21
888,RGB-286638,COCCN1CC[NH+](Cc2ccc(-c3n[nH]c4c3C(=O)c3c(NC(=O)NN5CCOCC5)cccc3-4)cc2)CC1,5.9
889,Ribavirin,NC(=O)c1ncn(C2OC(CO)C(O)C2O)n1,14.0
890,Ribostamycin,NC1CC([NH3+])C(OC2OC(C[NH3+])C(O)C(O)C2N)C(OC2OC(CO)C(O)C2O)C1O,0.25
891,Ridogrel,O=C([O-])CCCCO/N=C(\c1cccnc1)c1cccc(C(F)(F)F)c1,0.43
894,Rigosertib,COc1cc(OC)c(/C=C/S(=O)(=O)Cc2ccc(OC)c(NCC(=O)[O-])c2)c(OC)c1,0.11
895,Riluzole,Nc1nc2ccc(OC(F)(F)F)cc2s1,3.5
896,Risedronic acid (Risedronate),O=P([O-])(O)C(O)(Cc1cccnc1)P(=O)([O-])O,6.3
897,Risperidone,Cc1nc2n(c(=O)c1CC[NH+]1CCC(c3noc4cc(F)ccc34)CC1)CCCC2,1.1
898,Ritanserin,Cc1nc2sccn2c(=O)c1CC[NH+]1CCC(=C(c2ccc(F)cc2)c2ccc(F)cc2)CC1,1.41
899,Ritipenem,CC(O)C1C(=O)N2C(C(=O)[O-])=C(COC(N)=O)SC12,0.24
900,Ritodrine,CC([NH2+]CCc1ccc(O)cc1)C(O)c1ccc(O)cc1,4.4
901,Rivaroxaban,O=C(NCC1CN(c2ccc(N3CCOCC3=O)cc2)C(=O)O1)c1ccc(Cl)s1,0.7
902,Rivastigmine,CCN(C)C(=O)Oc1cccc(C(C)[NH+](C)C)c1,1.3
903,Rizatriptan,C[NH+](C)CCc1c[nH]c2ccc(Cn3cncn3)cc12,1.9
904,RO0270608,Cc1cccc(Cl)c1C(=O)NC(Cc1ccc(NC(=O)c2c(Cl)cncc2Cl)cc1)C(=O)[O-],0.3
905,Ro25-6833,Nc1nc(/C(=N\O)C(=O)NC2C(=O)N3C(C(=O)[O-])=C(/C=C4\CCN(CC(F)(F)F)C4=O)CSC23)cs1,0.11
906,Rocuronium,C=CC[N+]1(C2CC3C4CCC5CC(O)C([NH+]6CCOCC6)CC5(C)C4CCC3(C)C2OC(C)=O)CCCC1,0.21
907,Rofecoxib,CS(=O)(=O)c1ccc(C2=C(c3ccccc3)C(=O)OC2)cc1,1.3
908,Roflumilast,O=C(Nc1c(Cl)cncc1Cl)c1ccc(OC(F)F)c(OCC2CC2)c1,1.92
909,Rolipram,COc1ccc(C2CNC(=O)C2)cc1OC1CCCC1,0.67
910,Rolitetracycline,C[NH+](C)C1C([O-])=C(C(=O)NC[NH+]2CCCC2)C(=O)C2(O)C(O)=C3C(=O)c4c(O)cccc4C(C)(O)C3CC12,0.54
911,Rolofylline,CCCn1c(=O)c2nc(C34CC5CC(CC3C5)C4)[nH]c2n(CCC)c1=O,4.3
912,Romidepsin,C/C=C1\NC(=O)C2CSSCC/C=C\C(CC(=O)NC(C(C)C)C(=O)N2)OC(=O)C(C(C)C)NC1=O,1.2
913,Ropinirole,CCC[NH+](CCC)CCc1cccc2c1CC(=O)N2,7.7
914,Ropivacaine,CCC[NH+]1CCCCC1C(=O)Nc1c(C)cccc1C,0.75
915,Roquinimex,CN(C(=O)c1c([O-])c2ccccc2n(C)c1=O)c1ccccc1,0.21
916,Rosaramicin,CCC1OC(=O)CC(O)C(C)C(OC2OC(C)CC([NH+](C)C)C2O)C(CC=O)CC(C)C(=O)/C=C\C2(C)OC2C1C,2.83
917,Rosiglitazone,CN(CCOc1ccc(CC2SC(=O)[N-]C2=O)cc1)c1ccccn1,0.2
918,Rosuvastatin,CC(C)c1nc(N(C)S(C)(=O)=O)nc(-c2ccc(F)cc2)c1/C=C/C(O)CC(O)CC(=O)[O-],1.7
919,Rotigotine,CCC[NH+](CCc1cccs1)C1CCc2c(O)cccc2C1,5.7
921,RSD921,CN(C(=O)Cc1cccc2sccc12)C1CCCCC1[NH+]1CCCC1,1.1
924,Sabeluzole,CN(c1nc2ccccc2s1)C1CC[NH+](CC(O)COc2ccc(F)cc2)CC1,5.5
925,Saquinavir,CC(C)(C)NC(=O)C1CC2CCCCC2CN1CC(O)C(Cc1ccccc1)NC(=O)C(CC(N)=O)NC(=O)c1ccc2ccccc2n1,3.6
926,SarCNU,CN(CC(N)=O)C(=O)N(CCCl)N=O,0.76
927,Sardomozide,NC(=[NH2+])N/N=C1\CCc2c(C(N)=[NH2+])cccc21,20.0
928,Satavaptan,CCOc1ccc2c(c1)C1(CCC(OCCN3CCOCC3)CC1)C(=O)N2S(=O)(=O)c1ccc(C(=O)NC(C)(C)C)cc1OC,7.0
929,Saxagliptin,N#CC1CC2CC2N1C(=O)C(N)C12CC3CC(CC(O)(C3)C1)C2,1.8
930,Sch34343,CC(O)C1C(=O)N2C(C(=O)[O-])=C(SCCOC(N)=O)SC12,0.3
931,Scopolamine,C[NH+]1C2CC(OC(=O)C(CO)c3ccccc3)CC1C1OC12,3.1
932,Selegiline,CC(O)C[NH+]1CCN(CCOC(c2ccccc2)c2ccc(Cl)cc2)CC1,1.9
933,Sematilide,CC[NH+](CC)CCNC(=O)c1ccc(NS(C)(=O)=O)cc1,0.82
934,Semaxanib,Cc1cc(C)c(/C=C2\C(=O)Nc3ccccc32)[nH]1,0.98
935,Silatecan,CCC1(O)C(=O)OCc2c1cc1n(c2=O)Cc2c-1nc1ccc(O)cc1c2[Si](C)(C)C(C)(C)C,0.47
936,Sildenafil,CCCc1nn(C)c2c(=O)[nH]c(-c3cc(S(=O)(=O)N4CC[NH+](C)CC4)ccc3OCC)nc12,1.36
937,Sinitrodil,O=C1c2ccccc2OCN1CCO[N+](=O)[O-],0.68
938,Sipatrigine,C[NH+]1CCN(c2ncc(-c3cc(Cl)cc(Cl)c3Cl)c(N)n2)CC1,24.0
939,Sisomicin,C[NH2+]C1C(O)C(OC2C(N)CC([NH3+])C(OC3OC(C[NH3+])=CCC3[NH3+])C2O)OCC1(C)O,0.19
940,Sitafloxacin,[NH3+]C1CN(c2c(F)cc3c(=O)c(C(=O)[O-])cn(C4CC4F)c3c2Cl)CC12CC2,1.5
941,Sitagliptin,[NH3+]C(CC(=O)N1CCn2c(nnc2C(F)(F)F)C1)Cc1cc(F)c(F)cc1F,2.8
942,SNS-032,CC(C)(C)c1cnc(CSc2cnc(NC(=O)C3CC[NH2+]CC3)s2)o1,5.14
943,Soblidotin,CCC(C)C(C(CC(=O)N1CCCC1C(OC)C(C)C(=O)NCCc1ccccc1)OC)N(C)C(=O)C(NC(=O)C(C(C)C)N(C)C)C(C)C,0.42
944,Solifenacin,O=C(OC1C[NH+]2CCC1CC2)N1CCc2ccccc2C1c1ccccc1,8.2
945,Sotalol,CC(C)[NH2+]CC(O)c1ccc(NS(C)(=O)=O)cc1,1.3
946,Sparfloxacin,CC1CN(c2c(F)c(N)c3c(=O)c(C(=O)[O-])cn(C4CC4)c3c2F)CC(C)[NH2+]1,3.9
947,Sparfosic acid,O=C([O-])CC(NC(=O)CP(=O)([O-])O)C(=O)[O-],0.33
948,Spectinomycin,CNC1C(O)C([NH2+]C)C2OC3(O)C(=O)CC(C)OC3OC2C1O,0.13
950,Spirapril,CCOC(=O)C(CCc1ccccc1)NC(C)C(=O)N1CC2(CC1C(=O)[O-])SCCS2,0.43
951,Spisulosine,CCCCCCCCCCCCCCCC(O)C(C)[NH3+],30.7
952,Squalamine,CC(C)C(CCC(C)C1CCC2C3C(O)CC4CC(NCCC[NH2+]CCCC[NH3+])CCC4(C)C3CCC12C)OS(=O)(=O)[O-],0.23
953,SR 271425,CC[NH+](CC)CCNc1ccc(CNC=O)c2sc3ccc(OC)cc3c(=O)c12,1.01
954,SR 4554,O=C(Cn1ccnc1[N+](=O)[O-])NCC(O)C(F)(F)F,0.69
955,Stavudine,Cc1cn(C2C=CC(CO)O2)c(=O)[nH]c1=O,0.67
956,Streptomycin,CNC1C(OC2C(OC3C(O)C(O)C(NC(N)=[NH2+])C(O)C3NC(N)=[NH2+])OC(C)C2(O)C=O)OC(CO)C(O)C1O,0.34
957,Sufentanil,CCC(=O)N(c1ccccc1)C1(COC)CC[NH+](CCc2cccs2)CC1,9.4
959,Sulbactam,CC1(C)C(C(=O)[O-])N2C(=O)CC2S1(=O)=O,0.32
960,Sulbenicillin,CC1(C)SC2C(NC(=O)C(c3ccccc3)S(=O)(=O)[O-])C(=O)N2C1C(=O)[O-],0.15
961,Sulfadiazine,Nc1ccc(S(=O)(=O)[N-]c2ncccn2)cc1,0.29
962,Sulfamethoxazole,Cc1cc([N-]S(=O)(=O)c2ccc(N)cc2)no1,0.3
963,Sulfasalazine,O=C([O-])c1cc(N=Nc2ccc(S(=O)(=O)Nc3ccccn3)cc2)ccc1O,0.11
964,Sulfinpyrazone,O=c1[c-](CC[S@](=O)c2ccccc2)c(=O)n(-c2ccccc2)n1-c1ccccc1,0.12
965,Sulfisoxazole,Cc1noc([N-]S(=O)(=O)c2ccc(N)cc2)c1C,0.17
966,Sulmazole,COc1cc(S(C)=O)ccc1-c1nc2ncccc2[nH]1,0.62
967,Sulpiride,CC[NH+]1CCCC1CNC(=O)c1cc(S(N)(=O)=O)ccc1OC,0.94
968,Sumatriptan,CNS(=O)(=O)Cc1ccc2[nH]cc(CC[NH+](C)C)c2c1,1.7
969,Suprofen,CC(C(=O)[O-])c1ccc(C(=O)c2cccs2)cc1,0.04
971,Susalimod,Cc1cccnc1NS(=O)(=O)c1ccc(C#Cc2ccc(O)c(C(=O)[O-])c2)cc1,0.1
972,Tacrine,Nc1c2c([nH+]c3ccccc13)CCCC2,11.0
974,Talinolol,CC(C)(C)[NH2+]CC(O)COc1ccc(NC(=O)NC2CCCCC2)cc1,3.3
975,Tamsulosin,CCOc1ccccc1OCC[NH2+]C(C)Cc1ccc(OC)c(S(N)(=O)=O)c1,0.21
976,Tariquidar,COc1cc2c(cc1OC)C[NH+](CCc1ccc(NC(=O)c3cc(OC)c(OC)cc3NC(=O)c3cnc4ccccc4c3)cc1)CC2,6.4
977,TAS-106,C#CC1(O)C(CO)OC(n2ccc(N)nc2=O)C1O,1.1
978,Tasidotin,CC(C)C(NC(=O)C(C(C)C)N(C)C)C(=O)N(C)C(C(=O)N1CCCC1C(=O)N1CCCC1C(=O)NC(C)(C)C)C(C)C,0.33
979,Tazarotene,CCOC(=O)c1ccc(C#Cc2ccc3c(c2)C(C)(C)CCS3)nc1,3.55
980,Tazobactam,CC1(Cn2ccnn2)C(C(=O)[O-])N2C(=O)CC2S1(=O)=O,0.26
981,Tebufelone,C#CCCCC(=O)c1cc(C(C)(C)C)c(O)c(C(C)(C)C)c1,12.0
982,Tegaserod,CCCCCNC(=[NH2+])N/N=C/c1c[nH]c2ccc(OC)cc12,5.3
989,Telcagepant,O=C(NC1CCC(c2cccc(F)c2F)CN(CC(F)(F)F)C1=O)N1CCC(n2c(=O)[nH]c3ncccc32)CC1,0.86
991,Telmisartan,CCCc1nc2c(C)cc(-c3nc4ccccc4n3C)cc2n1Cc1ccc(-c2ccccc2C(=O)[O-])cc1,5.3
992,Temozolomide,Cn1nnc2c(C(N)=O)ncn2c1=O,0.5
994,Teniposide,COc1cc(C2c3cc4c(cc3C(OC3OC5COC(c6cccs6)OC5C(O)C3O)C3COC(=O)C23)OCO4)cc(OC)c1O,0.41
995,Tenofovir,CC(Cn1cnc2c(N)ncnc21)OCP(=O)([O-])[O-],0.83
996,Tenoxicam,CN1C(C(=O)Nc2ccccn2)=C([O-])c2sccc2S1(=O)=O,0.19
997,Terazosin,COc1cc2nc(N3CCN(C(=O)C4CCCO4)CC3)nc(N)c2cc1OC,0.98
998,Terbutaline,CC(C)(C)[NH2+]CC(O)c1cc(O)cc(O)c1,1.5
999,Teriflunomide,C/C([O-])=C(\C#N)C(=O)Nc1ccc(C(F)(F)F)cc1,0.16
1001,Terodiline,CC(CC(c1ccccc1)c1ccccc1)[NH2+]C(C)(C)C,5.1
1002,Tesaglitazar,CCOC(Cc1ccc(OCCc2ccc(OS(C)(=O)=O)cc2)cc1)C(=O)[O-],0.13
1003,Tetracycline,C[NH+](C)C1C([O-])=C(C(N)=O)C(=O)C2(O)C(O)=C3C(=O)c4c(O)cccc4C(C)(O)C3CC12,1.2
1004,"Tetrahydrocannabinol, D9-",CCCCCc1cc(O)c2c(c1)OC(C)(C)C1CCC(C)=CC21,8.9
1005,"Tetrahydrocannabinol,11-Nor-9-carboxy-D9-",CCCCCc1cc(O)c2c(c1)OC(C)(C)C1CCC(C(=O)[O-])=CC21,1.28
1006,Tezosentan,COc1ccccc1Oc1c([N-]S(=O)(=O)c2ccc(C(C)C)cn2)nc(-c2ccnc(-c3nnn[n-]3)c2)nc1OCCO,0.28
1007,TH-302,Cn1c(COP(=O)(NCCBr)NCCBr)cnc1[N+](=O)[O-],0.64
1008,Thalidomide,O=C1CCC(N2C(=O)c3ccccc3C2=O)C(=O)N1,0.95
1009,Theophylline,Cn1c(=O)c2nc[nH]c2n(C)c1=O,0.51
1010,Thiamphenicol glycinate,CS(=O)(=O)c1ccc(C(O)C(COC(=O)C[NH3+])NC(=O)C(Cl)Cl)cc1,0.13
1011,Thioguanine,Nc1nc2[nH]cnc2c(=S)[nH]1,2.89
1012,Thionylan (Methapyrilene),C[NH+](C)CCN(Cc1cccs1)c1ccccn1,3.3
1013,Thiopental,CCCC(C)C1(CC)C(=O)[N-]C(=S)NC1=O,1.2
1014,Thiotepa,S=P(N1CC1)(N1CC1)N1CC1,1.6
1015,Tiagabine,Cc1ccsc1C(=CCC[NH+]1CCCC(C(=O)[O-])C1)c1sccc1C,1.1
1016,Tianeptine,CN1c2ccccc2C(NCCCCCCC(=O)[O-])c2ccc(Cl)cc2S1(=O)=O,0.3
1017,Tiapride,CC[NH+](CC)CCNC(=O)c1cc(S(C)(=O)=O)ccc1OC,1.1
1018,Tiaprofenic acid,CC(C(=O)[O-])c1ccc(C(=O)c2ccccc2)s1,0.08
1019,Tiazofurin,NC(=O)c1csc(C2OC(CO)C(O)C2O)n1,1.1
1020,Ticarcillin,CC1(C)SC2C(NC(=O)C(C(=O)[O-])c3ccsc3)C(=O)N2C1C(=O)[O-],0.16
1021,Tigecycline,CN(C)c1cc(NC(=O)C[NH2+]C(C)(C)C)c(O)c2c1CC1CC3C([NH+](C)C)C([O-])=C(C(N)=O)C(=O)C3(O)C(O)=C1C2=O,12.0
1022,Tilidine,CCOC(=O)C1(c2ccccc2)CCC=CC1[NH+](C)C,4.0
1023,Tiludronate,O=P([O-])([O-])C(Sc1ccc(Cl)cc1)P(=O)([O-])O,0.23
1024,Timolol,CC(C)(C)[NH2+]CC(O)COc1nsnc1N1CCOCC1,1.5
1025,Tinidazole,CCS(=O)(=O)CCn1c([N+](=O)[O-])cnc1C,0.59
1026,Tiopronin,CC(S)C(=O)NCC(=O)[O-],1.39
1027,Tiotropium,C[N+]1(C)C2CC(OC(=O)C(O)(c3cccs3)c3cccs3)CC1C1OC12,32.0
1028,Tirapazamine,Nc1n[n+]([O-])c2ccccc2[n+]1[O-],0.56
1029,Tirilazad,CC1CC2C3CCC4=CC(=O)C=CC4(C)C3=CCC2(C)C1C(=O)C[NH+]1CCN(c2cc(N3CCCC3)[nH+]c(N3CCCC3)n2)CC1,9.8
1030,Tirofiban,CCCCS(=O)(=O)NC(Cc1ccc(OCCCCC2CC[NH2+]CC2)cc1)C(=O)[O-],0.99
1031,Tizanidine,Clc1ccc2nsnc2c1NC1=[NH+]CCN1,2.4
1032,Toborinone,COc1ccc(C[NH2+]CC(O)COc2ccc3[nH]c(=O)ccc3c2)cc1OC,1.6
1033,Tobramycin,NCC1OC(OC2C(N)CC(N)C(OC3OC(CO)C(O)C([NH3+])C3O)C2O)C([NH3+])CC1O,0.23
1034,Tocainide,Cc1cccc(C)c1NC(=O)C(C)[NH3+],1.8
1035,Tofacitinib,CC1CCN(C(=O)CC#N)CC1N(C)c1ncnc2[nH]ccc12,1.24
1036,Tofogliflozin,CCc1ccc(Cc2ccc3c(c2)C2(OC3)OC(CO)C(O)C(O)C2O)cc1,0.63
1037,Tolamolol,Cc1ccccc1OCC(O)C[NH2+]CCOc1ccc(C(N)=O)cc1,4.0
1038,Tolbutamide,CCCCNC(=O)[N-]S(=O)(=O)c1ccc(C)cc1,0.12
1039,Tolcapone,Cc1ccc(C(=O)c2cc(O)c([O-])c([N+](=O)[O-])c2)cc1,0.12
1040,Toloxatone,Cc1cccc(N2CC(CO)OC2=O)c1,1.5
1041,Tolterodine,Cc1ccc(O)c(C(CC[NH+](C(C)C)C(C)C)c2ccccc2)c1,1.5
1042,Tolvaptan,Cc1ccccc1C(=O)Nc1ccc(C(=O)N2CCCC(O)c3cc(Cl)ccc32)c(C)c1,0.5
1043,Tomopenem,CC(O)C1C(=O)N2C(C(=O)[O-])=C(SC3CC(C(=O)N4CCC(NC(=O)CNC(N)=[NH2+])C4)N(C)C3)C(C)C12,0.23
1044,Tonapofylline,CCCn1c(=O)c2[nH]c(C34CCC(CCC(=O)[O-])(CC3)CC4)nc2n(CCC)c1=O,0.76
1045,Topiramate,CC1(C)OC2COC3(COS(N)(=O)=O)OC(C)(C)OC3C2O1,0.8
1046,Topixantrone,C[NH+](C)CCNc1ccc2c3c(nn2CC[NH2+]CCO)-c2cnccc2C(=O)c13,57.0
1047,Topotecan,CCC1(O)C(=O)OCc2c1cc1n(c2=O)Cc2cc3c(C[NH+](C)C)c(O)ccc3nc2-1,1.8
1048,Torsemide,Cc1cccc(Nc2ccncc2S(=O)(=O)[N-]C(=O)NC(C)C)c1,0.21
1049,Toxogonin,O/N=C/c1cc[n+](COC[n+]2ccc(/C=N/O)cc2)cc1,0.17
1050,Tozasertib,Cc1cc(Nc2cc(N3CC[NH+](C)CC3)nc(Sc3ccc(NC(=O)C4CC4)cc3)n2)n[nH]1,5.1
1051,Trabectedin,COc1cc2c(cc1O)CCNC21CSC2c3c(OC(C)=O)c(C)c4c(c3C(COC1=O)N1C(O)C3Cc5cc(C)c(OC)c(O)c5C(C21)[NH+]3C)OCO4,25.0
1052,Tramadol,COc1cccc(C2(O)CCCCC2C[NH+](C)C)c1,2.8
1053,Trametinib,CC(=O)Nc1cccc(-n2c(=O)n(C3CC3)c(=O)c3c(Nc4ccc(I)cc4F)n(C)c(=O)c(C)c32)c1,13.94
1054,Trandolapril,CCOC(=O)C(CCc1ccccc1)NC(C)C(=O)N1C(C(=O)[O-])CC2CCCCC21,0.25
1055,Tranexamic acid,[NH3+]CC1CCC(C(=O)[O-])CC1,0.38
1056,Traxoprodil,CC(C(O)c1ccc(O)cc1)[NH+]1CCC(O)(c2ccccc2)CC1,4.4
1057,Trazodone,O=c1n(CCCN2CCN(c3cccc(Cl)c3)CC2)nc2ccccn12,0.52
1058,Treosulfan,CS(=O)(=O)OCC(O)C(O)COS(C)(=O)=O,0.59
1059,Treprostinil,CCCCCC(O)CCC1C(O)CC2Cc3c(cccc3OCC(=O)[O-])CC21,0.23
1060,Triamcinolone Acetonide,CC1(C)OC2CC3C4CCC5=CC(=O)C=CC5(C)C4(F)C(O)CC3(C)C2(C(=O)CO)O1,1.4
1061,Triamterene,Nc1nc(N)c2nc(-c3ccccc3)c(N)nc2n1,13.0
1062,Triapine,NC(=S)N/N=C/c1ncccc1N,0.41
1063,Triazolam,Cc1nnc2n1-c1ccc(Cl)cc1C(c1ccccc1Cl)=NC2,0.58
1064,Trimazosin,COc1cc2c(N)nc(N3CCN(C(=O)OCC(C)(C)O)CC3)nc2c(OC)c1OC,0.18
1065,Trimethoprim,COc1cc(Cc2cnc(N)nc2N)cc(OC)c1OC,1.5
1066,Trimetrexate,COc1cc(NCc2ccc3nc(N)nc(N)c3c2C)cc(OC)c1OC,0.77
1067,Trimipramine,CC(CN1c2ccccc2CCc2ccccc21)C[NH+](C)C,16.0
1068,Tropatepine,C[NH+]1C2CCC1CC(=C1c3ccccc3CSc3ccccc31)C2,11.85
1069,Tropisetron,C[NH+]1C2CCC1CC(OC(=O)c1c[nH]c3ccccc13)C2,9.7
1070,Trospectomycin,CCCCC1CC(=O)C2(O)OC3C([NH2+]C)C(O)C(NC)C(O)C3OC2O1,0.7
1071,Trospium,Nc1cccc(N)c1N,5.1
1072,Trovafloxacin,[NH3+]C1C2CN(c3nc4c(cc3F)c(=O)c(C(=O)[O-])cn4-c3ccc(F)cc3F)CC12,1.3
1073,Troxacitabine,Nc1ccn(C2COC(CO)O2)c(=O)n1,1.0
1074,Tubocurarine,COc1cc2c3cc1Oc1cc(ccc1O)CC1c4c(cc(OC)c(O)c4Oc4ccc(cc4)CC3[NH+](C)CC2)CC[N+]1(C)C,0.45
1075,TZP 101,CC1C[NH2+]C(C2CC2)C(=O)N(C)C(C)C(=O)NC(Cc2ccc(F)cc2)C(=O)NCCCc2ccccc2O1,0.1
1076,"UK-240,455",CS(=O)(=O)N(CCO)c1c(Cl)c(Cl)cc2[nH]c(=O)c(=O)[nH]c12,0.8
1077,Urapidil,COc1ccccc1N1CCN(CCCNc2cc(=O)n(C)c(=O)n2C)CC1,0.75
1078,Ursolic acid,CC1CCC2(C(=O)[O-])CCC3(C)C(=CCC4C5(C)CCC(O)C(C)(C)C5CCC43C)C2C1C,0.54
1079,Valdecoxib,Cc1onc(-c2ccccc2)c1-c1ccc(S(N)(=O)=O)cc1,0.75
1080,Valproic Acid,CCCC(CCC)C(=O)[O-],0.14
1081,Valsartan,CCCCC(=O)N(Cc1ccc(-c2ccccc2-c2nnn[n-]2)cc1)C(C(=O)[O-])C(C)C,0.22
1084,Vardenafil,CCCc1nc(C)c2c(=O)[nH]c(-c3cc(S(=O)(=O)N4CC[NH+](CC)CC4)ccc3OCC)nn12,3.0
1085,Vecuronium Bromide,CC(=O)OC1CC2CCC3C(CCC4(C)C3CC([N+]3(C)CCCCC3)C4OC(C)=O)C2(C)CC1[NH+]1CCCCC1,0.3
1087,Venlafaxine,COc1ccc(C(C[NH+](C)C)C2(O)CCCCC2)cc1,4.4
1088,Verapamil,COc1ccc(CC[NH+](C)CCCC(C#N)(c2ccc(OC)c(OC)c2)C(C)C)cc1OC,3.7
1089,Verlukast,CN(C)C(=O)CCSC(SCCC(=O)[O-])c1cccc(/C=C/c2ccc3ccc(Cl)cc3n2)c1,0.11
1090,Vernakalant,COc1ccc(CCOC2CCCCC2[NH+]2CCC(O)C2)cc1OC,1.8
1093,Vilanterol,OCc1cc(C(O)C[NH2+]CCCCCCOCCOCc2c(Cl)cccc2Cl)ccc1O,2.38
1094,Vildagliptin,N#CC1CCCN1C(=O)C[NH2+]C12CC3CC(CC(O)(C3)C1)C2,1.03
1095,Viloxazine,CCOc1ccccc1OCC1C[NH2+]CCO1,0.73
1100,Vinpocetine,CCOC(=O)C1=CC2(CC)CCCN3CCc4c(n1c1ccccc41)C32,2.08
1101,Vismodegib,CS(=O)(=O)c1ccc(C(=O)Nc2ccc(Cl)c(-c3ccccn3)c2)c(Cl)c1,0.23
1102,Volasertib,CCC1C(=O)N(C)c2cnc(Nc3ccc(C(=O)NC4CCC([NH+]5CCN(CC6CC6)CC5)CC4)cc3OC)nc2N1C(C)C,80.5
1103,Voriconazole,CC(c1ncncc1F)C(O)(Cn1cncn1)c1ccc(F)cc1F,2.2
1104,Vorinostat,O=C(CCCCCCC(=O)Nc1ccccc1)NO,0.5
1105,Vortioxetine,Cc1ccc(Sc2ccccc2N2CC[NH2+]CC2)c(C)c1,35.3
1106,Warfarin,CC(=O)CC(c1ccccc1)c1c([O-])c2ccccc2oc1=O,0.13
1107,Xamoterol,O=C(NCC[NH2+]CC(O)COc1ccc(O)cc1)N1CCOCC1,0.64
1108,XK469R,CC(Oc1ccc(Oc2cnc3ccc(Cl)cc3n2)cc1)C(=O)[O-],0.19
1109,XR5000,C[NH+](C)CCNC(=O)c1cccc2cc3ccccc3nc12,3.41
1110,Xylose_D,O=CC(O)C(O)C(O)CO,0.23
1111,Y 20811,Cc1ccc(-n2ccnc2)cc1C(O)c1c(C)cc(C(=O)[O-])cc1C,0.37
1112,YM155,COCCn1c2c([n+](Cc3cnccn3)c1C)C(=O)c1ccccc1C2=O,23.7
1113,Yohimbine,COC(=O)C1C(O)CCC2CN3CCc4c([nH]c5ccccc45)C3CC21,0.48
1114,Zalcitabine,Nc1ccn(C2CCC(CO)O2)c(=O)n1,0.54
1115,Zaleplon,CCN(C(C)=O)c1cccc(-c2ccnc3c(C#N)cnn23)c1,1.3
1116,Zalypsis,COc1c(C)cc2c(c1O)C1C3Cc4c(OC(C)=O)c(C)c5c(c4C(CNC(=O)/C=C/c4cccc(C(F)(F)F)c4)N3C(O)C(C2)[NH+]1C)OCO5,12.6
1117,Zanamivir,CC(=O)NC1C(NC(N)=[NH2+])C=C(C(=O)[O-])OC1C(O)C(O)CO,0.23
1118,ZD-9331,C#CCN(Cc1cc2c(=O)nc(C)[nH]c2cc1C)c1ccc(C(=O)NC(CCc2nnn[n-]2)C(=O)[O-])c(F)c1,0.53
1119,Zidovudine,Cc1cn(C2CC(N=[N+]=N)C(CO)O2)c(=O)[nH]c1=O,1.8
1120,Zimelidine,C[NH+](C)C/C=C(/c1ccc(Br)cc1)c1cccnc1,6.8
1121,Ziprasidone,O=C1Cc2cc(CCN3CCN(c4nsc5ccccc45)CC3)c(Cl)cc2N1,1.0
1123,Zoledronic Acid,O=P([O-])([O-])C(O)(Cn1ccnc1)P(=O)([O-])O,0.6
1124,Zolmitriptan,C[NH+](C)CCc1c[nH]c2ccc(CC3COC(=O)N3)cc12,1.8
1125,Zolpidem,Cc1ccc(-c2nc3ccc(C)cn3c2CC(=O)N(C)C)cc1,0.54
1126,Zonampanel,O=C([O-])Cn1c(=O)c(=O)[nH]c2cc([N+](=O)[O-])c(-n3ccnc3)cc21,0.19
1127,Zoniporide,N=C(N)NC(=O)c1cnn(-c2cccc3ncccc23)c1C1CC1,1.7
1128,Zopiclone,C[NH+]1CCN(C(=O)OC2c3nccnc3C(=O)N2c2ccc(Cl)cn2)CC1,1.3
