,Drug_ID,SMILES,Bioavailability_Ma
0,Dimercaprol,OCC(S)CS,0
1,Edrophonium,CC[N+](C)(C)c1cccc(O)c1,0
2,Carbimazole,CCOC(=O)n1ccn(C)c1=S,0
3,Vidarabine,Nc1ncnc2c1ncn2[C@@H]1O[C@H](CO)[C@@H](O)[C@@H]1O,0
4,Cefacetrile,CC(=O)OCC1=C(C(=O)O)N2C(=O)[C@@H](NC(=O)CC#N)[C@H]2SC1,0
5,Pentamidine,N=C(N)c1ccc(OCCCCCOc2ccc(C(=N)N)cc2)cc1,0
6,Ceftizoxime,CO/N=C(\C(=O)N[C@@H]1C(=O)N2C(C(=O)O)=CCS[C@H]12)c1csc(N)n1,0
7,Meropenem,C[C@@H](O)[C@H]1C(=O)N2C(C(=O)O)=C(S[C@@H]3CN[C@H](C(=O)N(C)C)C3)[C@H](C)[C@H]12,0
8,Ticarcillin,CC1(C)S[C@@H]2[C@H](NC(=O)[C@H](C(=O)O)c3ccsc3)C(=O)N2[C@H]1C(=O)O,0
9,Cefoxitin,CO[C@@]1(NC(=O)Cc2cccs2)C(=O)N2C(C(=O)O)=C(COC(N)=O)CS[C@@H]21,0
10,Azlocillin,CC1(C)S[C@@H]2[C@H](NC(=O)[C@H](NC(=O)N3CCNC3=O)c3ccccc3)C(=O)N2[C@H]1C(=O)O,0
11,Ceftazidime,CC(C)(O/N=C(\C(=O)N[C@@H]1C(=O)N2C(C(=O)[O-])=C(C[n+]3ccccc3)CS[C@H]12)c1csc(N)n1)C(=O)O,0
13,Ceftriaxone,CO/N=C(\C(=O)N[C@@H]1C(=O)N2C(C(=O)O)=C(CSc3nc(=O)c(=O)[nH]n3C)CS[C@H]12)c1csc(N)n1,0
14,Epirubicin,COc1cccc2c1C(=O)c1c(O)c3c(c(O)c1C2=O)C[C@@](O)(C(=O)CO)C[C@@H]3O[C@H]1C[C@H](N)[C@@H](O)[C@H](C)O1,0
17,Cefodizime,CO/N=C(\C(=O)N[C@@H]1C(=O)N2C(C(=O)O)=C(CSc3nc(C)c(CC(=O)O)s3)CS[C@H]12)c1csc(N)n1,0
20,Emepronium,CC[N+](C)(C)C(C)CC(c1ccccc1)c1ccccc1,0
21,Imipenem,C[C@@H](O)[C@H]1C(=O)N2C(C(=O)O)=C(SCC/N=C/N)C[C@H]12,0
22,Ibandronate,CCCCCN(C)CCC(O)(P(=O)(O)O)P(=O)(O)O,0
23,Oxitropium,CC[N+]1(C)[C@H]2C[C@H](OC(=O)[C@H](CO)c3ccccc3)C[C@@H]1[C@H]1O[C@@H]21,0
24,Fentanyl,CCC(=O)N(c1ccccc1)C1CCN(CCc2ccccc2)CC1,0
25,Alfentanil,CCC(=O)N(c1ccccc1)C1(COC)CCN(CCn2nnn(CC)c2=O)CC1,0
26,Benzthiazide,NS(=O)(=O)c1cc2c(cc1Cl)N=C(CSCc1ccccc1)NS2(=O)=O,0
27,Aztreonam,C[C@H]1[C@H](NC(=O)/C(=N\OC(C)(C)C(=O)O)c2csc([NH3+])n2)C(=O)N1S(=O)(=O)[O-],0
29,Terfenadine,CC(C)(C)c1ccc(C(O)CCCN2CCC(C(O)(c3ccccc3)c3ccccc3)CC2)cc1,0
30,Barnidipine,COC(=O)C1=C(C)NC(C)=C(C(=O)O[C@H]2CCN(Cc3ccccc3)C2)[C@H]1c1cccc([N+](=O)[O-])c1,0
36,Neostigmine,CN(C)C(=O)Oc1cccc([N+](C)(C)C)c1,0
37,Fenoterol,CC(Cc1ccc(O)cc1)NCC(O)c1cc(O)cc(O)c1,0
38,Naloxone,C=CCN1CC[C@]23c4c5ccc(O)c4O[C@H]2C(=O)CC[C@@]3(O)[C@H]1C5,0
39,Zanamivir,CC(=O)N[C@@H]1[C@@H](N=C(N)N)C=C(C(=O)O)O[C@H]1[C@H](O)[C@H](O)CO,0
40,Cimetropium,C[N+]1(CC2CC2)[C@H]2C[C@H](OC(=O)[C@H](CO)c3ccccc3)C[C@@H]1[C@H]1O[C@@H]21,0
41,Buspirone,O=C1CC2(CCCC2)CC(=O)N1CCCCN1CCN(c2ncccn2)CC1,0
42,Raloxifene,O=C(c1ccc(OCCN2CCCCC2)cc1)c1c(-c2ccc(O)cc2)sc2cc(O)ccc12,0
46,Norepinephrine,NC[C@H](O)c1ccc(O)c(O)c1,0
47,Ipratropium,CC(C)[N+]1(C)[C@H]2CC[C@@H]1C[C@H](OC(=O)C(CO)c1ccccc1)C2,0
48,Nedocromil,CCCc1c2oc(C(=O)O)cc(=O)c2cc2c(=O)cc(C(=O)O)n(CC)c12,0
49,Simvastatin,CCC(C)(C)C(=O)O[C@H]1C[C@@H](C)C=C2C=C[C@H](C)[C@H](CC[C@@H]3C[C@@H](O)CC(=O)O3)[C@H]21,0
50,Fluphenazine,OCCN1CCN(CCCN2c3ccccc3Sc3ccc(C(F)(F)F)cc32)CC1,0
51,Testosterone,C[C@]12CC[C@H]3[C@@H](CCC4=CC(=O)CC[C@@]43C)[C@@H]1CC[C@@H]2O,0
53,Norfenefrine,NCC(O)c1cccc(O)c1,0
54,Acetylcysteine,CC(=O)N[C@@H](CS)C(=O)O,0
55,Clofibrate,CCOC(=O)C(C)(C)Oc1ccc(Cl)cc1,0
56,Ganciclovir,Nc1nc2c(ncn2COC(CO)CO)c(=O)[nH]1,0
57,Estradiol,C[C@]12CC[C@@H]3c4ccc(O)cc4CC[C@H]3[C@@H]1CC[C@@H]2O,0
58,Desogestrel,C#C[C@]1(O)CC[C@H]2[C@@H]3CCC4=CCCC[C@@H]4[C@H]3C(=C)C[C@@]21CC,0
59,Tetrabenazine,COc1cc2c(cc1OC)C1CC(=O)C(CC(C)C)CN1CC2,0
60,Amdinocillin,CC1(C)S[C@@H]2[C@H](N=CN3CCCCCC3)C(=O)N2[C@H]1C(=O)O,0
61,Nisoldipine,COC(=O)C1=C(C)NC(C)=C(C(=O)OCC(C)C)C1c1ccccc1[N+](=O)[O-],0
62,Melagatran,N=C(N)c1ccc(CNC(=O)[C@@H]2CCN2C(=O)[C@H](NCC(=O)O)C2CCCCC2)cc1,0
63,Astemizole,COc1ccc(CCN2CCC(Nc3nc4ccccc4n3Cc3ccc(F)cc3)CC2)cc1,0
64,Probucol,CC(C)(Sc1cc(C(C)(C)C)c(O)c(C(C)(C)C)c1)Sc1cc(C(C)(C)C)c(O)c(C(C)(C)C)c1,0
65,Doxorubicin,COc1cccc2c1C(=O)c1c(O)c3c(c(O)c1C2=O)C[C@@](O)(C(=O)CO)C[C@@H]3O[C@H]1C[C@H](N)[C@H](O)[C@H](C)O1,0
67,Oxybutynin,CCN(CC)CC#CCOC(=O)C(O)(c1ccccc1)C1CCCCC1,0
68,Proquazone,Cc1ccc2c(-c3ccccc3)nc(=O)n(C(C)C)c2c1,0
69,Praziquantel,O=C(C1CCCCC1)N1CC(=O)N2CCc3ccccc3C2C1,0
70,Xamoterol,O=C(NCCNCC(O)COc1ccc(O)cc1)N1CCOCC1,0
71,Vinpocetine,CCOC(=O)C1=C[C@]2(CC)CCCN3CCc4c(n1c1ccccc41)[C@@H]32,0
72,Dixyrazine,CC(CN1CCN(CCOCCO)CC1)CN1c2ccccc2Sc2ccccc21,0
74,Uridine,O=c1ccn([C@@H]2O[C@H](CO)[C@@H](O)[C@H]2O)c(=O)[nH]1,0
75,Alprenolol,C=CCc1ccccc1OCC(O)CNC(C)C,0
76,Epanolol,N#Cc1ccccc1OCC(O)CNCCNC(=O)Cc1ccc(O)cc1,0
77,Ibutilide,CCCCCCCN(CC)CCCC(O)c1ccc(NS(C)(=O)=O)cc1,0
78,Distigmine,CN(CCCCCCN(C)C(=O)Oc1ccc[n+](C)c1)C(=O)Oc1ccc[n+](C)c1,0
79,Meptazinol,CCC1(c2cccc(O)c2)CCCCN(C)C1,0
80,Selegiline,C#CCN(C)[C@H](C)Cc1ccccc1,0
81,Apomorphine,CN1CCc2cccc3c2[C@H]1Cc1ccc(O)c(O)c1-3,0
82,Physostigmine,CNC(=O)Oc1ccc2c(c1)[C@]1(C)CCN(C)[C@@H]1N2C,0
83,Zotepine,CN(C)CCOC1=Cc2ccccc2Sc2ccc(Cl)cc21,0
84,Atovaquone,O=C1C(O)=C([C@H]2CC[C@H](c3ccc(Cl)cc3)CC2)C(=O)c2ccccc21,0
85,Azosemide,NS(=O)(=O)c1cc(-c2nn[nH]n2)c(NCc2cccs2)cc1Cl,0
86,Trandolapril,CCOC(=O)[C@H](CCc1ccccc1)N[C@@H](C)C(=O)N1[C@H](C(=O)O)C[C@H]2CCCC[C@@H]21,0
87,Acamprosate,CC(=O)NCCCS(=O)(=O)O,0
88,Nimodipine,COCCOC(=O)C1=C(C)NC(C)=C(C(=O)OC(C)C)C1c1cccc([N+](=O)[O-])c1,0
89,Mercaptopurine,S=c1nc[nH]c2nc[nH]c12,0
90,Melatonin,COc1ccc2[nH]cc(CCNC(C)=O)c2c1,0
91,Adefovir,Nc1ncnc2c1ncn2CCOCP(=O)(O)O,0
92,Propafenone,CCCNCC(O)COc1ccccc1C(=O)CCc1ccccc1,0
93,Budesonide,CCCC1O[C@@H]2C[C@H]3[C@@H]4CCC5=CC(=O)C=C[C@]5(C)[C@H]4[C@@H](O)C[C@]3(C)[C@]2(C(=O)CO)O1,0
94,Foscarnet,O=C(O)P(=O)(O)O,0
95,Bifemelane,CNCCCCOc1ccccc1Cc1ccccc1,0
96,Chlorothiazide,NS(=O)(=O)c1cc2c(cc1Cl)NC=NS2(=O)=O,0
97,Methysergide,CCC(CO)NC(=O)[C@@H]1C=C2c3cccc4c3c(cn4C)C[C@H]2N(C)C1,0
98,Eprosartan,CCCCc1ncc(/C=C(\Cc2cccs2)C(=O)O)n1Cc1ccc(C(=O)O)cc1,0
99,Pyridostigmine,CN(C)C(=O)Oc1ccc[n+](C)c1,0
100,Terbutaline,CC(C)(C)NCC(O)c1cc(O)cc(O)c1,0
101,Sumatriptan,CNS(=O)(=O)Cc1ccc2[nH]cc(CCN(C)C)c2c1,0
102,Lisuride,CCN(CC)C(=O)N[C@H]1C=C2c3cccc4[nH]cc(c34)C[C@H]2N(C)C1,0
103,Pirenzepine,CN1CCN(CC(=O)N2c3ccccc3C(=O)Nc3cccnc32)CC1,0
104,Nilvadipine,COC(=O)C1=C(C#N)NC(C)=C(C(=O)OC(C)C)C1c1cccc([N+](=O)[O-])c1,0
105,Atorvastatin,CC(C)c1c(C(=O)Nc2ccccc2)c(-c2ccccc2)c(-c2ccc(F)cc2)n1CC[C@@H](O)C[C@@H](O)CC(=O)O,0
106,Methylphenidate,COC(=O)C(c1ccccc1)C1CCCCN1,0
107,Alprostadil,CCCCC[C@H](O)/C=C/[C@H]1[C@H](O)CC(=O)[C@@H]1CCCCCCC(=O)O,0
108,Prochlorperazine,CN1CCN(CCCN2c3ccccc3Sc3ccc(Cl)cc32)CC1,0
109,Felodipine,CCOC(=O)C1=C(C)NC(C)=C(C(=O)OC)C1c1cccc(Cl)c1Cl,0
110,Domperidone,O=c1[nH]c2ccccc2n1CCCN1CCC(n2c(=O)[nH]c3cc(Cl)ccc32)CC1,0
111,Mannitol,OC[C@@H](O)[C@@H](O)[C@H](O)[C@H](O)CO,0
112,Nalbuphine,Oc1ccc2c3c1O[C@H]1[C@@H](O)CC[C@@]4(O)[C@@H](C2)N(CC2CCC2)CC[C@]314,0
113,Iloprost,CC#CCC(C)[C@H](O)/C=C/[C@@H]1[C@H]2C/C(=C/CCCC(=O)O)C[C@H]2C[C@H]1O,0
114,Pentazocine,CC(C)=CCN1CC[C@@]2(C)c3cc(O)ccc3C[C@@H]1[C@@H]2C,0
115,Indoramin,O=C(NC1CCN(CCc2c[nH]c3ccccc23)CC1)c1ccccc1,0
116,Pravastatin,CC[C@H](C)C(=O)O[C@H]1C[C@H](O)C=C2C=C[C@H](C)[C@H](CC[C@@H](O)C[C@@H](O)CC(=O)O)[C@H]21,0
117,Lacidipine,CCOC(=O)C1=C(C)NC(C)=C(C(=O)OCC)C1c1ccccc1/C=C/C(=O)OC(C)(C)C,0
118,Isradipine,COC(=O)C1=C(C)NC(C)=C(C(=O)OC(C)C)C1c1cccc2nonc12,0
119,Gallopamil,COc1ccc(CCN(C)CCCC(C#N)(c2cc(OC)c(OC)c(OC)c2)C(C)C)cc1OC,0
120,Guanethidine,NC(N)=NCCN1CCCCCCC1,0
121,Acyclovir,Nc1nc(=O)c2ncn(COCCO)c2[nH]1,0
122,Ketamine,CNC1(c2ccccc2Cl)CCCCC1=O,0
123,Dihydrocodeine,COc1ccc2c3c1O[C@H]1[C@@H](O)CC[C@H]4[C@@H](C2)N(C)CC[C@]314,0
124,Terguride,CCN(CC)C(=O)N[C@H]1C[C@@H]2c3cccc4[nH]cc(c34)C[C@H]2N(C)C1,0
125,Vincamine,CC[C@]12CCCN3CCc4c(n(c5ccccc45)[C@@](O)(C(=O)OC)C1)[C@@H]32,0
126,Cinacalcet,C[C@@H](NCCCc1cccc(C(F)(F)F)c1)c1cccc2ccccc12,0
127,Auranofin,CCP(CC)(CC)=[Au]S[C@@H]1O[C@H](COC(C)=O)[C@@H](OC(C)=O)[C@H](OC(C)=O)[C@H]1OC(C)=O,0
128,Lorcainide,CC(C)N1CCC(N(C(=O)Cc2ccccc2)c2ccc(Cl)cc2)CC1,0
129,Flunisolide,CC1(C)O[C@@H]2C[C@H]3[C@@H]4C[C@H](F)C5=CC(=O)C=C[C@]5(C)[C@H]4[C@@H](O)C[C@]3(C)[C@]2(C(=O)CO)O1,0
130,Metopimazine,CS(=O)(=O)c1ccc2c(c1)N(CCCN1CCC(C(N)=O)CC1)c1ccccc1S2,0
131,Nefazodone,CCc1nn(CCCN2CCN(c3cccc(Cl)c3)CC2)c(=O)n1CCOc1ccccc1,0
132,Rosuvastatin,CC(C)c1nc(N(C)S(C)(=O)=O)nc(-c2ccc(F)cc2)c1/C=C/[C@@H](O)C[C@@H](O)CC(=O)O,0
133,Hypericin,Cc1cc(O)c2c(=O)c3c(O)cc(O)c4c5c(O)cc(O)c6c(=O)c7c(O)cc(C)c8c1c2c(c34)c(c78)c65,0
136,Tizanidine,Clc1ccc2nsnc2c1NC1=NCCN1,1
137,Medifoxamine,CN(C)CC(Oc1ccccc1)Oc1ccccc1,1
138,Streptozocin,CN(N=O)C(=O)N[C@H]1[C@@H](O)O[C@H](CO)[C@@H](O)[C@@H]1O,1
139,Flumazenil,CCOC(=O)c1ncn2c1CN(C)C(=O)c1cc(F)ccc1-2,1
140,Verapamil,COc1ccc(CCN(C)CCCC(C#N)(c2ccc(OC)c(OC)c2)C(C)C)cc1OC,1
141,ximelagatran,CCOC(=O)CN[C@@H](C(=O)N1CC[C@H]1C(=O)NCc1ccc(/C(N)=N/O)cc1)C1CCCCC1,1
143,Mianserin,CN1CCN2c3ccccc3Cc3ccccc3C2C1,1
144,Mebendazole,COC(=O)Nc1nc2ccc(C(=O)c3ccccc3)cc2[nH]1,1
145,Naltrexone,O=C1CC[C@@]2(O)[C@H]3Cc4ccc(O)c5c4[C@@]2(CCN3CC2CC2)[C@H]1O5,1
146,Cefdinir,C=CC1=C(C(=O)O)N2C(=O)[C@@H](NC(=O)/C(=N\O)c3csc(N)n3)[C@H]2SC1,1
147,Hydralazine,NNc1nncc2ccccc12,1
148,Bretylium,CC[N+](C)(C)Cc1ccccc1Br,1
149,Metergoline,CN1C[C@H](CNC(=O)OCc2ccccc2)C[C@@H]2c3cccc4c3c(cn4C)C[C@H]21,1
150,Valsartan,CCCCC(=O)N(Cc1ccc(-c2ccccc2-c2nn[nH]n2)cc1)[C@H](C(=O)O)C(C)C,1
151,Nicardipine,COC(=O)C1=C(C)NC(C)=C(C(=O)OCCN(C)Cc2ccccc2)C1c1cccc([N+](=O)[O-])c1,1
152,Morphine,CN1CC[C@]23c4c5ccc(O)c4O[C@H]2[C@@H](O)C=C[C@H]3[C@H]1C5,1
153,Fluvastatin,CC(C)n1c(/C=C/[C@H](O)C[C@H](O)CC(=O)O)c(-c2ccc(F)cc2)c2ccccc21,1
154,Clomethiazole,Cc1ncsc1CCCl,1
155,Phenacetin,CCOc1ccc(NC(C)=O)cc1,1
156,Methyldopa,C[C@](N)(Cc1ccc(O)c(O)c1)C(=O)O,1
157,Promethazine,CC(CN1c2ccccc2Sc2ccccc21)N(C)C,1
158,Tenofovir,C[C@H](Cn1cnc2c(N)ncnc21)OCP(=O)(O)O,1
159,Progesterone,CC(=O)[C@H]1CC[C@H]2[C@@H]3CCC4=CC(=O)CC[C@]4(C)[C@H]3CC[C@]12C,1
160,Chlorpromazine,CN(C)CCCN1c2ccccc2Sc2ccc(Cl)cc21,1
161,Labetalol,CC(CCc1ccccc1)NCC(O)c1ccc(O)c(C(N)=O)c1,1
162,Sulfasalazine,O=C(O)c1cc(/N=N/c2ccc(S(=O)(=O)Nc3ccccn3)cc2)ccc1O,1
163,Carvedilol,COc1ccccc1OCCNCC(O)COc1cccc2[nH]c3ccccc3c12,1
164,Lincomycin,CCC[C@@H]1C[C@@H](C(=O)N[C@H]([C@@H](C)O)[C@H]2O[C@H](SC)[C@H](O)[C@@H](O)[C@H]2O)N(C)C1,1
165,Miconazole,Clc1ccc(COC(Cn2ccnc2)c2ccc(Cl)cc2Cl)c(Cl)c1,1
166,Spironolactone,CC(=O)S[C@@H]1CC2=CC(=O)CC[C@]2(C)[C@H]2CC[C@@]3(C)[C@@H](CC[C@@]34CCC(=O)O4)[C@@H]21,1
167,Glucosamine,N[C@H]1C(O)O[C@H](CO)[C@@H](O)[C@@H]1O,1
168,Metolazone,Cc1ccccc1N1C(=O)c2cc(S(N)(=O)=O)c(Cl)cc2NC1C,1
169,Cilazaprilat,O=C(O)[C@H](CCc1ccccc1)N[C@H]1CCCN2CCC[C@@H](C(=O)O)N2C1=O,1
170,Lisinopril,NCCCC[C@H](N[C@@H](CCc1ccccc1)C(=O)O)C(=O)N1CCC[C@H]1C(=O)O,1
171,Pipotiazine,CN(C)S(=O)(=O)c1ccc2c(c1)N(CCCN1CCC(CCO)CC1)c1ccccc1S2,1
172,Tacrine,Nc1c2c(nc3ccccc13)CCCC2,1
173,Frovatriptan,CN[C@@H]1CCc2[nH]c3ccc(C(N)=O)cc3c2C1,1
174,Venlafaxine,COc1ccc(C(CN(C)C)C2(O)CCCCC2)cc1,1
175,Scopolamine,CN1[C@H]2C[C@H](OC(=O)[C@H](CO)c3ccccc3)C[C@@H]1[C@H]1O[C@@H]21,1
176,Sulpiride,CCN1CCCC1CNC(=O)c1cc(S(N)(=O)=O)ccc1OC,1
177,Encainide,COc1ccc(C(=O)Nc2ccccc2CCC2CCCCN2C)cc1,1
178,Idarubicin,CC(=O)[C@]1(O)Cc2c(O)c3c(c(O)c2[C@@H](O[C@H]2C[C@H](N)[C@H](O)[C@H](C)O2)C1)C(=O)c1ccccc1C3=O,1
179,Fluorouracil,O=c1[nH]cc(F)c(=O)[nH]1,1
180,Papaverine,COc1ccc(Cc2nccc3cc(OC)c(OC)cc23)cc1OC,1
181,Buprenorphine,CO[C@]12CC[C@@]3(C[C@@H]1[C@](C)(O)C(C)(C)C)[C@H]1Cc4ccc(O)c5c4[C@@]3(CCN1CC1CC1)[C@H]2O5,1
182,Doxepin,CN(C)CCC=C1c2ccccc2COc2ccccc21,1
183,Nicotine,CN1CCC[C@H]1c1cccnc1,1
184,Propranolol,CC(C)NCC(O)COc1cccc2ccccc12,1
185,Pentoxifylline,CC(=O)CCCCn1c(=O)c2c(ncn2C)n(C)c1=O,1
186,Lynestrenol,C#C[C@]1(O)CC[C@H]2[C@@H]3CCC4=CCCC[C@@H]4[C@H]3CC[C@@]21C,1
187,Nadolol,CC(C)(C)NCC(O)COc1cccc2c1C[C@H](O)[C@H](O)C2,1
188,Biperiden,OC(CCN1CCCCC1)(c1ccccc1)C1CC2C=CC1C2,1
189,Bucindolol,CC(C)(Cc1c[nH]c2ccccc12)NCC(O)COc1ccccc1C#N,1
190,Flurazepam,CCN(CC)CCN1C(=O)CN=C(c2ccccc2F)c2cc(Cl)ccc21,1
191,Noscapine,COc1ccc2c(c1OC)C(=O)O[C@@H]2[C@H]1c2c(cc3c(c2OC)OCO3)CCN1C,1
192,Nafcillin,CCOc1ccc2ccccc2c1C(=O)N[C@@H]1C(=O)N2[C@@H](C(=O)O)C(C)(C)S[C@H]12,1
193,Chlortetracycline,CN(C)[C@@H]1C(O)=C(C(N)=O)C(=O)[C@@]2(O)C(O)=C3C(=O)c4c(O)ccc(Cl)c4[C@@](C)(O)[C@H]3C[C@@H]12,1
194,Fexofenadine,CC(C)(C(=O)O)c1ccc(C(O)CCCN2CCC(C(O)(c3ccccc3)c3ccccc3)CC2)cc1,1
195,Zaleplon,CCN(C(C)=O)c1cccc(-c2ccnc3c(C#N)cnn23)c1,1
196,Topotecan,CC[C@@]1(O)C(=O)OCc2c1cc1n(c2=O)Cc2cc3c(CN(C)C)c(O)ccc3nc2-1,1
197,Prenalterol,CC(C)NC[C@H](O)COc1ccc(O)cc1,1
198,Lidocaine,CCN(CC)CC(=O)Nc1c(C)cccc1C,1
199,Isotretinoin,CC1=C(/C=C/C(C)=C/C=C/C(C)=C\C(=O)O)C(C)(C)CCC1,1
200,Moxestrol,C#C[C@]1(O)CC[C@H]2[C@@H]3CCc4cc(O)ccc4[C@H]3[C@@H](OC)C[C@@]21C,1
201,Propiomazine,CCC(=O)c1ccc2c(c1)N(CC(C)N(C)C)c1ccccc1S2,1
202,Yohimbine,COC(=O)[C@H]1[C@@H](O)CC[C@H]2CN3CCc4c([nH]c5ccccc45)[C@@H]3C[C@@H]21,1
203,Oxacillin,Cc1onc(-c2ccccc2)c1C(=O)N[C@@H]1C(=O)N2[C@@H](C(=O)O)C(C)(C)S[C@H]12,1
204,Losartan,CCCCc1nc(Cl)c(CO)n1Cc1ccc(-c2ccccc2-c2nn[nH]n2)cc1,1
205,Levodopa,N[C@@H](Cc1ccc(O)c(O)c1)C(=O)O,1
206,Ketobemidone,CCC(=O)C1(c2cccc(O)c2)CCN(C)CC1,1
207,Cefuroxime,CO/N=C(\C(=O)N[C@@H]1C(=O)N2C(C(=O)O)=C(COC(N)=O)CS[C@H]12)c1ccco1,1
208,Fosinopril,CCC(=O)O[C@@H](O[P@](=O)(CCCCc1ccccc1)CC(=O)N1C[C@H](C2CCCCC2)C[C@H]1C(=O)O)C(C)C,1
210,Perphenazine,OCCN1CCN(CCCN2c3ccccc3Sc3ccc(Cl)cc32)CC1,1
213,Nefopam,CN1CCOC(c2ccccc2)c2ccccc2C1,1
214,Fosfomycin,C[C@@H]1O[C@@H]1P(=O)(O)O,1
215,Acebutolol,CCCC(=O)Nc1ccc(OCC(O)CNC(C)C)c(C(C)=O)c1,1
216,Clemastine,CN1CCC[C@@H]1CCO[C@](C)(c1ccccc1)c1ccc(Cl)cc1,1
217,Benazepril,CCOC(=O)[C@H](CCc1ccccc1)N[C@H]1CCc2ccccc2N(CC(=O)O)C1=O,1
218,Desipramine,CNCCCN1c2ccccc2CCc2ccccc21,1
219,Pergolide,CCCN1C[C@H](CSC)C[C@@H]2c3cccc4[nH]cc(c34)C[C@H]21,1
220,Moricizine,CCOC(=O)Nc1ccc2c(c1)N(C(=O)CCN1CCOCC1)c1ccccc1S2,1
221,Adinazolam,CN(C)Cc1nnc2n1-c1ccc(Cl)cc1C(c1ccccc1)=NC2,1
222,Sildenafil,CCCc1nn(C)c2c(=O)[nH]c(-c3cc(S(=O)(=O)N4CCN(C)CC4)ccc3OCC)nc12,1
223,Rivastigmine,CCN(C)C(=O)Oc1cccc([C@H](C)N(C)C)c1,1
224,Trimipramine,CC(CN(C)C)CN1c2ccccc2CCc2ccccc21,1
225,Entacapone,CCN(CC)C(=O)/C(C#N)=C/c1cc(O)c(O)c([N+](=O)[O-])c1,1
226,Mitotane,Clc1ccc(C(c2ccccc2Cl)C(Cl)Cl)cc1,1
227,Nalmefene,C=C1CC[C@@]2(O)[C@H]3Cc4ccc(O)c5c4[C@@]2(CCN3CC2CC2)[C@H]1O5,1
228,Bromopride,CCN(CC)CCNC(=O)c1cc(Br)c(N)cc1OC,1
229,Bendamustine,Cn1c(CCCC(=O)O)nc2cc(N(CCCl)CCCl)ccc21,1
230,Thioridazine,CSc1ccc2c(c1)N(CCC1CCCCN1C)c1ccccc1S2,1
231,Celiprolol,CCN(CC)C(=O)Nc1ccc(OCC(O)CNC(C)(C)C)c(C(C)=O)c1,1
232,Benperidol,O=C(CCCN1CCC(n2c(O)nc3ccccc32)CC1)c1ccc(F)cc1,1
233,Flupentixol,OCCN1CCN(CC/C=C2/c3ccccc3Sc3ccc(C(F)(F)F)cc32)CC1,1
234,Cloxacillin,Cc1onc(-c2ccccc2Cl)c1C(=O)N[C@@H]1C(=O)N2[C@@H](C(=O)O)C(C)(C)S[C@H]12,1
235,Pimozide,O=c1[nH]c2ccccc2n1C1CCN(CCCC(c2ccc(F)cc2)c2ccc(F)cc2)CC1,1
236,Cisapride,COc1cc(N)c(Cl)cc1C(=O)N[C@@H]1CCN(CCCOc2ccc(F)cc2)C[C@@H]1OC,1
237,Loperamide,CN(C)C(=O)C(CCN1CCC(O)(c2ccc(Cl)cc2)CC1)(c1ccccc1)c1ccccc1,1
238,Chlorprothixene,CN(C)CC/C=C1/c2ccccc2Sc2ccc(Cl)cc21,1
240,Exemestane,C=C1C[C@@H]2[C@H](CC[C@]3(C)C(=O)CC[C@@H]23)[C@@]2(C)C=CC(=O)C=C12,1
241,Famotidine,NC(N)=Nc1nc(CSCCC(N)=NS(N)(=O)=O)cs1,1
242,Candesartan,CCOc1nc2cccc(C(=O)O)c2n1Cc1ccc(-c2ccccc2-c2nnn[nH]2)cc1,1
243,Cladribine,Nc1nc(Cl)nc2c1ncn2[C@H]1C[C@H](O)[C@@H](CO)O1,1
244,Telmisartan,CCCc1nc2c(C)cc(-c3nc4ccccc4n3C)cc2n1Cc1ccc(-c2ccccc2C(=O)O)cc1,1
245,Oxprenolol,C=CCOc1ccccc1OCC(O)CNC(C)C,1
246,Metoprolol,COCCc1ccc(OCC(O)CNC(C)C)cc1,1
247,Midazolam,Cc1ncc2n1-c1ccc(Cl)cc1C(c1ccccc1F)=NC2,1
248,Diltiazem,COc1ccc([C@@H]2Sc3ccccc3N(CCN(C)C)C(=O)[C@@H]2OC(C)=O)cc1,1
249,Quinapril,CCOC(=O)[C@H](CCc1ccccc1)N[C@@H](C)C(=O)N1Cc2ccccc2C[C@H]1C(=O)O,1
250,Ribavirin,NC(=O)c1ncn([C@@H]2O[C@H](CO)[C@@H](O)[C@H]2O)n1,1
251,Imipramine,CN(C)CCCN1c2ccccc2CCc2ccccc21,1
252,Zolmitriptan,CN(C)CCc1c[nH]c2ccc(C[C@H]3COC(=O)N3)cc12,1
253,Trimetrexate,COc1cc(NCc2ccc3nc(N)nc(N)c3c2C)cc(OC)c1OC,1
254,Troglitazone,Cc1c(C)c2c(c(C)c1O)CCC(C)(COc1ccc(CC3SC(=O)NC3=O)cc1)O2,1
255,Bufuralol,CCc1cccc2cc(C(O)CNC(C)(C)C)oc12,1
256,Amiodarone,CCCCc1oc2ccccc2c1C(=O)c1cc(I)c(OCCN(CC)CC)c(I)c1,1
257,Rizatriptan,CN(C)CCc1c[nH]c2ccc(Cn3cncn3)cc12,1
258,Hydromorphone,CN1CC[C@]23c4c5ccc(O)c4O[C@H]2C(=O)CC[C@H]3[C@H]1C5,1
259,Omeprazole,COc1ccc2nc(S(=O)Cc3ncc(C)c(OC)c3C)[nH]c2c1,1
260,Ramipril,CCOC(=O)[C@H](CCc1ccccc1)N[C@@H](C)C(=O)N1[C@H](C(=O)O)C[C@@H]2CCC[C@@H]21,1
261,Cefixime,C=CC1=C(C(=O)O)N2C(=O)[C@@H](NC(=O)/C(=N\OCC(=O)O)c3csc(N)n3)[C@H]2SC1,1
262,Tulobuterol,CC(C)(C)NCC(O)c1ccccc1Cl,1
263,Molsidomine,CCOC(=O)[N-]c1c[n+](N2CCOCC2)no1,1
264,Amitriptyline,CN(C)CCC=C1c2ccccc2CCc2ccccc21,1
265,Nifedipine,COC(=O)C1=C(C)NC(C)=C(C(=O)OC)C1c1ccccc1[N+](=O)[O-],1
266,Amisulpride,CCN1CCCC1CNC(=O)c1cc(S(=O)(=O)CC)c(N)cc1OC,1
267,Penclomedine,COc1nc(C(Cl)(Cl)Cl)c(Cl)c(OC)c1Cl,1
268,Penicillamine,CC(C)(S)[C@@H](N)C(=O)O,1
269,Fructose,OC[C@@H]1O[C@@](O)(CO)[C@H](O)[C@H]1O,1
270,Amiloride,N=C(N)NC(=O)c1nc(Cl)c(N)nc1N,1
271,Mirtazapine,CN1CCN2c3ncccc3Cc3ccccc3C2C1,1
272,Ropinirole,CCCN(CCC)CCc1cccc2c1CC(=O)N2,1
273,Atropine,CN1[C@H]2CC[C@@H]1C[C@H](OC(=O)C(CO)c1ccccc1)C2,1
274,Codeine,COc1ccc2c3c1O[C@H]1[C@@H](O)C=C[C@H]4[C@@H](C2)N(C)CC[C@]314,1
275,Metoclopramide,CCN(CC)CCNC(=O)c1cc(Cl)c(N)cc1OC,1
276,Methotrimeprazine,COc1ccc2c(c1)N(C[C@H](C)CN(C)C)c1ccccc1S2,1
277,Paroxetine,Fc1ccc([C@@H]2CCNC[C@H]2COc2ccc3c(c2)OCO3)cc1,1
278,Hydroflumethiazide,NS(=O)(=O)c1cc2c(cc1C(F)(F)F)NCNS2(=O)=O,1
279,Triazolam,Cc1nnc2n1-c1ccc(Cl)cc1C(c1ccccc1Cl)=NC2,1
280,Eletriptan,CN1CCC[C@@H]1Cc1c[nH]c2ccc(CCS(=O)(=O)c3ccccc3)cc12,1
281,Ketanserin,O=C(c1ccc(F)cc1)C1CCN(CCn2c(=O)[nH]c3ccccc3c2=O)CC1,1
282,Colchicine,COc1cc2c(c(OC)c1OC)-c1ccc(OC)c(=O)cc1C(NC(C)=O)CC2,1
283,Nebivolol,OC(CNCC(O)C1CCc2cc(F)ccc2O1)C1CCc2cc(F)ccc2O1,1
284,Methotrexate,CN(Cc1cnc2nc(N)nc(N)c2n1)c1ccc(C(=O)N[C@@H](CCC(=O)O)C(=O)O)cc1,1
285,Dipyridamole,OCCN(CCO)c1nc(N2CCCCC2)c2nc(N(CCO)CCO)nc(N3CCCCC3)c2n1,1
286,Bosentan,COc1ccccc1Oc1c(NS(=O)(=O)c2ccc(C(C)(C)C)cc2)nc(-c2ncccn2)nc1OCCO,1
287,Nelfinavir,Cc1c(O)cccc1C(=O)N[C@@H](CSc1ccccc1)[C@H](O)CN1C[C@H]2CCCC[C@H]2C[C@H]1C(=O)NC(C)(C)C,1
289,Maprotiline,CNCCCC12CCC(c3ccccc31)c1ccccc12,1
290,Bencyclane,CN(C)CCCOC1(Cc2ccccc2)CCCCCC1,1
291,Clomipramine,CN(C)CCCN1c2ccccc2CCc2ccc(Cl)cc21,1
292,Enalapril,CCOC(=O)[C@H](CCc1ccccc1)N[C@@H](C)C(=O)N1CCC[C@H]1C(=O)O,1
293,Meperidine,CCOC(=O)C1(c2ccccc2)CCN(C)CC1,1
294,Ranitidine,CNC(=C[N+](=O)[O-])NCCSCc1ccc(CN(C)C)o1,1
295,Rabeprazole,COCCCOc1ccnc(CS(=O)c2nc3ccccc3[nH]2)c1C,1
297,Metformin,CN(C)C(=N)NC(=N)N,1
298,Homocysteine,N[C@@H](CCS)C(=O)O,1
299,Atenolol,CC(C)NCC(O)COc1ccc(CC(N)=O)cc1,1
300,Azathioprine,Cn1cnc([N+](=O)[O-])c1Sc1ncnc2nc[nH]c12,1
301,Fluvoxamine,COCCCC/C(=N\OCCN)c1ccc(C(F)(F)F)cc1,1
302,Triamterene,Nc1nc(N)c2nc(-c3ccccc3)c(N)nc2n1,1
303,Diclofenac,O=C(O)Cc1ccccc1Nc1c(Cl)cccc1Cl,1
304,Gabapentin,NCC1(CC(=O)O)CCCCC1,1
305,Eflornithine,NCCCC(N)(C(=O)O)C(F)F,1
306,Nortriptyline,CNCCC=C1c2ccccc2CCc2ccccc21,1
307,Moclobemide,O=C(NCCN1CCOCC1)c1ccc(Cl)cc1,1
308,Cocaine,COC(=O)[C@H]1[C@@H](OC(=O)c2ccccc2)C[C@@H]2CC[C@H]1N2C,1
309,Bevantolol,COc1ccc(CCNCC(O)COc2cccc(C)c2)cc1OC,1
310,Clofazimine,CC(C)N=c1cc2n(-c3ccc(Cl)cc3)c3ccccc3nc-2cc1Nc1ccc(Cl)cc1,1
312,Artemether,CO[C@H]1O[C@@H]2O[C@@]3(C)CC[C@H]4[C@H](C)CC[C@@H]([C@H]1C)[C@]42OO3,1
313,Griseofulvin,COC1=CC(=O)C[C@@H](C)[C@]12Oc1c(Cl)c(OC)cc(OC)c1C2=O,1
314,Drotaverine,CCOc1ccc(/C=C2\NCCc3cc(OCC)c(OCC)cc32)cc1OCC,1
315,Oxytetracycline,CN(C)[C@@H]1C(O)=C(C(N)=O)C(=O)[C@@]2(O)C(O)=C3C(=O)c4c(O)cccc4[C@@](C)(O)[C@H]3[C@H](O)[C@@H]12,1
316,Acitretin,COc1cc(C)c(/C=C/C(C)=C/C=C/C(C)=C/C(=O)O)c(C)c1C,1
317,Erlotinib,C#Cc1cccc(Nc2ncnc3cc(OCCOC)c(OCCOC)cc23)c1,1
318,Gefitinib,COc1cc2ncnc(Nc3ccc(F)c(Cl)c3)c2cc1OCCCN1CCOCC1,1
319,Cimetidine,CN/C(=N/C#N)NCCSCc1nc[nH]c1C,1
320,Diphenhydramine,CN(C)CCOC(c1ccccc1)c1ccccc1,1
321,Ondansetron,Cc1nccn1CC1CCc2c(c3ccccc3n2C)C1=O,1
322,Fluoxetine,CNCCC(Oc1ccc(C(F)(F)F)cc1)c1ccccc1,1
323,Granisetron,CN1[C@H]2CCC[C@@H]1C[C@H](NC(=O)c1nn(C)c3ccccc13)C2,1
324,Olanzapine,Cc1cc2c(s1)Nc1ccccc1N=C2N1CCN(C)CC1,1
325,Oxycodone,COc1ccc2c3c1O[C@H]1C(=O)CC[C@@]4(O)[C@@H](C2)N(C)CC[C@]314,1
326,Azidocillin,CC1(C)S[C@@H]2[C@H](NC(=O)[C@H](N=[N+]=[N-])c3ccccc3)C(=O)N2[C@H]1C(=O)O,1
327,Haloperidol,O=C(CCCN1CCC(O)(c2ccc(Cl)cc2)CC1)c1ccc(F)cc1,1
328,Ziprasidone,O=C1Cc2cc(CCN3CCN(c4nsc5ccccc45)CC3)c(Cl)cc2N1,1
329,Repaglinide,CCOc1cc(CC(=O)N[C@@H](CC(C)C)c2ccccc2N2CCCCC2)ccc1C(=O)O,1
330,Cerivastatin,COCc1c(C(C)C)nc(C(C)C)c(/C=C/[C@@H](O)C[C@@H](O)CC(=O)O)c1-c1ccc(F)cc1,1
331,Bepridil,CC(C)COCC(CN(Cc1ccccc1)c1ccccc1)N1CCCC1,1
332,Calcitriol,C=C1/C(=C\C=C2/CCC[C@@]3(C)[C@H]2CC[C@@H]3[C@H](C)CCCC(C)(C)O)C[C@@H](O)C[C@@H]1O,1
333,Trimazosin,COc1cc2c(N)nc(N3CCN(C(=O)OCC(C)(C)O)CC3)nc2c(OC)c1OC,1
334,Riluzole,Nc1nc2ccc(OC(F)(F)F)cc2s1,1
335,Tolcapone,Cc1ccc(C(=O)c2cc(O)c(O)c([N+](=O)[O-])c2)cc1,1
336,Timolol,CC(C)(C)NC[C@H](O)COc1nsnc1N1CCOCC1,1
337,Ampicillin,CC1(C)S[C@@H]2[C@H](NC(=O)[C@H](N)c3ccccc3)C(=O)N2[C@H]1C(=O)O,1
338,Tiopronin,CC(S)C(=O)NCC(=O)O,1
339,Doxazosin,COc1cc2nc(N3CCN(C(=O)C4COc5ccccc5O4)CC3)nc(N)c2cc1OC,1
340,Almitrine,C=CCNc1nc(NCC=C)nc(N2CCN(C(c3ccc(F)cc3)c3ccc(F)cc3)CC2)n1,1
341,Chlorthalidone,NS(=O)(=O)c1cc(C2(O)NC(=O)c3ccccc32)ccc1Cl,1
342,Doxapram,CCN1CC(CCN2CCOCC2)C(c2ccccc2)(c2ccccc2)C1=O,1
343,Prazosin,COc1cc2nc(N3CCN(C(=O)c4ccco4)CC3)nc(N)c2cc1OC,1
344,Montelukast,CC(C)(O)c1ccccc1CC[C@@H](SCC1(CC(=O)O)CC1)c1cccc(/C=C/c2ccc3ccc(Cl)cc3n2)c1,1
345,Levamisole,c1ccc([C@H]2CN3CCSC3=N2)cc1,1
346,Zidovudine,Cc1cn([C@H]2C[C@H](N=[N+]=[N-])[C@@H](CO)O2)c(=O)[nH]c1=O,1
347,Buflomedil,COc1cc(OC)c(C(=O)CCCN2CCCC2)c(OC)c1,1
348,Risperidone,Cc1nc2n(c(=O)c1CCN1CCC(c3noc4cc(F)ccc34)CC1)CCCC2,1
349,Mizolastine,CN(c1nccc(=O)[nH]1)C1CCN(c2nc3ccccc3n2Cc2ccc(F)cc2)CC1,1
350,Cabergoline,C=CCN1C[C@H](C(=O)N(CCCN(C)C)C(=O)NCC)C[C@@H]2c3cccc4[nH]cc(c34)C[C@H]21,1
351,Allopurinol,Oc1ncnc2[nH]ncc12,1
352,Tropisetron,CN1[C@H]2CC[C@@H]1C[C@H](OC(=O)c1c[nH]c3ccccc13)C2,1
353,Furosemide,NS(=O)(=O)c1cc(C(=O)O)c(NCc2ccco2)cc1Cl,1
354,Perindopril,CCC[C@H](N[C@@H](C)C(=O)N1[C@H](C(=O)O)C[C@@H]2CCCC[C@@H]21)C(=O)OCC,1
355,Cefatrizine,N[C@@H](C(=O)N[C@@H]1C(=O)N2C(C(=O)O)=C(CSc3c[nH]nn3)CS[C@H]12)c1ccc(O)cc1,1
356,Demeclocycline,CN(C)[C@@H]1C(O)=C(C(N)=O)C(=O)[C@@]2(O)C(O)=C3C(=O)c4c(O)ccc(Cl)c4[C@@H](O)[C@H]3C[C@@H]12,1
357,Bromfenac,Nc1c(CC(=O)O)cccc1C(=O)c1ccc(Br)cc1,1
358,Piritrexim,COc1ccc(OC)c(Cc2cnc3nc(N)nc(N)c3c2C)c1,1
359,Baclofen,NCC(CC(=O)O)c1ccc(Cl)cc1,1
360,Carbamazepine,NC(=O)N1c2ccccc2C=Cc2ccccc21,1
361,Viloxazine,CCOc1ccccc1OCC1CNCCO1,1
362,Bupropion,CC(NC(C)(C)C)C(=O)c1cccc(Cl)c1,1
363,Busulfan,CS(=O)(=O)OCCCCOS(C)(=O)=O,1
364,Tramadol,COc1cccc([C@@]2(O)CCCC[C@@H]2CN(C)C)c1,1
365,Ciprofloxacin,O=C(O)c1cn(C2CC2)c2cc(N3CCNCC3)c(F)cc2c1=O,1
366,Almotriptan,CN(C)CCc1c[nH]c2ccc(CS(=O)(=O)N3CCCC3)cc12,1
367,Zolpidem,Cc1ccc(-c2nc3ccc(C)cn3c2CC(=O)N(C)C)cc1,1
368,Fludarabine,Nc1nc(F)nc2c1ncn2[C@@H]1O[C@H](CO)[C@@H](O)[C@@H]1O,1
369,Hydrochlorothiazide,NS(=O)(=O)c1cc2c(cc1Cl)NCNS2(=O)=O,1
370,Melphalan,N[C@@H](Cc1ccc(N(CCCl)CCCl)cc1)C(=O)O,1
371,Sobrerol,CC1=CC[C@@H](C(C)(C)O)C[C@@H]1O,1
372,Phencyclidine,c1ccc(C2(N3CCCCC3)CCCCC2)cc1,1
373,Tertatolol,CC(C)(C)NCC(O)COc1cccc2c1SCCC2,1
374,Betamethasone,C[C@H]1C[C@H]2[C@@H]3CCC4=CC(=O)C=C[C@]4(C)[C@@]3(F)[C@@H](O)C[C@]2(C)[C@@]1(O)C(=O)CO,1
375,Nateglinide,CC(C)[C@H]1CC[C@H](C(=O)N[C@H](Cc2ccccc2)C(=O)O)CC1,1
376,Xipamide,Cc1cccc(C)c1NC(=O)c1cc(S(N)(=O)=O)c(Cl)cc1O,1
377,Cyclophosphamide,O=P1(N(CCCl)CCCl)NCCCO1,1
378,Lumiracoxib,Cc1ccc(Nc2c(F)cccc2Cl)c(CC(=O)O)c1,1
379,Hydroxychloroquine,CCN(CCO)CCCC(C)Nc1ccnc2cc(Cl)ccc12,1
380,Endralazine,N/N=c1/cc2c(n[nH]1)CCN(C(=O)c1ccccc1)C2,1
381,Rolipram,COc1ccc(C2CNC(=O)C2)cc1OC1CCCC1,1
382,Procyclidine,OC(CCN1CCCC1)(c1ccccc1)C1CCCCC1,1
383,Quinidine,C=C[C@H]1CN2CC[C@H]1C[C@@H]2[C@@H](O)c1ccnc2ccc(OC)cc12,1
384,Lormetazepam,CN1C(=O)C(O)N=C(c2ccccc2Cl)c2cc(Cl)ccc21,1
385,Trazodone,O=c1n(CCCN2CCN(c3cccc(Cl)c3)CC2)nc2ccccn12,1
386,Droperidol,O=C(CCCN1CC=C(n2c(=O)[nH]c3ccccc32)CC1)c1ccc(F)cc1,1
387,Clindamycin,CCC[C@@H]1C[C@@H](C(=O)NC(C(C)Cl)[C@H]2O[C@H](SC)[C@H](O)[C@@H](O)[C@H]2O)N(C)C1,1
388,Mibefradil,COCC(=O)O[C@]1(CCN(C)CCCc2nc3ccccc3[nH]2)CCc2cc(F)ccc2[C@@H]1C(C)C,1
389,Ethambutol,CC[C@@H](CO)NCCN[C@@H](CC)CO,1
390,Penciclovir,Nc1nc(=O)c2ncn(CCC(CO)CO)c2[nH]1,1
391,Famciclovir,CC(=O)OCC(CCn1cnc2cnc(N)nc21)COC(C)=O,1
392,Ambroxol,Nc1c(Br)cc(Br)cc1CN[C@H]1CC[C@H](O)CC1,1
393,Pantoprazole,COc1ccnc(CS(=O)c2nc3ccc(OC(F)F)cc3[nH]2)c1OC,1
394,Glyburide,COc1ccc(Cl)cc1C(=O)NCCc1ccc(S(=O)(=O)NC(=O)NC2CCCCC2)cc1,1
395,Fenbufen,O=C(O)CCC(=O)c1ccc(-c2ccccc2)cc1,1
396,Nitrazepam,O=C1CN=C(c2ccccc2)c2cc([N+](=O)[O-])ccc2N1,1
397,Urapidil,COc1ccccc1N1CCN(CCCNc2cc(=O)n(C)c(=O)n2C)CC1,1
398,Dexamethasone,C[C@@H]1C[C@H]2[C@@H]3CCC4=CC(=O)C=C[C@]4(C)[C@@]3(F)[C@@H](O)C[C@]2(C)[C@@]1(O)C(=O)CO,1
399,Cilazapril,CCOC(=O)[C@H](CCc1ccccc1)N[C@H]1CCCN2CCC[C@@H](C(=O)O)N2C1=O,1
400,Tetracycline,CN(C)[C@@H]1C(O)=C(C(N)=O)C(=O)[C@@]2(O)C(O)=C3C(=O)c4c(O)cccc4[C@@](C)(O)[C@H]3C[C@@H]12,1
401,Hydroxyurea,NC(=O)NO,1
402,Atomoxetine,CNCC[C@@H](Oc1ccccc1C)c1ccccc1,1
403,Methadone,CCC(=O)C(CC(C)N(C)C)(c1ccccc1)c1ccccc1,1
404,Citalopram,CN(C)CCCC1(c2ccc(F)cc2)OCc2cc(C#N)ccc21,1
405,Quinine,C=C[C@H]1CN2CC[C@H]1C[C@H]2[C@H](O)c1ccnc2ccc(OC)cc12,1
406,Mefloquine,OC(c1cc(C(F)(F)F)nc2c(C(F)(F)F)cccc12)C1CCCCN1,1
407,Misoprostol,CCCCC(C)(O)C/C=C/[C@H]1[C@H](O)CC(=O)[C@@H]1CCCCCCC(=O)OC,1
408,Zopiclone,CN1CCN(C(=O)OC2c3nccnc3C(=O)N2c2ccc(Cl)cn2)CC1,1
409,Aprepitant,C[C@@H](O[C@H]1OCCN(Cc2n[nH]c(=O)[nH]2)[C@H]1c1ccc(F)cc1)c1cc(C(F)(F)F)cc(C(F)(F)F)c1,1
410,Stavudine,Cc1cn([C@H]2C=C[C@@H](CO)O2)c(=O)[nH]c1=O,1
411,Mepindolol,Cc1cc2c(OCC(O)CNC(C)C)cccc2[nH]1,1
412,Terodiline,CC(CC(c1ccccc1)c1ccccc1)NC(C)(C)C,1
413,Chlorambucil,O=C(O)CCCc1ccc(N(CCCl)CCCl)cc1,1
414,Fenfluramine,CCNC(C)Cc1cccc(C(F)(F)F)c1,1
415,Procainamide,CCN(CC)CCNC(=O)c1ccc(N)cc1,1
416,Abacavir,Nc1nc(NC2CC2)c2ncn([C@H]3C=C[C@@H](CO)C3)c2n1,1
417,Valdecoxib,Cc1onc(-c2ccccc2)c1-c1ccc(S(N)(=O)=O)cc1,1
418,Disopyramide,CC(C)N(CCC(C(N)=O)(c1ccccc1)c1ccccn1)C(C)C,1
419,Lansoprazole,Cc1c(OCC(F)(F)F)ccnc1CS(=O)c1nc2ccccc2[nH]1,1
420,Pioglitazone,CCc1ccc(CCOc2ccc(CC3SC(=O)NC3=O)cc2)nc1,1
421,Fluocortolone,C[C@@H]1C[C@H]2[C@@H]3C[C@H](F)C4=CC(=O)C=C[C@]4(C)[C@H]3[C@@H](O)C[C@]2(C)[C@H]1C(=O)CO,1
422,Flucytosine,Nc1[nH]c(=O)ncc1F,1
423,Saccharin,O=C1NS(=O)(=O)c2ccccc21,1
424,Milnacipran,CCN(CC)C(=O)C1(c2ccccc2)CC1CN,1
425,Alizapride,C=CCN1CCCC1CNC(=O)c1cc2n[nH]nc2cc1OC,1
426,Acetaminophen,CC(=O)Nc1ccc(O)cc1,1
427,Propylthiouracil,CCCc1cc(=O)[nH]c(=S)[nH]1,1
428,Ibuprofen,CC(C)Cc1ccc(C(C)C(=O)O)cc1,1
429,Lamivudine,Nc1ccn([C@@H]2CS[C@H](CO)O2)c(=O)n1,1
430,Ketoprofen,CC(C(=O)O)c1cccc(C(=O)c2ccccc2)c1,1
431,Protriptyline,CNCCCC1c2ccccc2C=Cc2ccccc21,1
432,Indobufen,CCC(C(=O)O)c1ccc(N2Cc3ccccc3C2=O)cc1,1
433,Betaxolol,CC(C)NCC(O)COc1ccc(CCOCC2CC2)cc1,1
434,Flunitrazepam,CN1C(=O)CN=C(c2ccccc2F)c2cc([N+](=O)[O-])ccc21,1
435,Oxyfedrine,COc1cccc(C(=O)CCN[C@@H](C)[C@H](O)c2ccccc2)c1,1
436,Aprindine,CCN(CC)CCCN(c1ccccc1)C1Cc2ccccc2C1,1
437,Methylprednisolone,C[C@H]1C[C@H]2[C@@H]3CC[C@](O)(C(=O)CO)[C@@]3(C)C[C@H](O)[C@@H]2[C@@]2(C)C=CC(=O)C=C12,1
438,Delavirdine,CC(C)Nc1cccnc1N1CCN(C(=O)c2cc3cc(NS(C)(=O)=O)ccc3[nH]2)CC1,1
439,Flecainide,O=C(NCC1CCCCN1)c1cc(OCC(F)(F)F)ccc1OCC(F)(F)F,1
440,Milrinone,Cc1[nH]c(=O)c(C#N)cc1-c1ccncc1,1
441,Cibenzoline,c1ccc(C2(c3ccccc3)CC2C2=NCCN2)cc1,1
442,Terazosin,COc1cc2nc(N3CCN(C(=O)C4CCCO4)CC3)nc(N)c2cc1OC,1
443,Mexiletine,Cc1cccc(C)c1OCC(C)N,1
444,Benzydamine,CN(C)CCCOc1nn(Cc2ccccc2)c2ccccc12,1
445,Chloroquine,CCN(CC)CCCC(C)Nc1ccnc2cc(Cl)ccc12,1
446,Enoxacin,CCn1cc(C(=O)O)c(=O)c2cc(F)c(N3CCNCC3)nc21,1
447,Zalcitabine,Nc1ccn([C@H]2CC[C@@H](CO)O2)c(=O)n1,1
448,Moxonidine,COc1nc(C)nc(Cl)c1NC1=NCCN1,1
449,Pindolol,CC(C)NCC(O)COc1cccc2[nH]ccc12,1
450,Carteolol,CC(C)(C)NCC(O)COc1cccc2c1CCC(=O)N2,1
451,Topiramate,CC1(C)O[C@@H]2CO[C@@]3(COS(N)(=O)=O)OC(C)(C)O[C@H]3[C@@H]2O1,1
452,Sulindac,CC1=C(CC(=O)O)c2cc(F)ccc2/C1=C\c1ccc(S(C)=O)cc1,1
453,Chloroxine,Oc1c(Cl)cc(Cl)c2cccnc12,1
454,Tolbutamide,CCCCNC(=O)NS(=O)(=O)c1ccc(C)cc1,1
456,Amantadine,NC12CC3CC(CC(C3)C1)C2,1
457,Acipimox,Cc1cnc(C(=O)O)c[n+]1[O-],1
458,Nicorandil,O=C(NCCO[N+](=O)[O-])c1cccnc1,1
459,Diazoxide,CC1=NS(=O)(=O)c2cc(Cl)ccc2N1,1
460,Felbamate,NC(=O)OCC(COC(N)=O)c1ccccc1,1
461,Diflunisal,O=C(O)c1cc(-c2ccc(F)cc2F)ccc1O,1
462,Sulfadiazine,Nc1ccc(S(=O)(=O)Nc2ncccn2)cc1,1
463,Phenytoin,O=C1NC(=O)C(c2ccccc2)(c2ccccc2)N1,1
464,Fenspiride,O=C1NCC2(CCN(CCc3ccccc3)CC2)O1,1
465,Orphenadrine,Cc1ccccc1C(OCCN(C)C)c1ccccc1,1
466,Flupirtine,CCOC(=O)Nc1ccc(NCc2ccc(F)cc2)nc1N,1
467,Phenylbutazone,CCCCC1C(=O)N(c2ccccc2)N(c2ccccc2)C1=O,1
468,Alprazolam,Cc1nnc2n1-c1ccc(Cl)cc1C(c1ccccc1)=NC2,1
469,Clonazepam,O=C1CN=C(c2ccccc2Cl)c2cc([N+](=O)[O-])ccc2N1,1
470,Etodolac,CCc1cccc2c3c([nH]c12)C(CC)(CC(=O)O)OCC3,1
471,Dolasetron,O=C(O[C@@H]1C[C@@H]2C[C@H]3C[C@H](C1)N2CC3=O)c1c[nH]c2ccccc12,1
472,Bisoprolol,CC(C)NCC(O)COc1ccc(COCCOC(C)C)cc1,1
473,Pefloxacin,CCn1cc(C(=O)O)c(=O)c2cc(F)c(N3CCN(C)CC3)cc21,1
474,Cephalexin,CC1=C(C(=O)O)N2C(=O)[C@@H](NC(=O)[C@H](N)c3ccccc3)[C@H]2SC1,1
475,Bumetanide,CCCCNc1cc(C(=O)O)cc(S(N)(=O)=O)c1Oc1ccccc1,1
476,Amoxicillin,CC1(C)S[C@@H]2[C@H](NC(=O)[C@H](N)c3ccc(O)cc3)C(=O)N2[C@H]1C(=O)O,1
477,Clinafloxacin,NC1CCN(c2c(F)cc3c(=O)c(C(=O)O)cn(C4CC4)c3c2Cl)C1,1
478,Indapamide,CC1Cc2ccccc2N1NC(=O)c1ccc(Cl)c(S(N)(=O)=O)c1,1
479,Cefaclor,N[C@@H](C(=O)N[C@@H]1C(=O)N2C(C(=O)O)=C(Cl)CS[C@H]12)c1ccccc1,1
480,Quetiapine,OCCOCCN1CCN(C2=Nc3ccccc3Sc3ccccc32)CC1,1
481,Cetirizine,O=C(O)COCCN1CCN(C(c2ccccc2)c2ccc(Cl)cc2)CC1,1
482,Cefprozil,CC=CC1=C(C(=O)O)N2C(=O)[C@@H](NC(=O)[C@H](N)c3ccc(O)cc3)[C@H]2SC1,1
483,Bendroflumethiazide,NS(=O)(=O)c1cc2c(cc1C(F)(F)F)NC(Cc1ccccc1)NS2(=O)=O,1
484,Cefazolin,Cc1nnc(SCC2=C(C(=O)O)N3C(=O)[C@@H](NC(=O)Cn4cnnn4)[C@H]3SC2)s1,1
486,Nitrofurantoin,O=C1CN(/N=C/c2ccc([N+](=O)[O-])o2)C(=O)N1,1
487,Temazepam,CN1C(=O)C(O)N=C(c2ccccc2)c2cc(Cl)ccc21,1
488,Moxifloxacin,COc1c(N2C[C@@H]3CCCN[C@@H]3C2)c(F)cc2c(=O)c(C(=O)O)cn(C3CC3)c12,1
489,Trovafloxacin,N[C@H]1[C@@H]2CN(c3nc4c(cc3F)c(=O)c(C(=O)O)cn4-c3ccc(F)cc3F)C[C@H]12,1
490,Primidone,CCC1(c2ccccc2)C(=O)NCNC1=O,1
491,Flurbiprofen,CC(C(=O)O)c1ccc(-c2ccccc2)c(F)c1,1
492,Suprofen,CC(C(=O)O)c1ccc(C(=O)c2cccs2)cc1,1
493,Nevirapine,Cc1ccnc2c1NC(=O)c1cccnc1N2C1CC1,1
494,Piretanide,NS(=O)(=O)c1cc(C(=O)O)cc(N2CCCC2)c1Oc1ccccc1,1
495,Tiagabine,Cc1ccsc1C(=CCCN1CCC[C@@H](C(=O)O)C1)c1sccc1C,1
496,Sparfloxacin,C[C@H]1CN(c2c(F)c(N)c3c(=O)c(C(=O)O)cn(C4CC4)c3c2F)C[C@@H](C)N1,1
498,Methimazole,Cn1cc[nH]c1=S,1
499,Amrinone,Nc1cc(-c2ccncc2)c[nH]c1=O,1
500,Pramipexole,CCCN[C@H]1CCc2nc(N)sc2C1,1
501,Dapsone,Nc1ccc(S(=O)(=O)c2ccc(N)cc2)cc1,1
502,Penbutolol,CC(C)(C)NC[C@H](O)COc1ccccc1C1CCCC1,1
503,Sotalol,CC(C)NCC(O)c1ccc(NS(C)(=O)=O)cc1,1
504,Warfarin,CC(=O)CC(c1ccccc1)c1c(O)c2ccccc2oc1=O,1
505,Gestodene,C#C[C@]1(O)C=C[C@H]2[C@@H]3CCC4=CC(=O)CC[C@@H]4[C@H]3CC[C@@]21CC,1
506,Rofecoxib,CS(=O)(=O)c1ccc(C2=C(c3ccccc3)C(=O)OC2)cc1,1
507,Lorazepam,O=C1Nc2ccc(Cl)cc2C(c2ccccc2Cl)=NC1O,1
508,Donepezil,COc1cc2c(cc1OC)C(=O)C(CC1CCN(Cc3ccccc3)CC1)C2,1
509,Doxycycline,C[C@H]1c2cccc(O)c2C(=O)C2=C(O)[C@]3(O)C(=O)C(C(N)=O)=C(O)[C@@H](N(C)C)[C@@H]3[C@@H](O)[C@@H]21,1
510,Norgestrel,C#CC1(O)CCC2C3CCC4=CC(=O)CCC4C3CCC21CC,1
511,Dienogest,C[C@]12CCC3=C4CCC(=O)C=C4CC[C@H]3[C@@H]1CC[C@@]2(O)CC#N,1
512,Levonorgestrel,C#C[C@]1(O)CC[C@H]2[C@@H]3CCC4=CC(=O)CC[C@@H]4[C@H]3CC[C@@]21CC,1
513,Reboxetine,CCOc1ccccc1O[C@H](c1ccccc1)[C@H]1CNCCO1,1
514,Loracarbef,N[C@@H](C(=O)N[C@@H]1C(=O)N2C(C(=O)O)=C(Cl)CC[C@H]12)c1ccccc1,1
515,Phenylpropanolamine,C[C@H](N)[C@H](O)c1ccccc1,1
516,Metronidazole,Cc1ncc([N+](=O)[O-])n1CCO,1
517,Tocainide,Cc1cccc(C)c1NC(=O)C(C)N,1
518,Minoxidil,Nc1cc(N2CCCCC2)nc(N)[n+]1[O-],1
519,Amobarbital,CCC1(CCC(C)C)C(=O)NC(=O)NC1=O,1
520,Naproxen,COc1ccc2cc([C@H](C)C(=O)O)ccc2c1,1
521,Hexobarbital,CN1C(=O)NC(=O)C(C)(C2=CCCCC2)C1=O,1
522,Oxcarbazepine,NC(=O)N1c2ccccc2CC(=O)c2ccccc21,1
523,Ketorolac,O=C(c1ccccc1)c1ccc2n1CCC2C(=O)O,1
524,Tolmetin,Cc1ccc(C(=O)c2ccc(CC(=O)O)n2C)cc1,1
525,Sulfamethazine,Cc1cc(C)nc(NS(=O)(=O)c2ccc(N)cc2)n1,1
526,Diazepam,CN1C(=O)CN=C(c2ccccc2)c2cc(Cl)ccc21,1
527,Fluconazole,OC(Cn1cncn1)(Cn1cncn1)c1ccc(F)cc1F,1
528,Nizatidine,CNC(=C[N+](=O)[O-])NCCSCc1csc(CN(C)C)n1,1
529,Cefadroxil,CC1=C(C(=O)O)N2C(=O)[C@@H](NC(=O)[C@H](N)c3ccc(O)cc3)[C@H]2SC1,1
530,Temafloxacin,CC1CN(c2cc3c(cc2F)c(=O)c(C(=O)O)cn3-c2ccc(F)cc2F)CCN1,1
531,Glipizide,Cc1cnc(C(=O)NCCc2ccc(S(=O)(=O)NC(=O)NC3CCCCC3)cc2)cn1,1
532,Theophylline,Cn1c(=O)c2[nH]cnc2n(C)c1=O,1
533,Temozolomide,Cn1nnc2c(C(N)=O)ncn2c1=O,1
534,Trapidil,CCN(CC)c1cc(C)nc2ncnn12,1
535,Primaquine,COc1cc(NC(C)CCCN)c2ncccc2c1,1
536,Ifosfamide,O=P1(NCCCl)OCCCN1CCCl,1
537,Sulfisoxazole,Cc1noc(NS(=O)(=O)c2ccc(N)cc2)c1C,1
538,Voriconazole,C[C@@H](c1ncncc1F)[C@](O)(Cn1cncn1)c1ccc(F)cc1F,1
539,Gatifloxacin,COc1c(N2CCNC(C)C2)c(F)cc2c(=O)c(C(=O)O)cn(C3CC3)c12,1
540,Phenindione,O=C1c2ccccc2C(=O)C1c1ccccc1,1
541,Clonidine,Clc1cccc(Cl)c1NC1=NCCN1,1
542,Proxyphylline,CC(O)Cn1cnc2c1c(=O)n(C)c(=O)n2C,1
543,Treosulfan,CS(=O)(=O)OC[C@H](O)[C@@H](O)COS(C)(=O)=O,1
544,Oxazepam,O=C1Nc2ccc(Cl)cc2C(c2ccccc2)=NC1O,1
545,Galantamine,COc1ccc2c3c1O[C@H]1C[C@@H](O)C=C[C@@]31CCN(C)C2,1
546,Gliclazide,Cc1ccc(S(=O)(=O)NC(=O)NN2CC3CCCC3C2)cc1,1
547,Lomefloxacin,CCn1cc(C(=O)O)c(=O)c2cc(F)c(N3CCNC(C)C3)c(F)c21,1
548,Meloxicam,Cc1cnc(NC(=O)C2=C(O)c3ccccc3S(=O)(=O)N2C)s1,1
549,Minocycline,CN(C)c1ccc(O)c2c1C[C@H]1C[C@H]3[C@H](N(C)C)C(O)=C(C(N)=O)C(=O)[C@@]3(O)C(O)=C1C2=O,1
550,Caffeine,Cn1c(=O)c2c(ncn2C)n(C)c1=O,1
551,Tinidazole,CCS(=O)(=O)CCn1c([N+](=O)[O-])cnc1C,1
552,Gemfibrozil,Cc1ccc(C)c(OCCCC(C)(C)C(=O)O)c1,1
553,Lamotrigine,Nc1nnc(-c2cccc(Cl)c2Cl)c(N)n1,1
554,Trimethoprim,COc1cc(Cc2cnc(N)nc2N)cc(OC)c1OC,1
555,Oxaprozin,O=C(O)CCc1nc(-c2ccccc2)c(-c2ccccc2)o1,1
556,Dofetilide,CN(CCOc1ccc(NS(C)(=O)=O)cc1)CCc1ccc(NS(C)(=O)=O)cc1,1
557,Imatinib,Cc1ccc(NC(=O)c2ccc(CN3CCN(C)CC3)cc2)cc1Nc1nccc(-c2cccnc2)n1,1
558,Bezafibrate,CC(C)(Oc1ccc(CCNC(=O)c2ccc(Cl)cc2)cc1)C(=O)O,1
559,Piroxicam,CN1C(C(=O)Nc2ccccn2)=C(O)c2ccccc2S1(=O)=O,1
560,Fluorescein,O=C1OC2(c3ccc(O)cc3Oc3cc(O)ccc32)c2ccccc21,1
561,Rosiglitazone,CN(CCOc1ccc(CC2SC(=O)NC2=O)cc1)c1ccccn1,1
562,Azelastine,CN1CCCC(n2nc(Cc3ccc(Cl)cc3)c3ccccc3c2=O)CC1,1
563,Dextromoramide,C[C@H](CN1CCOCC1)C(C(=O)N1CCCC1)(c1ccccc1)c1ccccc1,1
564,Tianeptine,CN1c2ccccc2C(NCCCCCCC(=O)O)c2ccc(Cl)cc2S1(=O)=O,1
565,Vigabatrin,C=CC(N)CCC(=O)O,1
566,Pseudoephedrine,CN[C@@H](C)[C@@H](O)c1ccccc1,1
567,Levetiracetam,CC[C@@H](C(N)=O)N1CCCC1=O,1
568,Zonisamide,NS(=O)(=O)Cc1noc2ccccc12,1
569,Pyrimethamine,CCc1nc(N)nc(N)c1-c1ccc(Cl)cc1,1
570,Sulfamethoxazole,Cc1cc(NS(=O)(=O)c2ccc(N)cc2)no1,1
571,Letrozole,N#Cc1ccc(C(c2ccc(C#N)cc2)n2cncn2)cc1,1
572,Probenecid,CCCN(CCC)S(=O)(=O)c1ccc(C(=O)O)cc1,1
573,Anastrozole,CC(C)(C#N)c1cc(Cn2cncn2)cc(C(C)(C)C#N)c1,1
574,Trihexyphenidyl,OC(CCN1CCCCC1)(c1ccccc1)C1CCCCC1,1
575,Tenoxicam,CN1C(C(=O)Nc2ccccn2)=C(O)c2sccc2S1(=O)=O,1
576,Linezolid,CC(=O)NC[C@H]1CN(c2ccc(N3CCOCC3)c(F)c2)C(=O)O1,1
577,Ofloxacin,CC1COc2c(N3CCN(C)CC3)c(F)cc3c(=O)c(C(=O)O)cn1c23,1
578,Tamoxifen,CC/C(=C(\c1ccccc1)c1ccc(OCCN(C)C)cc1)c1ccccc1,1
580,Lactulose,OC[C@H]1O[C@](O)(CO)[C@@H](O)[C@@H]1O[C@@H]1O[C@H](CO)[C@H](O)[C@H](O)[C@H]1O,0
581,Olsalazine,O=C(O)c1cc(/N=N/c2ccc(O)c(C(=O)O)c2)ccc1O,0
582,Coumarin,O=c1ccc2ccccc2o1,0
583,Lovastatin,CC[C@H](C)C(=O)O[C@H]1C[C@@H](C)C=C2C=C[C@H](C)[C@H](CC[C@@H]3C[C@@H](O)CC(=O)O3)[C@H]21,0
584,Irinotecan,CCc1c2c(nc3ccc(OC(=O)N4CCC(N5CCCCC5)CC4)cc13)-c1cc3c(c(=O)n1C2)COC(=O)[C@]3(O)CC,0
586,Nitrendipine,CCOC(=O)C1=C(C)NC(C)=C(C(=O)OC)C1c1cccc([N+](=O)[O-])c1,0
587,Methapyrilene,CN(C)CCN(Cc1cccs1)c1ccccn1,0
588,Phenoperidine,CCOC(=O)C1(c2ccccc2)CCN(CCC(O)c2ccccc2)CC1,0
589,Indinavir,CC(C)(C)NC(=O)[C@@H]1CN(Cc2cccnc2)CCN1C[C@@H](O)C[C@@H](Cc1ccccc1)C(=O)N[C@H]1c2ccccc2C[C@H]1O,0
590,Cytarabine,Nc1ccn([C@@H]2O[C@H](CO)[C@@H](O)[C@@H]2O)c(=O)n1,0
591,Phenylephrine,CNC[C@H](O)c1cccc(O)c1,1
592,Nabumetone,COc1ccc2cc(CCC(C)=O)ccc2c1,1
593,Didanosine,O=c1nc[nH]c2c1ncn2[C@H]1CC[C@@H](CO)O1,1
594,Chlorpheniramine,CN(C)CCC(c1ccc(Cl)cc1)c1ccccn1,1
595,Ritodrine,C[C@H](NCCc1ccc(O)cc1)[C@H](O)c1ccc(O)cc1,1
596,Norfloxacin,CCn1cc(C(=O)O)c(=O)c2cc(F)c(N3CCNCC3)cc21,1
597,Amoxapine,Clc1ccc2c(c1)C(N1CCNCC1)=Nc1ccccc1O2,1
599,Enoximone,CSc1ccc(C(=O)c2[nH]c(=O)[nH]c2C)cc1,1
600,Cyclobenzaprine,CN(C)CCC=C1c2ccccc2C=Cc2ccccc21,1
601,Alosetron,Cc1[nH]cnc1CN1CCc2c(c3ccccc3n2C)C1=O,1
602,Clozapine,CN1CCN(C2=Nc3cc(Cl)ccc3Nc3ccccc32)CC1,1
603,Talinolol,CC(C)(C)NCC(O)COc1ccc(NC(=O)NC2CCCCC2)cc1,1
604,Alfuzosin,COc1cc2nc(N(C)CCCNC(=O)C3CCCO3)nc(N)c2cc1OC,1
605,Delapril,CCOC(=O)[C@H](CCc1ccccc1)N[C@@H](C)C(=O)N(CC(=O)O)C1Cc2ccccc2C1,1
606,Dicloxacillin,Cc1onc(-c2c(Cl)cccc2Cl)c1C(=O)N[C@@H]1C(=O)N2[C@@H](C(=O)O)C(C)(C)S[C@H]12,1
607,Itraconazole,CCC(C)n1ncn(-c2ccc(N3CCN(c4ccc(OC[C@H]5CO[C@](Cn6cncn6)(c6ccc(Cl)cc6Cl)O5)cc4)CC3)cc2)c1=O,1
609,Captopril,C[C@H](CS)C(=O)N1CCC[C@H]1C(=O)O,1
610,Naratriptan,CNS(=O)(=O)CCc1ccc2[nH]cc(C3CCN(C)CC3)c2c1,1
611,Amlodipine,CCOC(=O)C1=C(COCCN)NC(C)=C(C(=O)OC)C1c1ccccc1Cl,1
612,Mifepristone,CC#C[C@]1(O)CC[C@H]2[C@@H]3CCC4=CC(=O)CCC4=C3[C@@H](c3ccc(N(C)C)cc3)C[C@@]21C,1
613,Finasteride,CC(C)(C)NC(=O)[C@H]1CC[C@H]2[C@@H]3CC[C@H]4NC(=O)C=C[C@]4(C)[C@H]3CC[C@]12C,1
614,Brotizolam,Cc1nnc2n1-c1sc(Br)cc1C(c1ccccc1Cl)=NC2,1
615,Irbesartan,CCCCC1=NC2(CCCC2)C(=O)N1Cc1ccc(-c2ccccc2-c2nn[nH]n2)cc1,1
616,Ritonavir,CC(C)c1nc(CN(C)C(=O)N[C@H](C(=O)N[C@@H](Cc2ccccc2)C[C@H](O)[C@H](Cc2ccccc2)NC(=O)OCc2cncs2)C(C)C)cs1,1
618,Ethanol,CCO,1
619,Cycloserine,N[C@@H]1CONC1=O,1
620,Isoniazid,NNC(=O)c1ccncc1,1
621,Fenoprofen,CC(C(=O)O)c1cccc(Oc2ccccc2)c1,1
622,Guanfacine,N=C(N)NC(=O)Cc1c(Cl)cccc1Cl,1
623,Prednisolone,C[C@]12C[C@H](O)[C@H]3[C@@H](CCC4=CC(=O)C=C[C@@]43C)[C@@H]1CC[C@]2(O)C(=O)CO,1
624,Chloramphenicol,O=C(N[C@H](CO)[C@H](O)c1ccc([N+](=O)[O-])cc1)C(Cl)Cl,1
625,Antipyrine,Cc1cc(=O)n(-c2ccccc2)n1C,1
626,Acetazolamide,CC(=O)Nc1nnc(S(N)(=O)=O)s1,1
627,Pentobarbital,CCCC(C)C1(CC)C(=O)NC(=O)NC1=O,1
628,Phenobarbital,CCC1(c2ccccc2)C(=O)NC(=O)NC1=O,1
629,Practolol,CC(=O)Nc1ccc(OCC(O)CNC(C)C)cc1,1
630,Pheniramine,CN(C)CCC(c1ccccc1)c1ccccn1,1
631,Biotin,O=C(O)CCCC[C@@H]1SC[C@@H]2NC(=O)N[C@H]12,1
632,Ciprofibrate,CC(C)(Oc1ccc(C2CC2(Cl)Cl)cc1)C(=O)O,1
633,Chlordiazepoxide,CNC1=Nc2ccc(Cl)cc2C(c2ccccc2)=[N+]([O-])C1,1
634,Indomethacin,COc1ccc2c(c1)c(CC(=O)O)c(C)n2C(=O)c1ccc(Cl)cc1,1
635,Cyclopenthiazide,NS(=O)(=O)c1cc2c(cc1Cl)NC(CC1CCCC1)NS2(=O)=O,1
636,Sulfinpyrazone,O=C1C(CCS(=O)c2ccccc2)C(=O)N(c2ccccc2)N1c1ccccc1,1
637,Toremifene,CN(C)CCOc1ccc(/C(=C(/CCCl)c2ccccc2)c2ccccc2)cc1,1
638,Tamsulosin,CCOc1ccccc1OCCN[C@H](C)Cc1ccc(OC)c(S(N)(=O)=O)c1,1
639,Glimepiride,CCC1=C(C)CN(C(=O)NCCc2ccc(S(=O)(=O)NC(=O)N[C@H]3CC[C@H](C)CC3)cc2)C1=O,1
