,Drug_ID,SMILES,ClinTox
0,Drug 0,*C(=O)[C@H](CCCCNC(=O)OCCOC)NC(=O)OCCOC,0
1,Drug 1,Cl[C@H]1[C@H](Cl)[C@@H](Cl)[C@@H](Cl)[C@H](Cl)[C@H]1Cl,0
2,Drug 2,O=C([O-])[C@@H](O)[C@@H](O)[C@H](O)[C@@H](O)C(=O)[O-],0
3,Drug 3,[H]/[NH+]=C(\N)C1=CC(=O)/C(=C\C=c2ccc(=C(N)[NH3+])cc2)C=C1,0
4,Drug 4,[H]/[NH+]=C(\N)c1ccc(OCCCCCOc2ccc(/C(N)=[NH+]/[H])cc2)cc1,0
5,Drug 5,O=[N+]([O-])[O-],0
6,Drug 6,[N]=O,0
7,Drug 8,O=[99Tc](=O)(=O)[O-],0
8,Drug 9,O=P([O-])([O-])F,0
9,Drug 10,O=S(=O)([O-])[O-],0
10,Drug 11,O=S([O-])([O-])=S,0
11,Drug 12,[Se],1
12,Drug 13,CC(C)C[C@H](NC(=O)[C@H](Cc1ccccc1)NC(=O)c1cnccn1)B(O)O,0
13,Drug 14,CC(C)C[C@H](NC(=O)[C@H](Cc1ccccc1)NC(=O)c1cnccn1)B(O)O,1
14,Drug 15,CC(C)C[C@H](NC(=O)CNC(=O)c1cc(Cl)ccc1Cl)B(O)O,1
15,Drug 16,C#CC1(OC(N)=O)CCCCC1,0
16,Drug 17,C#CC[NH2+][C@@H]1CCc2ccccc21,0
17,Drug 18,C#CCC(Cc1cnc2nc(N)nc(N)c2n1)c1ccc(C(=O)N[C@@H](CCC(=O)[O-])C(=O)[O-])cc1,0
18,Drug 19,C#N,0
19,Drug 20,N#C[Fe-2](C#N)(C#N)(C#N)(C#N)N=O,0
20,Drug 21,O=C1O[C@H]([C@@H](O)CO)C([O-])=C1O,0
21,Drug 22,[NH3+][C@@H](CS)C(=O)[O-],0
22,Drug 23,OC[C@H]1O[C@](O)(CO)[C@@H](O)[C@@H]1O[C@@H]1O[C@H](CO)[C@H](O)[C@H](O)[C@H]1O,0
24,Drug 25,OC[C@H]1O[C@H](O)[C@H](F)[C@@H](O)[C@@H]1O,0
25,Drug 26,OC[C@H]1O[C@H](O[C@]2(CO)O[C@H](CO)[C@@H](O)[C@@H]2O)[C@H](O)[C@@H](O)[C@@H]1O,0
26,Drug 27,O=C1O[C@H](CO)[C@@H](O)[C@H](O)[C@H]1O,0
27,Drug 28,O=C[C@H](O)[C@@H](O)[C@H](O)CO,0
28,Drug 29,OC[C@@H](O)[C@@H](O)[C@H](O)[C@H](O)CO,0
29,Drug 30,O=C([O-])[C@H](O)[C@@H](O)[C@H](O)[C@H](O)CO,0
30,Drug 31,OC[C@H](O)[C@@H](O)[C@H](O)[C@H](O)CO,0
31,Drug 32,NC(N)=[NH2+],0
32,Drug 33,FC(F)(F)C(F)(F)C(F)(F)C(F)(F)C(F)(F)C(F)(F)C(F)(F)C(F)(F)Br,0
33,Drug 34,FC(F)(F)C(F)(F)C(F)(F)C(F)(F)C(F)(F)C(F)(F)F,0
34,Drug 35,O=C([O-])C(O)C(O)C(=O)[O-],0
35,Drug 36,O=C([O-])C(S)C(S)C(=O)[O-],0
36,Drug 37,O=P([O-])([O-])OCC(Cl)(Cl)Cl,0
37,Drug 38,[NH3+]C(CO)(CO)CO,0
38,Drug 39,OCC(O)CO,0
39,Drug 40,O=[N+]([O-])OCC(CO[N+](=O)[O-])O[N+](=O)[O-],0
40,Drug 41,OCC(S)CS,0
41,Drug 42,FC(F)(F)C(F)(F)C(F)(F)F,0
42,Drug 43,FC(F)(F)C(Cl)Br,0
43,Drug 44,FC(F)OC(Cl)C(F)(F)F,0
44,Drug 45,FC(F)OC(F)C(F)(F)F,0
45,Drug 46,FC(F)=C(F)F,0
46,Drug 47,[NH3+]CC(=O)[O-],0
47,Drug 48,O=C([O-])CC(O)(CC(=O)[O-])C(=O)[O-],0
48,Drug 49,FC(F)OC(F)(F)C(F)Cl,0
49,Drug 50,O=C([O-])/C=C/C(=O)[O-],0
50,Drug 51,NC(N)=[NH+]CCC[C@H]([NH3+])C(=O)[O-],0
51,Drug 52,NCC[NH2+]CCNCC[NH2+]CCN,0
52,Drug 53,[NH3+]CCC(O)(P(=O)([O-])[O-])P(=O)([O-])[O-],0
53,Drug 54,[NH3+]CCC[NH2+]CCSP(=O)([O-])[O-],0
54,Drug 55,[NH3+]CCCC([NH3+])(C(=O)[O-])C(F)F,0
55,Drug 56,[NH3+]CCCC(O)(P(=O)([O-])[O-])P(=O)([O-])[O-],0
56,Drug 57,O=C([O-])CCC(=O)[O-],0
57,Drug 58,[NH3+]CC(=O)CCC(=O)[O-],0
58,Drug 59,O=C([O-])CCCO,0
59,Drug 60,NC(=O)CC[C@H]([NH3+])C(=O)[O-],0
61,Drug 62,[NH3+]CCCCCC(=O)[O-],0
62,Drug 63,O=C([O-])CCCCCCCC(=O)[O-],0
63,Drug 64,O=C([O-])CN(CC[NH+](CC(=O)[O-])CC(=O)[O-])CC(=O)[O-],0
64,Drug 65,O=C([O-])CN(CC[NH+](CC(=O)[O-])CC(=O)[O-])CC[NH+](CC(=O)[O-])CC(=O)[O-],0
65,Drug 66,NCC[NH2+]CCNCC[NH3+],0
66,Drug 67,O=C(NCC(O)CO)c1c(I)c(C(=O)NCC(O)CO)c(I)c(N(CCO)C(=O)CO)c1I,0
67,Drug 68,O=S(=O)([O-])CCS,0
68,Drug 69,[NH3+]CCS,0
69,Drug 70,O=C([O-])[O-],0
70,Drug 71,O=C([O-])P(=O)([O-])[O-],0
71,Drug 72,NC(N)=O,0
72,Drug 73,NC(=O)NO,0
73,Drug 74,FCOC(C(F)(F)F)C(F)(F)F,0
74,Drug 75,C/[NH+]=C1/CN([O-])C(c2ccccc2)=c2cc(Cl)ccc2=N1,0
75,Drug 76,C/C=C(C(=C/C)/c1ccc(O)cc1)\c1ccc(O)cc1,0
76,Drug 77,C/C=C/C1=C(C(=O)[O-])N2C(=O)[C@@H](NC(=O)[C@H]([NH3+])c3ccc(O)cc3)[C@H]2SC1,0
77,Drug 78,C/C=C1\NC(=O)[C@H]2CSSCC/C=C/[C@H](CC(=O)N[C@H](C(C)C)C(=O)N2)OC(=O)[C@H](C(C)C)NC1=O,0
78,Drug 79,NC(=[NH2+])NC(=O)c1nc(Cl)c(N)nc1N,0
79,Drug 80,O=[N+]([O-])O[C@@H]1CO[C@@H]2[C@@H](O)CO[C@H]12,0
82,Drug 83,OCC[NH+]1C[C@H](O)[C@@H](O)[C@H](O)[C@H]1CO,0
83,Drug 84,Nc1ncn([C@H]2C[C@H](O)[C@@H](CO)O2)c(=O)n1,1
84,Drug 85,[NH3+]C[C@H]1CC[C@H](C(=O)[O-])CC1,0
86,Drug 87,N#C[C@@H]1C[C@@H]2C[C@@H]2N1C(=O)[C@@H]([NH3+])C12CC3CC(CC(O)(C3)C1)C2,0
87,Drug 88,O=C([O-])[C@H]1/C(=C/CO)O[C@@H]2CC(=O)N21,0
92,Drug 93,O[C@H]1CO[C@@H]2[C@H](O)CO[C@H]12,0
93,Drug 94,O=[N+]([O-])O[C@H]1CO[C@H]2[C@@H]1OC[C@H]2O[N+](=O)[O-],0
94,Drug 95,[NH3+][C@@H]1CONC1=O,0
95,Drug 96,O=C([O-])CCCC[C@@H]1SC[C@@H]2NC(=O)N[C@H]12,0
96,Drug 97,O=c1[nH]cnc2c1ncn2[C@H]1CC[C@@H](CO)O1,0
97,Drug 98,Nc1nc(=S)c2[nH]cnc2[nH]1,0
98,Drug 99,S=c1nc[nH]c2nc[nH]c12,0
99,Drug 100,Nc1cc(N2CCCCC2)nc(N)[n+]1[O-],0
100,Drug 101,NC(=O)[C@@H]1CCCN1C(=O)[C@H](Cc1cnc[nH]1)NC(=O)[C@@H]1CCC(=O)N1,0
101,Drug 102,[NH3+]CCc1cnc[nH]1,0
102,Drug 103,Nc1[nH]c(=O)ncc1F,0
103,Drug 104,Oc1c(Cl)cc(Cl)c(Cl)c1Cc1c(O)c(Cl)cc(Cl)c1Cl,0
104,Drug 105,O=C(CCCCC(=O)Nc1c(I)cc(I)c(C(=O)[O-])c1I)Nc1c(I)cc(I)c(C(=O)[O-])c1I,0
105,Drug 106,O=C(CCOCCOCCOCCOCCC(=O)Nc1c(I)cc(I)c(C(=O)[O-])c1I)Nc1c(I)cc(I)c(C(=O)[O-])c1I,0
106,Drug 107,Clc1cc(Cl)c(OCC#CI)cc1Cl,0
107,Drug 108,[NH3+][C@@H](CC(=O)N1CCn2c(nnc2C(F)(F)F)C1)Cc1cc(F)c(F)cc1F,0
108,Drug 109,Nc1nc(=O)n([C@@H]2CS[C@H](CO)O2)cc1F,0
109,Drug 110,O=c1[nH]cc(F)c(=O)[nH]1,0
110,Drug 111,O=c1[nH]cc(N(CCCl)CCCl)c(=O)[nH]1,0
111,Drug 112,O=c1[nH]c(=O)n([C@H]2C[C@H](O)[C@@H](CO)O2)cc1C(F)(F)F,0
112,Drug 113,O=c1[nH]c(=O)n([C@H]2C[C@H](O)[C@@H](CO)O2)cc1F,0
113,Drug 114,O=c1[nH]c(=O)n([C@H]2C[C@H](O)[C@@H](CO)O2)cc1I,0
114,Drug 115,O=c1[nH]cc(F)c(=O)[nH]1,1
115,Drug 116,Nc1cc(Cl)c(NC2=[NH+]CCN2)c(Cl)c1,0
116,Drug 117,[NH3+][C@@H](Cc1cc(I)c(Oc2cc(I)c([O-])c(I)c2)c(I)c1)C(=O)[O-],0
117,Drug 118,[NH3+][C@H](Cc1cc(I)c(Oc2cc(I)c([O-])c(I)c2)c(I)c1)C(=O)[O-],0
118,Drug 119,N#Cc1cc(NC(=O)C(=O)[O-])c(Cl)c(NC(=O)C(=O)[O-])c1,0
120,Drug 121,NS(=O)(=O)c1cc(Cl)c(Cl)c(S(N)(=O)=O)c1,0
121,Drug 122,Nc1nc(=O)c2c([nH]1)NCC(CNc1ccc(C(=O)N[C@@H](CCC(=O)[O-])C(=O)[O-])cc1)N2C=O.[Ca+2],1
122,Drug 123,Nc1nc(=O)c2c([nH]1)NCC(CNc1ccc(C(=O)N[C@@H](CCC(=O)O)C(=O)O)cc1)N2C=O,1
123,Drug 124,NC(CCSCc1csc([NH+]=C(N)N)n1)=NS(N)(=O)=O,0
124,Drug 125,Nc1nc(/C(=C/CC(=O)[O-])C(=O)N[C@@H]2C(=O)N3C(C(=O)[O-])=CCS[C@H]23)cs1,0
125,Drug 126,ClCC1CO1,0
126,Drug 127,Oc1ncnc2[nH]ncc12,0
127,Drug 128,O=C1OC2(c3cc([131I])c([O-])c([131I])c3Oc3c2cc([131I])c([O-])c3[131I])c2c(Cl)c(Cl)c(Cl)c(Cl)c21,0
128,Drug 129,[NH3+][C@@H]1CCCCN(c2c(F)cc3c(=O)c(C(=O)[O-])cn(C4CC4)c3c2Cl)C1,0
129,Drug 130,NS(=O)(=O)c1cc2c(cc1Cl)NC(C(Cl)Cl)NS2(=O)=O,0
130,Drug 131,NS(=O)(=O)c1cc2c(cc1Cl)NC(C1CC3C=CC1C3)NS2(=O)=O,0
131,Drug 132,NS(=O)(=O)c1cc2c(cc1Cl)NCNS2(=O)=O,0
132,Drug 133,O=C([O-])c1cn(C2CC2)c2cc(N3CC[NH2+]CC3)c(F)cc2c1=O,0
133,Drug 134,[NH3+]C12CC3CC(CC(C3)C1)C2,0
134,Drug 135,C1=C/C(=C2\N=c3cnc4c(c3=N2)COCC4)NO1,0
136,Drug 137,Nc1cc[nH+]cc1,0
137,Drug 138,[NH3+]CCc1cc[nH]n1,0
138,Drug 139,Nc1c(CC(=O)[O-])cccc1C(=O)c1ccc(Br)cc1,0
139,Drug 140,NC(N)=[NH+]C(=O)Cc1c(Cl)cccc1Cl,0
140,Drug 141,Nc1nnc(-c2cccc(Cl)c2Cl)c(N)n1,0
141,Drug 142,O=C1CCc2ccc(OCCCC[NH+]3CCN(c4cccc(Cl)c4Cl)CC3)cc2N1,0
142,Drug 143,Clc1cccc(Cl)c1NC1=[NH+]CCN1,0
143,Drug 144,Clc1ccc(CCC(Cn2ccnc2)Sc2c(Cl)cccc2Cl)cc1,0
144,Drug 145,NC(=O)c1cn(Cc2c(F)cccc2F)nn1,0
145,Drug 146,O=C1CN2Cc3c(ccc(Cl)c3Cl)[NH+]=C2N1,0
146,Drug 147,Brc1c(NC2=[NH+]CCN2)ccc2nccnc12,0
147,Drug 148,Clc1ccc2nsnc2c1NC1=[NH+]CCN1,0
148,Drug 149,O=C([O-])c1cc(/N=N/c2ccc(O)c(C(=O)[O-])c2)ccc1O,0
149,Drug 150,[NH3+]C[C@H](O)c1ccc(O)c(O)c1,0
150,Drug 151,O=C(Nc1ccc([N+](=O)[O-])cc1Cl)c1cc(Cl)ccc1O,0
151,Drug 152,O=C1CCCC(=O)[C-]1C(=O)c1ccc(C(F)(F)F)cc1[N+](=O)[O-],0
152,Drug 153,O=C(Nc1c(Cl)cncc1Cl)c1ccc(OC(F)F)c(OCC2CC2)c1,0
153,Drug 154,O=C([O-])c1cc(-c2ccc(F)cc2F)ccc1O,0
154,Drug 155,[NH3+][C@@H](Cc1ccc(O)c(O)c1)C(=O)[O-],0
155,Drug 156,[NH3+]CCc1ccc(O)c(O)c1,0
156,Drug 157,Clc1ccc(C(Cn2ccnc2)OCc2ccsc2Cl)c(Cl)c1,0
157,Drug 158,O=C(NS(=O)(=O)c1ccc(Br)s1)c1ccc(Cl)cc1Cl,1
158,Drug 159,Clc1ccc(CO/N=C(/Cn2ccnc2)c2ccc(Cl)cc2Cl)c(Cl)c1,0
159,Drug 160,Clc1ccc(COC(Cn2ccnc2)c2ccc(Cl)cc2Cl)c(Cl)c1,0
160,Drug 161,Oc1cc(Cl)ccc1Oc1ccc(Cl)cc1Cl,0
161,Drug 162,OC(Cn1cncn1)(Cn1cncn1)c1ccc(F)cc1F,0
162,Drug 163,[NH3+][C@H]1[C@@H]2CN(c3nc4c(cc3F)c(=O)c(C(=O)[O-])cn4-c3ccc(F)cc3F)C[C@H]12,0
163,Drug 164,Nc1ccc(O)c(C(=O)[O-])c1,0
164,Drug 165,Nc1ccc(C(=O)[O-])c(O)c1,0
165,Drug 166,[NH3+][C@@H](Cc1cc(I)c(Oc2ccc(O)c(I)c2)c(I)c1)C(=O)[O-],0
166,Drug 167,O=C(NCC1CCCC[NH2+]1)c1cc(OCC(F)(F)F)ccc1OCC(F)(F)F,0
167,Drug 168,N.N.O=C(O)C1(C(=O)O)CCC1.[Pt],1
168,Drug 169,O=C1c2c([O-])ccc([O-])c2C(=O)c2c(NCC[NH2+]CCO)ccc(NCC[NH2+]CCO)c21,0
169,Drug 170,O=C1c2c(O)ccc(O)c2C(=O)c2c(NCCNCCO)ccc(NCCNCCO)c21,1
170,Drug 171,O=C1CC[C@@]2(O)[C@H]3Cc4ccc(O)c5c4[C@@]2(CC[NH+]3CC2CC2)[C@H]1O5,0
171,Drug 172,Oc1ccc2c3c1O[C@H]1[C@@H](O)CC[C@@]4(O)[C@@H](C2)[NH+](CC2CCC2)CC[C@]314,0
172,Drug 173,NC(N)=[NH+]Cc1cccc([131I])c1,0
173,Drug 174,O=C1[C@H](CC[C@H](O)c2ccc(F)cc2)[C@@H](c2ccc(O)cc2)N1c1ccc(F)cc1,0
174,Drug 175,Fc1ccc([C@@H]2CC[NH2+]C[C@H]2COc2ccc3c(c2)OCO3)cc1,0
175,Drug 176,O=C(N[C@H](CO)[C@H](O)c1ccc([N+](=O)[O-])cc1)[C-](Cl)Cl,0
176,Drug 177,O=C([O-])CCC(=O)OC[C@@H](NC(=O)[C-](Cl)Cl)[C@H](O)c1ccc([N+](=O)[O-])cc1,0
177,Drug 178,N#Cc1ccc(C(c2ccc(C#N)cc2)n2cncn2)cc1,1
178,Drug 179,[NH3+]CC(CC(=O)[O-])c1ccc(Cl)cc1,0
179,Drug 180,O=C(CCC[NH+]1CCC(O)(c2ccc(Cl)cc2)CC1)c1ccc(F)cc1,0
180,Drug 181,Nc1nc(=O)c2c([nH]1)NC[C@H](CNc1ccc(C(=O)N[C@@H](CCC(=O)[O-])C(=O)[O-])cc1)N2C=O,0
181,Drug 182,Nc1nc(=O)c2c([nH]1)NCC(CNc1ccc(C(=O)N[C@@H](CCC(=O)[O-])C(=O)[O-])cc1)N2C=O,0
182,Drug 183,Nc1nc(=O)c2nc(CNc3ccc(C(=O)N[C@@H](CCC(=O)[O-])C(=O)[O-])cc3)cnc2[nH]1,0
183,Drug 184,Nc1ccc(C(=O)NCC(=O)[O-])cc1,0
184,Drug 185,O=C([O-])CCNC(=O)c1ccc(N/N=C2/C=CC(=O)C(C(=O)[O-])=C2)cc1,0
185,Drug 186,O=C(c1ccc(OCC[NH+]2CCCCC2)cc1)c1c(-c2ccc(O)cc2)sc2cc(O)ccc12,0
186,Drug 187,Oc1ccc(C2C[NH2+]CCc3c2cc(O)c(O)c3Cl)cc1,0
187,Drug 188,O=C1CN(/N=C/c2ccc(-c3ccc([N+](=O)[O-])cc3)o2)C(=O)N1,0
188,Drug 189,[NH3+][C@@H](Cc1ccc(N(CCCl)CCCl)cc1)C(=O)[O-],0
189,Drug 190,[NH3+][C@@H](Cc1ccc(O)cc1)C(=O)[O-],0
190,Drug 191,c1cc(C[NH+]2CCCNCC[NH2+]CCCNCC2)ccc1C[NH+]1CCCNCC[NH2+]CCCNCC1,0
191,Drug 192,NS(=O)(=O)c1ccc(C[NH3+])cc1,0
192,Drug 193,Nc1nc(=O)c2c(CCc3ccc(C(=O)N[C@@H](CCC(=O)[O-])C(=O)[O-])cc3)c[nH]c2[nH]1,0
193,Drug 194,Nc1nc(=O)c2c(CCc3ccc(C(=O)N[C@@H](CCC(=O)O)C(=O)O)cc3)c[nH]c2[nH]1,1
194,Drug 195,O=C([O-])CCCc1ccc(N(CCCl)CCCl)cc1,0
195,Drug 196,Oc1ccc(CCCC[NH2+]C[C@H](O)c2ccc(O)c(O)c2)cc1,0
196,Drug 197,Clc1ccc(COC(Cn2ccnc2)c2ccc(Cl)cc2Cl)cc1,0
197,Drug 198,Clc1ccc(CSC(Cn2ccnc2)c2ccc(Cl)cc2Cl)cc1,0
198,Drug 199,Nc1ccc(S(=O)(=O)c2ccc(N)cc2)cc1,0
199,Drug 200,Nc1ccc(S(N)(=O)=O)cc1,0
200,Drug 201,O=C(NC[C@H]1CN(c2ccc(N3CCOCC3=O)cc2)C(=O)O1)c1ccc(Cl)s1,0
201,Drug 202,[NH2+]=C(NCCCCCCNC(=[NH2+])NC(=[NH2+])Nc1ccc(Cl)cc1)NC(=[NH2+])Nc1ccc(Cl)cc1,0
202,Drug 203,O=S([O-])CNc1ccc(S(=O)(=O)c2ccc(NCS(=O)[O-])cc2)cc1,0
203,Drug 204,Oc1ccc(O)cc1,0
204,Drug 205,NC(=O)OCC(O)COc1ccc(Cl)cc1,0
205,Drug 206,O=P([O-])([O-])C(Sc1ccc(Cl)cc1)P(=O)([O-])[O-],0
206,Drug 207,O=C([O-])c1cccnc1,0
207,Drug 208,NC(=O)c1cccnc1,0
208,Drug 209,O=P([O-])([O-])C(O)(Cc1cccnc1)P(=O)([O-])[O-],0
209,Drug 210,Nc1cccc2c1C(=O)N(C1CCC(=O)NC1=O)C2=O,1
210,Drug 211,O=C1CCC(N2C(=O)c3ccccc3C2=O)C(=O)N1,1
211,Drug 212,Nc1cccc2c1CN(C1CCC(=O)NC1=O)C2=O,1
212,Drug 213,O=C1CCc2ccc(OCCCCN3CCN(c4cccc(Cl)c4Cl)CC3)cc2N1,1
213,Drug 214,NS(=O)(=O)c1cc(C(=O)[O-])c(NCc2ccco2)cc1Cl,0
214,Drug 215,O=C1CN(/N=C/c2ccc([N+](=O)[O-])o2)C(=O)N1,0
215,Drug 216,O=C1OCCN1/N=C/c1ccc([N+](=O)[O-])o1,0
216,Drug 217,NC(=O)N/N=C/c1ccc([N+](=O)[O-])o1,0
217,Drug 218,O=C1O[Pt]OC(=O)C12CCC2,0
218,Drug 219,Nc1cccc2c1CN(C1CCC(=O)NC1=O)C2=O,0
219,Drug 220,O=C([O-])c1cc(=O)c2c(OCC(O)COc3cccc4oc(C(=O)[O-])cc(=O)c34)cccc2o1,0
220,Drug 221,Oc1c(Cl)cc(Cl)c2cccnc12,0
221,Drug 222,Oc1c(I)cc(Cl)c2cccnc12,0
222,Drug 223,OC(c1cc(C(F)(F)F)nc2c(C(F)(F)F)cccc12)C1CCCC[NH2+]1,0
223,Drug 224,O=C1C([O-])=C([C@H]2CC[C@H](c3ccc(Cl)cc3)CC2)C(=O)c2ccccc21,0
224,Drug 225,N#Cc1ccc2[nH]cc(CCCC[NH+]3CCN(c4ccc5oc(C(N)=O)cc5c4)CC3)c2c1,0
225,Drug 226,O=C1Nc2ccc(Cl)cc2[C@@](C#CC2CC2)(C(F)(F)F)O1,0
226,Drug 227,O=c1[nH]c2cc(Cl)ccc2o1,0
227,Drug 228,OC(C[NH2+]CC(O)C1CCc2cc(F)ccc2O1)C1CCc2cc(F)ccc2O1,0
228,Drug 229,Nc1nc2ccc(OC(F)(F)F)cc2s1,0
229,Drug 230,O=C1CCc2cc(OCCCCc3nnnn3C3CCCCC3)ccc2N1,0
230,Drug 231,Clc1ccc(C(Cn2ccnc2)OCc2csc3c(Cl)cccc23)c(Cl)c1,0
231,Drug 232,Clc1ccc2c(c1)CCc1cccnc1C2=C1CC[NH2+]CC1,0
232,Drug 233,O=C1c2cccc3c2[C@H](CCC3)CN1[C@@H]1C[NH+]2CCC1CC2,0
233,Drug 234,Oc1cccc2cccnc12,0
234,Drug 235,N[C@@H]1CCCC[C@H]1[NH3+],0
235,Drug 236,Clc1ccc(C(c2ccccc2Cl)C(Cl)Cl)cc1,0
236,Drug 237,Nc1nc(N)c2nc(CNc3ccc(C(=O)N[C@@H](CCCNC(=O)c4ccccc4C(=O)O)C(=O)O)cc3)cnc2n1,1
237,Drug 238,O=C1Nc2ccc(Cl)cc2C(c2ccccc2Cl)=NC1O,0
238,Drug 239,O=C([O-])c1ccc(-n2nc(-c3ccccc3O)nc2-c2ccccc2O)cc1,0
239,Drug 240,O=C1CN=C(c2ccccc2Cl)c2cc([N+](=O)[O-])ccc2N1,0
240,Drug 241,Fc1ccccc1C1=NCC(=S)N(CC(F)(F)F)c2ccc(Cl)cc21,0
241,Drug 242,Clc1ccccc1C[NH+]1CCc2sccc2C1,0
242,Drug 243,O=C([O-])Cc1ccccc1Nc1c(Cl)cccc1Cl,0
243,Drug 244,[NH3+]Cc1ccccc1CC(=O)N[C@@H]1C(=O)N2C(C(=O)[O-])=C(CSc3nnnn3CC(=O)[O-])CS[C@H]12,0
244,Drug 245,[NH3+]CC1(CC(=O)[O-])CCCCC1,0
245,Drug 246,Nc1ccc(/N=N/c2ccccc2)c(N)n1,0
246,Drug 247,O=C([O-])C1=C(CSc2nnnn2CS(=O)(=O)[O-])CS[C@@H]2[C@H](NC(=O)[C@H](O)c3ccccc3)C(=O)N12,0
247,Drug 248,[NH3+][C@@H](C(=O)N[C@@H]1C(=O)N2C(C(=O)[O-])=C(Cl)CC[C@H]12)c1ccccc1,0
248,Drug 249,O=C([O-])COCC[NH+]1CCN([C@H](c2ccccc2)c2ccc(Cl)cc2)CC1,0
249,Drug 250,O=C(O[C@H]1C[NH+]2CCC1CC2)N1CCc2ccccc2[C@@H]1c1ccccc1,0
250,Drug 251,c1ccc([C@H]2CN3CCSC3=[NH+]2)cc1,0
251,Drug 252,O=C([O-])COCC[NH+]1CCN(C(c2ccccc2)c2ccc(Cl)cc2)CC1,0
252,Drug 253,OCCOCC[NH+]1CCN(C(c2ccccc2)c2ccc(Cl)cc2)CC1,0
253,Drug 254,NC(=O)C(c1ccccc1)(c1ccccc1)[C@@H]1CC[NH+](CCc2ccc3c(c2)CCO3)C1,0
254,Drug 255,O=C(OC1CC2CCC(C1)[N+]21CCCC1)C(O)(c1ccccc1)c1ccccc1,0
255,Drug 256,Clc1ccccc1C(c1ccccc1)(c1ccccc1)n1ccnc1,0
256,Drug 257,NC(=O)C[S@@](=O)C(c1ccccc1)c1ccccc1,0
257,Drug 258,NC(=O)CS(=O)C(c1ccccc1)c1ccccc1,0
258,Drug 259,OC(CC[NH+]1CCCC1)(c1ccccc1)C1CCCCC1,0
259,Drug 260,OC(CC[NH+]1CCCCC1)(c1ccccc1)C1CC2C=CC1C2,0
260,Drug 261,OC(CC[NH+]1CCCCC1)(c1ccccc1)C1CCCC1,0
261,Drug 262,OC(CC[NH+]1CCCCC1)(c1ccccc1)C1CCCCC1,0
262,Drug 263,OC(CCC[NH+]1CCCCC1)(c1ccccc1)c1ccccc1,0
263,Drug 264,NC(=O)OCC(COC(N)=O)c1ccccc1,0
264,Drug 265,O=C([O-])c1ccccc1,0
265,Drug 266,O=C(c1ccccc1)c1ccc2n1CCC2C(=O)[O-],0
266,Drug 267,NC(=O)Cc1cccc(C(=O)c2ccccc2)c1N,0
267,Drug 268,O=C([O-])c1ccc(NC(=O)C(Cc2ccc(O)cc2)NC(=O)c2ccccc2)cc1,0
268,Drug 269,O=C([O-])CNC(=O)c1ccccc1,0
269,Drug 270,O=C(OOC(=O)c1ccccc1)c1ccccc1,0
270,Drug 271,O=C1NC(c2ccccc2)(c2ccccc2)C(=O)N1COP(=O)([O-])[O-],0
271,Drug 272,O=C1NC(=O)C(c2ccccc2)(c2ccccc2)N1,0
272,Drug 273,N#CC(CC[NH+]1CCC(C(=O)[O-])(c2ccccc2)CC1)(c1ccccc1)c1ccccc1,0
273,Drug 274,Nc1nc(N)c2nc(-c3ccccc3)c(N)nc2n1,0
274,Drug 275,NC1=[NH+]C(=O)C(c2ccccc2)O1,0
275,Drug 276,O=C1c2ccccc2C(=O)C1c1ccccc1,0
276,Drug 277,O=C([O-])CCc1nc(-c2ccccc2)c(-c2ccccc2)o1,0
277,Drug 278,[NH3+][C@@H]1CC1c1ccccc1,0
278,Drug 279,O=C([O-])C1N=C(c2ccccc2)c2cc(Cl)ccc2NC1=O,0
279,Drug 280,O=C1Nc2ccc(Cl)cc2C(c2ccccc2)=NC1O,0
280,Drug 281,O=C1CN=C(c2ccccc2)c2cc(Cl)ccc2N1CC(F)(F)F,0
281,Drug 282,O=C1CN=C(c2ccccc2)c2cc(Cl)ccc2N1CC1CC1,0
282,Drug 283,Clc1ccc2c(c1)C(c1ccccc1)=NCc1nncn1-2,0
284,Drug 285,O=C([O-])Cc1ccccc1,0
285,Drug 286,NC(=O)NC(=O)Cc1ccccc1,0
286,Drug 287,c1ccc(CC2=[NH+]CCN2)cc1,0
289,Drug 290,NS(=O)(=O)c1cc2c(cc1C(F)(F)F)NC(Cc1ccccc1)NS2(=O)=O,0
290,Drug 291,[NH3+]CCCC[C@H]([NH2+][C@@H](CCc1ccccc1)C(=O)[O-])C(=O)N1CCC[C@H]1C(=O)[O-],0
291,Drug 292,O=C([O-])CCCc1ccccc1,0
292,Drug 293,OCc1cc(C(O)C[NH2+]CCCCCCOCCCCc2ccccc2)ccc1O,0
293,Drug 294,NNCCc1ccccc1,0
294,Drug 295,c1ccc(CN(CC2=[NH+]CCN2)c2ccccc2)cc1,0
295,Drug 296,O=C1N(Cc2ccccc2)C2C[S+]3CCCC3C2N1Cc1ccccc1,0
296,Drug 297,O=C(OCc1ccccc1)c1ccccc1,0
297,Drug 298,Oc1ccc(OCc2ccccc2)cc1,0
298,Drug 299,O=C([O-])CN(CCN(CC(=O)[O-])C(COCc1ccccc1)C(=O)[O-])CC[NH+](CC(=O)[O-])CC(=O)[O-],0
299,Drug 300,NS(=O)(=O)c1cc2c(cc1Cl)NC(CSCc1ccccc1)=NS2(=O)=O,0
300,Drug 301,Nc1ccc(S(=O)(=O)[N-]c2ccnn2-c2ccccc2)cc1,0
301,Drug 303,O=C(CCCCCCC(=O)Nc1ccccc1)NO,1
302,Drug 304,O=NN(CCCl)C(=O)NC1CCCCC1,0
303,Drug 305,O=C(/C=C/c1cccc(S(=O)(=O)Nc2ccccc2)c1)NO,1
304,Drug 306,Nc1ccc(C(=O)Oc2ccccc2)c(O)c1,0
305,Drug 307,NC(N)=[NH+]CC1COC2(CCCCC2)O1,0
306,Drug 308,Clc1ccc2c(c1)C(N1CC[NH2+]CC1)=[NH+]c1ccccc1O2,0
307,Drug 309,O=c1[nH]c2ccccc2n1C1CC[NH+](CCCC(c2ccc(F)cc2)c2ccc(F)cc2)CC1,0
308,Drug 310,O=C(CCC[NH+]1CC=C(n2c(=O)[nH]c3ccccc32)CC1)c1ccc(F)cc1,0
309,Drug 311,OCCOCC[NH+]1CCN(C2=[NH+]c3ccccc3Sc3ccccc32)CC1,0
310,Drug 312,O=C([O-])C[C@H](O)C[C@H](O)/C=C/c1c(C2CC2)nc2ccccc2c1-c1ccc(F)cc1,0
311,Drug 313,O=c1oc2ccccc2c([O-])c1Cc1c([O-])c2ccccc2oc1=O,0
312,Drug 314,Nc1c2c([nH+]c3ccccc13)CCCC2,0
313,Drug 315,O=C(OC1CC2CC3C[C@H](C1)[NH+]2CC3=O)c1c[nH]c2ccccc12,0
314,Drug 316,Clc1ccc(Nc2nnc(Cc3ccncc3)c3ccccc23)cc1,1
315,Drug 317,NS(=O)(=O)Cc1noc2ccccc12,0
316,Drug 318,O=C1[C@H]2[C@@H]3CC[C@@H](C3)[C@H]2C(=O)N1C[C@@H]1CCCC[C@H]1C[NH+]1CCN(c2nsc3ccccc23)CC1,0
317,Drug 319,O=C1Cc2cc(CC[NH+]3CCN(c4nsc5ccccc45)CC3)c(Cl)cc2N1,0
318,Drug 320,O=C1CCC(N2C(=O)c3ccccc3C2=O)C(=O)N1,0
319,Drug 321,NS(=O)(=O)c1cc(C2(O)NC(=O)c3ccccc32)ccc1Cl,0
320,Drug 322,O=C1O[Bi](O)Oc2ccccc21,0
321,Drug 323,O=C1OC2(c3ccc(O)cc3Oc3cc(O)ccc32)c2ccccc21,0
322,Drug 324,OC1(c2ccc(Cl)cc2)c2ccccc2C2=[NH+]CCN21,0
323,Drug 325,O=C(CCS)N1CCc2c([nH]c3ccccc23)C1,0
324,Drug 326,O=C([O-])c1cc2ccccc2c(Cc2c(O)c(C(=O)[O-])cc3ccccc23)c1O,0
326,Drug 328,NC(=O)N1c2ccccc2CC(=O)c2ccccc21,0
327,Drug 329,NC1=[NH+]CC2c3ccccc3Cc3ccccc3N12,0
328,Drug 330,NC(=O)N1c2ccccc2C=Cc2ccccc21,0
329,Drug 331,c1ccc2c(c1)CCCC2C1=[NH+]CCN1,0
330,Drug 332,c1ccc2c(CC3=[NH+]CCN3)cccc2c1,0
331,Drug 333,O=C(C1CCCCC1)N1CC(=O)N2CCc3ccccc3C2C1,0
332,Drug 334,NNc1nncc2ccccc12,0
333,Drug 335,OCC[NH+]1CCN(CCCN2c3ccccc3Sc3ccc(C(F)(F)F)cc32)CC1,0
334,Drug 336,OCC[NH+]1CCN(CCCN2c3ccccc3Sc3ccc(Cl)cc32)CC1,0
335,Drug 337,NC(N)=[NH+]CCN1CCCCCCC1,0
336,Drug 338,[O-]n1ccccc1=S,0
337,Drug 339,O=C(c1ccc2nonc2c1)N1CCCCC1,1
338,Drug 340,O=c1n(CCC[NH+]2CCN(c3cccc(Cl)c3)CC2)nc2ccccn12,0
339,Drug 341,O=C(c1ccc(F)c(F)c1Nc1ccc(I)cc1F)N1CC(O)([C@@H]2CCCCN2)C1,1
340,Drug 342,O=C([O-])CCC[NH+]1CCC(O[C@@H](c2ccc(Cl)cc2)c2ccccn2)CC1,0
341,Drug 343,O=C([O-])c1cc(/N=N/c2ccc(S(=O)(=O)[N-]c3ccccn3)cc2)ccc1O,0
342,Drug 344,Nc1ccc(S(=O)(=O)[N-]c2ccccn2)cc1,0
343,Drug 345,Nc1ccn([C@@H]2CS[C@H](CO)O2)c(=O)n1,0
344,Drug 346,Nc1ccn([C@@H]2O[C@H](CO)[C@@H](O)[C@@H]2O)c(=O)n1,1
345,Drug 347,Nc1ccn([C@@H]2O[C@H](CO)[C@@H](O)C2(F)F)c(=O)n1,1
346,Drug 348,Cl.Nc1ccn([C@@H]2O[C@H](CO)[C@@H](O)C2(F)F)c(=O)n1,1
347,Drug 349,Nc1ccn([C@H]2CC[C@@H](CO)O2)c(=O)n1,0
348,Drug 350,Nc1ccn(C[C@@H](CO)OCP(=O)([O-])[O-])c(=O)n1,0
349,Drug 351,O=C([O-])CN1CCN(C(CO)C(O)CO)CCN(CC(=O)[O-])CC[NH+](CC(=O)[O-])CC1,0
350,Drug 352,O=C(CCBr)N1CCN(C(=O)CCBr)CC1,0
351,Drug 353,O=C(Nc1cnccc1Cl)N1CCN(Cc2ccc3c(c2)OC(F)(F)O3)CC1,1
352,Drug 354,O=P([O-])([O-])C(O)(Cn1ccnc1)P(=O)([O-])[O-],0
353,Drug 355,O=P1(NCCCl)OCCCN1CCCl,1
354,Drug 356,S=P(N1CC1)(N1CC1)N1CC1,0
355,Drug 357,NC(=O)c1cnccn1,0
356,Drug 358,Nc1ccc(S(=O)(=O)[N-]c2ncccn2)cc1,0
357,Drug 359,O=C1CC2(CCCC2)CC(=O)N1CCCC[NH+]1CCN(c2ncccn2)CC1,0
358,Drug 360,c1cnc2cc3c(cc2n1)[C@H]1C[NH2+]C[C@@H]3C1,0
359,Drug 361,C1C[NH2+]CCN1,0
360,Drug 362,NNC(=O)c1ccncc1,0
361,Drug 363,Nc1cc(-c2ccncc2)c[nH]c1=O,0
362,Drug 364,O=P1(N(CCCl)CCCl)NCCCO1,1
363,Drug 365,O=C1CCO1,0
364,Drug 366,Nc1ncnc2c1ncn2[C@@H]1O[C@H](CO)[C@@H](O)[C@H]1O,0
365,Drug 367,Nc1ncnc2c1ncn2[C@@H]1O[C@H](CO)[C@@H](O)[C@@H]1O,0
366,Drug 368,Nc1ncn([C@@H]2O[C@H](CO)[C@@H](O)[C@H]2O)c(=O)n1,0
367,Drug 369,Nc1ncn([C@H]2C[C@H](O)[C@@H](CO)O2)c(=O)n1,0
368,Drug 370,NC(=O)c1ncn([C@@H]2O[C@H](CO)[C@@H](O)[C@H]2O)n1,0
369,Drug 371,Nc1nc(=S)c2[nH]cnc2[nH]1,1
370,Drug 372,S=c1nc[nH]c2nc[nH]c12,1
371,Drug 373,Nc1nc(Cl)nc2c1ncn2[C@@H]1O[C@H](CO)[C@@H](O)[C@@H]1F,1
372,Drug 374,Nc1nc(F)nc2c1ncn2[C@@H]1O[C@H](CO)[C@@H](O)[C@@H]1O,1
373,Drug 375,Nc1nc(F)nc2c1ncn2[C@@H]1O[C@H](COP(=O)(O)O)[C@@H](O)[C@@H]1O,1
374,Drug 376,OC[C@H]1O[C@@H](n2cnc3c2NC=[NH+]C[C@H]3O)C[C@@H]1O,0
375,Drug 377,Nc1nc(=O)c2ncn(CCC(CO)CO)c2[nH]1,0
376,Drug 378,Nc1nc(=O)c2ncn(COCCO)c2[nH]1,0
377,Drug 379,Nc1nc(NC2CC2)c2ncn([C@H]3C=C[C@@H](CO)C3)c2n1,0
378,Drug 380,Nc1nc(Cl)nc2c1ncn2[C@@H]1O[C@H](CO)[C@@H](O)[C@@H]1F,0
379,Drug 381,Nc1nc(F)nc2c1ncn2[C@@H]1O[C@H](COP(=O)([O-])[O-])[C@@H](O)[C@@H]1O,0
380,Drug 382,Nc1nc(Cl)nc2c1ncn2[C@H]1C[C@H](O)[C@@H](CO)O1,0
381,Drug 383,Nc1nc2c(ncn2COC(CO)CO)c(=O)[nH]1,0
382,Drug 384,C[NH+]1CCC[C@@H]1CCO[C@](C)(c1ccccc1)c1ccc(Cl)cc1,0
383,Drug 385,C[C@]1(Cn2ccnn2)[C@H](C(=O)[O-])N2C(=O)C[C@H]2S1(=O)=O,0
386,Drug 388,C[C@H](O)[C@H](O)[C@H]1CNc2[nH]c(N)nc(=O)c2N1,0
387,Drug 389,C[C@H]([NH3+])[C@H](O)c1ccc(O)c(O)c1,0
388,Drug 390,C[C@H]([NH2+]CCc1ccc(O)cc1)[C@H](O)c1ccc(O)cc1,0
389,Drug 391,C[C@H]([NH3+])[C@H](O)c1cccc(O)c1,0
390,Drug 392,C[NH2+][C@@H](C)[C@@H](O)c1ccccc1,0
391,Drug 393,C/C(=N\O)[C@@H](C)[NH2+]CC(C)(C)C[NH2+][C@H](C)/C(C)=N/O,0
392,Drug 394,C[C@H]([NH2+][C@@H](CCc1ccccc1)C(=O)[O-])C(=O)N1CCC[C@H]1C(=O)[O-],0
395,Drug 397,C[C@H](O)C(=O)Nc1c(I)c(C(=O)NC(CO)CO)c(I)c(C(=O)NC(CO)CO)c1I,0
396,Drug 398,C[C@@H](c1ncncc1F)[C@](O)(Cn1cncn1)c1ccc(F)cc1F,0
397,Drug 399,COc1ccc2cc([C@H](C)C(=O)OCCCCO[N+](=O)[O-])ccc2c1,1
398,Drug 400,C[C@H](OC(=O)c1ccccc1)C1=CCC23OCC[NH+](C)CC12C[C@@H](O)C12O[C@@]4(O)CC[C@@]1(C)[C@H](CC=C32)C4,0
399,Drug 401,COc1ccc2cc([C@H](C)C(=O)[O-])ccc2c1,0
400,Drug 402,C[C@H]([NH3+])Cc1ccccc1,0
401,Drug 403,C[C@@H](Cc1ccccc1)NC(=O)[C@@H]([NH3+])CCCC[NH3+],0
402,Drug 404,COc1ccc2c(c1)N(C[C@H](C)C[NH+](C)C)c1ccccc1S2,0
403,Drug 405,C[C@@H](CN1CC(=O)NC(=O)C1)[NH+]1CC(=O)NC(=O)C1,0
404,Drug 406,C[C@@H](O)[C@H]1C(=O)N2C(C(=O)[O-])=C(S[C@@H]3C[NH2+][C@H](C(=O)N(C)C)C3)[C@H](C)[C@H]12,0
406,Drug 408,C[C@@H](O)[C@H]1C(=O)N2C(C(=O)[O-])=C(S[C@@H]3C[NH2+][C@H](CNS(N)(=O)=O)C3)[C@H](C)[C@H]12,0
421,Drug 423,CC(=O)OCC(=O)[C@@]1(O)[C@H](C)C[C@H]2[C@@H]3C[C@H](F)C4=CC(=O)C=C[C@]4(C)[C@H]3[C@@H](O)C[C@@]21C,0
423,Drug 425,C[C@@H]1C[C@H]2[C@@H]3CCC4=CC(=O)C=C[C@]4(C)[C@@]3(F)[C@@H](O)C[C@]2(C)[C@@]1(O)C(=O)CO,1
425,Drug 427,C[C@@H]1C[C@H]2[C@@H]3CCC4=CC(=O)C=C[C@]4(C)[C@@]3(F)[C@@H](O)C[C@]2(C)[C@H]1C(=O)CO,0
426,Drug 428,C[NH2+][C@H]1[C@@H](O)[C@@H]([NH2+]C)[C@H](O)[C@H]2O[C@@H]3O[C@H](C)CC(=O)[C@]3(O)O[C@H]12,0
427,Drug 429,COC1=CC(=O)C[C@@H](C)[C@]12Oc1c(Cl)c(OC)cc(OC)c1C2=O,0
429,Drug 431,CC(C)[C@@H]1CC[C@@H](C)C[C@H]1O,0
430,Drug 432,CO[C@H]1O[C@@H]2O[C@@]3(C)CC[C@H]4[C@H](C)CC[C@@H]([C@H]1C)[C@]42OO3,0
435,Drug 437,C[C@H]1CNc2c(cccc2S(=O)(=O)N[C@@H](CCC[NH+]=C(N)N)C(=O)N2CC[C@@H](C)C[C@@H]2C(=O)[O-])C1,0
436,Drug 438,C[C@H]1CN(c2c(F)c(N)c3c(=O)c(C(=O)[O-])cn(C4CC4)c3c2F)C[C@@H](C)[NH2+]1,0
437,Drug 439,C[C@@H]1O[C@@]2(CS1)C[NH+]1CCC2CC1,0
440,Drug 442,CO[C@]12CC[C@@]3(C[C@@H]1[C@](C)(O)C(C)(C)C)[C@H]1Cc4ccc(O)c5c4[C@@]3(CC[NH+]1CC1CC1)[C@H]2O5,0
441,Drug 443,C[C@]([NH3+])(Cc1ccc(O)c(O)c1)C(=O)[O-],0
442,Drug 444,C[C@]([NH3+])(Cc1ccc(O)cc1)C(=O)[O-],0
445,Drug 447,CC1(C)O[C@@H]2C[C@H]3[C@@H]4C[C@H](F)C5=CC(=O)C=C[C@]5(C)[C@@]4(F)[C@@H](O)C[C@]3(C)[C@]2(C(=O)CO)O1,0
446,Drug 448,CC1(C)O[C@@H]2C[C@H]3[C@@H]4CCC5=CC(=O)C=C[C@]5(C)[C@@]4(F)[C@@H](O)C[C@]3(C)[C@]2(C(=O)CO)O1,0
448,Drug 450,C[C@]12C[C@H](O)[C@@]3(F)[C@@H](CCC4=CC(=O)C=C[C@@]43C)[C@@H]1C[C@@H](O)[C@]2(O)C(=O)CO,0
449,Drug 451,CC1(C)O[C@@H]2C[C@H]3[C@@H]4C[C@H](F)C5=CC(=O)C=C[C@]5(C)[C@H]4[C@@H](O)C[C@]3(C)[C@]2(C(=O)CO)O1,0
450,Drug 452,CC1(C)O[C@@H]2C[C@H]3[C@@H]4CCC5=CC(=O)C=C[C@]5(C)[C@H]4[C@@H](O)C[C@]3(C)[C@]2(C(=O)CO)O1,0
451,Drug 453,C[C@]12C[C@H](O)[C@H]3[C@@H](C[C@H](F)C4=CC(=O)C=C[C@@]43C)[C@@H]1CC[C@]2(O)C(=O)CO,0
452,Drug 454,C[C@]12C[C@H](O)[C@H]3[C@@H](CCC4=CC(=O)C=C[C@@]43C)[C@@H]1CC[C@]2(O)C(=O)CO,1
453,Drug 455,CC(C)(C)CC(=O)OCC(=O)[C@@]1(O)CC[C@H]2[C@@H]3CCC4=CC(=O)C=C[C@]4(C)[C@H]3[C@@H](O)C[C@@]21C,0
454,Drug 456,C[C@]12CC(=O)[C@H]3[C@@H](CCC4=CC(=O)C=C[C@@]43C)[C@@H]1CC[C@]2(O)C(=O)CO,1
455,Drug 457,C[C@]12CC[C@@H]3c4ccc(O)cc4C[C@@H](CCCCCCCCCS(=O)CCCC(F)(F)C(F)(F)F)[C@H]3[C@@H]1CC[C@@H]2O,0
456,Drug 458,C[C@]12CC[C@@H]3c4ccc(O)cc4CC[C@H]3[C@@H]1CC[C@@H]2O,0
457,Drug 459,C[C@]12CC[C@@H]3c4ccc(OC(=O)N(CCCl)CCCl)cc4CC[C@H]3[C@@H]1CC[C@@H]2OP(=O)([O-])[O-],0
458,Drug 460,C#C[C@]1(O)CC[C@H]2[C@@H]3CCc4cc(O)ccc4[C@H]3CC[C@@]21C,0
459,Drug 461,C#C[C@]1(O)CC[C@H]2[C@@H]3CCc4cc(OC)ccc4[C@H]3CC[C@@]21C,0
460,Drug 462,C#C[C@]1(O)CC[C@H]2[C@@H]3CCc4cc(OC5CCCC5)ccc4[C@H]3CC[C@@]21C,0
461,Drug 463,C[C@]12CC[C@@H]3c4ccc(O)cc4CC[C@H]3[C@@H]1CCC2=O,0
462,Drug 464,C[C@]12CC[C@@H]3c4ccc(OS(=O)(=O)[O-])cc4CC[C@H]3[C@@H]1CCC2=O,0
463,Drug 465,CC(C)(C)NC(=O)[C@H]1CC[C@H]2[C@@H]3CC[C@H]4NC(=O)C=C[C@]4(C)[C@H]3CC[C@]12C,0
464,Drug 466,C[C@]12CC[C@H]3[C@@H](CC[C@H]4NC(=O)C=C[C@]34C)[C@@H]1CC[C@@H]2C(=O)Nc1cc(C(F)(F)F)ccc1C(F)(F)F,1
465,Drug 467,C[C@]12CC[C@H]3[C@@H](CC[C@H]4NC(=O)C=C[C@]34C)[C@@H]1CC[C@@H]2C(=O)Nc1cc(C(F)(F)F)ccc1C(F)(F)F,0
466,Drug 468,C[C@]12CC[C@H]3[C@@H](CC[C@@]45O[C@@H]4C(O)=C(C#N)C[C@]35C)[C@@H]1CC[C@@H]2O,0
467,Drug 469,C[C@]12CC[C@H]3[C@@H](CCC4=CC(=O)CC[C@@]43C)[C@@H]1CC[C@@H]2O,0
468,Drug 470,C[C@]12CC[C@@H]3[C@H]4CCC(=O)C=C4CC[C@H]3[C@@H]1CC[C@@H]2OC(=O)CCc1ccccc1,0
469,Drug 471,C#C[C@]1(O)CC[C@H]2[C@@H]3CCC4=C(CCC(=O)C4)[C@H]3CC[C@@]21C,0
470,Drug 472,C#C[C@]1(O)CC[C@H]2[C@@H]3CCC4=CC(=O)CC[C@@H]4[C@H]3CC[C@@]21C,0
471,Drug 473,C#C[C@]1(O)CC[C@H]2[C@@H]3CCC4=Cc5oncc5C[C@]4(C)[C@H]3CC[C@@]21C,0
472,Drug 474,C[C@]12C/C(=C/[O-])C(=O)C[C@@H]1CC[C@@H]1[C@@H]2CC[C@@]2(C)[C@H]1CC[C@]2(C)O,0
473,Drug 475,C[C@]12Cc3cn[nH]c3C[C@@H]1CC[C@@H]1[C@@H]2CC[C@@]2(C)[C@H]1CC[C@]2(C)O,0
474,Drug 476,C[C@]12COC(=O)C[C@@H]1CC[C@@H]1[C@@H]2CC[C@@]2(C)[C@H]1CC[C@]2(C)O,0
475,Drug 477,C[C@]12CC[C@H]3[C@@H](CCC4=CC(=O)C=C[C@@]43C)[C@@H]1CCC(=O)O2,0
476,Drug 478,C=C1C[C@@H]2[C@H](CC[C@]3(C)C(=O)CC[C@@H]23)[C@@]2(C)C=CC(=O)C=C12,0
477,Drug 479,C[C@]12CC[C@H]3[C@H]([C@@H]1[C@@H]1C[C@@H]1[C@@]21CCC(=O)O1)[C@H]1C[C@H]1C1=CC(=O)CC[C@@]13C,0
478,Drug 480,CC1(C)O[C@@H]2C[C@H]3[C@@H]4C[C@H](F)C5=CC(=O)CC[C@]5(C)[C@H]4[C@@H](O)C[C@]3(C)[C@]2(C(=O)CO)O1,0
479,Drug 481,COC(=O)[C@@H]1CC2=CC(=O)CC[C@]2(C)[C@@]23O[C@@H]2C[C@@]2(C)[C@@H](CC[C@@]24CCC(=O)O4)[C@H]13,0
480,Drug 482,CC1(C)O[C@@H]2C[C@H]3[C@@H]4CCC5=CC(=O)CC[C@]5(C)[C@@]4(F)[C@@H](O)C[C@]3(C)[C@]2(C(=O)CCl)O1,0
481,Drug 483,C[C@]1(O)CC[C@H]2[C@@H]3CCC4=CC(=O)CC[C@]4(C)[C@@]3(F)[C@@H](O)C[C@@]21C,0
482,Drug 484,C[C@]12C[C@H](O)[C@H]3[C@@H](CCC4=CC(=O)CC[C@@]43C)[C@@H]1CC[C@]2(O)C(=O)CO,1
483,Drug 485,C[C@]12C[C@H](O)[C@H]3[C@@H](CCC4=CC(=O)CC[C@@]43C)[C@@H]1CC[C@]2(O)C(=O)COC(=O)CCC(=O)[O-],0
484,Drug 486,C[C@]12C[C@H](O)[C@H]3[C@@H](CCC4=CC(=O)CC[C@@]43C)[C@@H]1CC[C@]2(O)C(=O)COC(=O)CCC1CCCC1,0
485,Drug 487,C[C@]12C[C@H](O)[C@H]3[C@@H](CCC4=CC(=O)CC[C@@]43C)[C@@H]1CC[C@]2(O)C(=O)COP(=O)([O-])[O-],0
486,Drug 488,C[C@]1(O)CC[C@H]2[C@@H]3CCC4=CC(=O)CC[C@]4(C)[C@H]3CC[C@@]21C,0
487,Drug 489,C[C@]12CCC3=C4CCC(=O)C=C4CC[C@H]3[C@@H]1CC[C@@]2(O)CC#N,0
488,Drug 490,C[C@@]12CCCCC[C@@H](Cc3ccc(O)cc31)[C@@H]2[NH3+],0
489,Drug 491,C[C@@H](/C=C/[C@@H](C)[C@H]1CC[C@H]2/C(=C/C=C3C[C@@H](O)C[C@H](O)C3)CCC[C@@]21C)C(C)(C)O,0
490,Drug 492,C=C1/C(=C\C=C2/CCC[C@@]3(C)[C@H]2CC[C@@H]3[C@H](C)/C=C/[C@H](C)C(C)C)C[C@@H](O)C[C@@H]1O,0
491,Drug 493,C=C1CC[C@H](O)C/C1=C/C=C1\CCC[C@@]2(C)[C@H]1CC[C@@H]2[C@H](C)/C=C/[C@H](C)C(C)C,0
492,Drug 494,C=C1/C(=C\C=C2/CCC[C@@]3(C)[C@H]2CC[C@@H]3[C@H](C)/C=C/[C@@H](O)C2CC2)C[C@@H](O)C[C@@H]1O,0
495,Drug 497,C[C@@H](O)[C@H]1C(=O)N2C(C(=O)[O-])=C(SCC/[NH+]=C/N)C[C@H]12,0
496,Drug 498,C[C@@H]([NH3+])[C@@H](O)c1ccccc1,0
497,Drug 499,C/C(=C\C(=O)OCCCCCCCCC(=O)[O-])C[C@@H]1OC[C@H](C[C@@H]2O[C@H]2[C@@H](C)[C@H](C)O)[C@@H](O)[C@H]1O,0
501,Drug 503,C[C@@H](Oc1cc(-c2cnn(C3CC[NH2+]CC3)c2)cnc1N)c1c(Cl)ccc(F)c1Cl,0
502,Drug 504,C[C@@H](O[C@H]1OCC[NH+](Cc2n[nH]c(=O)[nH]2)[C@H]1c1ccc(F)cc1)c1cc(C(F)(F)F)cc(C(F)(F)F)c1,0
503,Drug 505,C[C@@H]([NH2+]CCCc1cccc(C(F)(F)F)c1)c1cccc2ccccc12,0
504,Drug 506,C[C@H](Cc1cc2c(c(C(N)=O)c1)N(CCCO)CC2)[NH2+]CCOc1ccccc1OCC(F)(F)F,0
505,Drug 507,C[C@@H](Cc1ccc(O)c(O)c1)[C@H](C)Cc1ccc(O)c(O)c1,0
506,Drug 508,COc1ccc(C[C@@H](C)[NH2+]C[C@H](O)c2ccc(O)c(NC=O)c2)cc1,0
507,Drug 509,C#CC[NH+](C)[C@H](C)Cc1ccccc1,0
508,Drug 510,C[C@H](CCC(=O)[O-])[C@H]1CC[C@H]2[C@H]3[C@H](CC[C@@]21C)[C@@]1(C)CC[C@@H](O)C[C@H]1C[C@H]3O,0
509,Drug 511,C[C@H](CCC(=O)[O-])[C@H]1CC[C@H]2[C@@H]3[C@@H](O)C[C@@H]4C[C@H](O)CC[C@]4(C)[C@H]3CC[C@@]21C,0
510,Drug 512,C=C1/C(=C\C=C2/CCC[C@@]3(C)[C@H]2CC[C@@H]3[C@H](C)CCCC(C)(C)O)C[C@@H](O)C[C@@H]1O,1
511,Drug 513,C=C1CC[C@H](O)C/C1=C/C=C1\CCC[C@@]2(C)[C@H]1CC[C@@H]2[C@H](C)CCCC(C)(C)O,0
512,Drug 514,C=C1CC[C@H](O)C/C1=C/C=C1\CCC[C@@]2(C)[C@H]1CC[C@@H]2[C@H](C)CCCC(C)C,0
513,Drug 515,C[C@H](Cn1cnc2c(N)ncnc21)OCP(=O)([O-])[O-],0
514,Drug 516,CC(C)OC(=O)OCOP(=O)(CO[C@H](C)Cn1cnc2c(N)ncnc21)OCOC(=O)OC(C)C,0
518,Drug 520,C[C@H]1[C@H](NC(=O)/C(=N\OC(C)(C)C(=O)[O-])c2csc(N)n2)C(=O)N1S(=O)(=O)[O-],0
520,Drug 522,COc1cccc2c1C(=O)c1c(O)c3c(c(O)c1C2=O)C[C@@](O)(C(C)=O)C[C@@H]3O[C@H]1C[C@H](N)[C@H](O)[C@H](C)O1.Cl,1
521,Drug 523,COc1cccc2c1C(=O)c1c(O)c3c(c(O)c1C2=O)C[C@@](O)(C(=O)CO)C[C@@H]3O[C@H]1C[C@H](N)[C@H](O)[C@H](C)O1.Cl,1
525,Drug 527,C[C@@H]1O[C@@H]1P(=O)([O-])[O-],0
526,Drug 528,CC(C)=CC[NH+]1CC[C@@]2(C)c3cc(O)ccc3C[C@@H]1[C@@H]2C,0
528,Drug 530,CC(=O)O[C@]1(C(C)=O)CC[C@H]2[C@@H]3C[C@H](C)C4=CC(=O)CC[C@]4(C)[C@H]3CC[C@@]21C,0
530,Drug 532,CC(=O)[C@@]1(O)CC[C@H]2[C@@H]3C[C@H](C)C4=CC(=O)C=C[C@]4(C)[C@@]3(F)[C@@H](O)C[C@@]21C,0
531,Drug 533,CC(=O)O[C@]1(C(C)=O)CC[C@H]2[C@@H]3C[C@H](C)C4=CC(=O)C=C[C@]4(C)[C@@]3(F)[C@@H](O)C[C@@]21C,0
532,Drug 534,C[C@H]1C[C@H]2[C@@H]3CC[C@](O)(C(=O)CO)[C@@]3(C)C[C@H](O)[C@@H]2[C@@]2(C)C=CC(=O)C=C12,0
534,Drug 536,CC(=O)[C@H]1CC[C@H]2[C@@H]3C[C@H](C)C4=CC(=O)CC[C@]4(C)[C@H]3[C@@H](O)C[C@]12C,0
535,Drug 537,C[C@H]1C[C@H]2[C@@H]3CCC4=CC(=O)C=C[C@]4(C)[C@@]3(F)[C@@H](O)C[C@]2(C)[C@@]1(O)C(=O)CO,0
536,Drug 538,C[C@H]1C[C@H]2[C@@H]3CCC4=CC(=O)C=C[C@]4(C)[C@@]3(F)[C@@H](O)C[C@]2(C)[C@@]1(OC(=O)c1ccccc1)C(=O)CO,0
537,Drug 539,CC(=O)OCC(=O)[C@@]1(O)[C@@H](C)C[C@H]2[C@@H]3CCC4=CC(=O)C=C[C@]4(C)[C@@]3(F)[C@@H](O)C[C@@]21C,0
538,Drug 540,C[C@H]1C[C@H]2[C@@H]3CCC4=CC(=O)C=C[C@]4(C)[C@H]3C(=O)C[C@]2(C)[C@@]1(O)C(=O)CO,0
539,Drug 541,C[C@H]1C[NH+](C[C@H](Cc2ccccc2)C(=O)NCC(=O)[O-])CC[C@@]1(C)c1cccc(O)c1,0
540,Drug 542,C=C(C)[C@@H]1CC[C@@]2(C1)C(C)=CCC[C@@H]2C,0
541,Drug 543,CC(C)[C@@H](CN1CC[C@@](C)(c2cccc(O)c2)[C@@H](C)C1)NC(=O)[C@H]1Cc2ccc(O)cc2CN1,1
542,Drug 544,C[C@H]1COc2c(N3CC[NH+](C)CC3)c(F)cc3c(=O)c(C(=O)[O-])cn1c23,0
543,Drug 545,C[N+](C)(C)C[C@H](O)CC(=O)[O-],0
544,Drug 546,C[N+](C)(C)CC(=O)[O-],0
545,Drug 547,C=CC[NH2+]CCCCCC[N+](C)(C)C,0
546,Drug 548,C[N+](C)(C)CCCCCCCCCC[N+](C)(C)C,0
547,Drug 549,C[N+](C)(C)CCOC(=O)CCC(=O)OCC[N+](C)(C)C,0
548,Drug 550,C[N+](C)(C)CCOC(N)=O,0
549,Drug 551,C[N+](C)(CCCCCC[N+](C)(C)C1c2ccccc2-c2ccccc21)C1c2ccccc2-c2ccccc21,0
550,Drug 552,C[N+]1(C)[C@H]2CC(OC(=O)C(O)(c3cccs3)c3cccs3)C[C@@H]1[C@H]1O[C@@H]21,0
551,Drug 553,C[N+]1(C)C2CCC1CC(OC(=O)C(O)c1ccccc1)C2,0
552,Drug 554,C[N+]1(CC2CC2)CC[C@]23c4c5ccc(O)c4O[C@H]2C(=O)CC[C@@]3(O)[C@H]1C5,0
553,Drug 555,C[N+]1(C)CCC(=C(c2ccccc2)c2ccccc2)CC1,0
554,Drug 556,C[N+]1(C)CCC(OC(=O)C(O)(c2ccccc2)C2CCCC2)C1,0
558,Drug 560,COc1ccc2cc1Oc1cc3c(cc1OC)CC[N+](C)(C)[C@H]3Cc1ccc(cc1)Oc1c(OC)c(OC)cc3c1[C@@H](C2)[N+](C)(C)CC3,0
559,Drug 561,C[N+]1(C)CCCC(OC(=O)C(O)(c2ccccc2)c2ccccc2)C1,0
560,Drug 562,CO/N=C(\C(=O)N[C@@H]1C(=O)N2C(C(=O)[O-])=C(C[N+]3(C)CCCC3)CS[C@H]12)c1csc(N)n1,0
561,Drug 563,C[N+]1(CCCCC[N+]2(C)CCCC2)CCCC1,0
562,Drug 564,C[N+]1(C)CCN(CC(O)(c2ccccc2)C2CCCCC2)CC1,0
563,Drug 565,C[N+]12CCC(CC1)C(OC(=O)C(O)(c1ccccc1)c1ccccc1)C2,0
564,Drug 566,CN(C)C(=O)Oc1ccc[n+](C)c1,0
565,Drug 567,C[n+]1ccccc1/C=N/O,0
569,Drug 571,COc1cccc([C@@]2(O)CCCC[C@@H]2C[NH+](C)C)c1,0
570,Drug 572,C[NH+](C)CC(c1ccc(O)cc1)C1(O)CCCCC1,0
571,Drug 573,COc1ccc(C(C[NH+](C)C)C2(O)CCCCC2)cc1,0
572,Drug 574,C[NH+](C)CC/C=C1/c2ccccc2COc2ccc(CC(=O)[O-])cc21,0
573,Drug 575,C[NH+](C)CC/C=C1/c2ccccc2Sc2ccc(Cl)cc21,0
574,Drug 576,C[NH+](C)CC[C@@H](c1ccc(Br)cc1)c1ccccn1,0
575,Drug 577,C[NH+](C)CCC(c1ccc(Br)cc1)c1ccccn1,0
576,Drug 578,C[NH+](C)CCC(c1ccc(Cl)cc1)c1ccccn1,0
577,Drug 579,C[NH+](C)CCC(O)(c1ccccc1)c1ccccc1Cl,0
578,Drug 580,C[NH+](C)CCC(c1ccccc1)c1ccccn1,0
579,Drug 581,C[NH+](C)CCc1c[nH]c2ccc(C[C@H]3COC(=O)N3)cc12,0
580,Drug 582,C[NH+](C)CCc1c[nH]c2ccc(Cn3cncn3)cc12,0
581,Drug 583,C[NH+](C)CCc1c[nH]c2ccc(CS(=O)(=O)N3CCCC3)cc12,0
582,Drug 584,C[NH+](C)CCC[C@@]1(c2ccc(F)cc2)OCc2cc(C#N)ccc21,0
583,Drug 585,C[NH+](C)CCCC1(c2ccc(F)cc2)OCc2cc(C#N)ccc21,0
584,Drug 586,C[NH+](C)CCC=C1c2ccccc2CCc2ccccc21,0
585,Drug 587,C[NH+](C)CCCN1c2ccccc2CCc2ccc(Cl)cc21,0
586,Drug 588,C[NH+](C)CCCN1c2ccccc2CCc2ccccc21,0
587,Drug 589,C[NH+](C)CCCN1c2ccccc2Sc2ccc(C(F)(F)F)cc21,0
588,Drug 590,C[NH+](C)CCCN1c2ccccc2Sc2ccc(Cl)cc21,0
589,Drug 591,C[NH+](C)CCCN1c2ccccc2Sc2ccccc21,0
590,Drug 592,COc1ccc(CN(CC[NH+](C)C)c2ccccn2)cc1,0
591,Drug 593,C[NH+](C)CCN(Cc1ccccc1)c1ccccn1,0
592,Drug 594,C[NH+](C)CCn1nnnc1SCC1=C(C(=O)[O-])N2C(=O)[C@@H](NC(=O)Cc3csc(N)n3)[C@H]2SC1,0
593,Drug 595,C[NH+](C)CCOC(c1ccc(Cl)cc1)c1ccccn1,0
594,Drug 596,C[NH+](C)CCOC(c1ccccc1)c1ccccc1,0
595,Drug 597,C[NH+](C)CCOC(=O)C(c1ccccc1)C1(O)CCCC1,0
596,Drug 598,C[NH+](C)CCOc1ccc(/C(=C(/CCCl)c2ccccc2)c2ccccc2)cc1,0
597,Drug 599,COc1cc(C(=O)NCc2ccc(OCC[NH+](C)C)cc2)cc(OC)c1OC,0
598,Drug 600,C[NH+](C/C=C/c1ccccc1)Cc1cccc2ccccc12,0
599,Drug 601,C#CC[NH+](C)Cc1ccccc1,0
600,Drug 602,C[NH+](CCOc1ccc(NS(C)(=O)=O)cc1)CCc1ccc(NS(C)(=O)=O)cc1,0
601,Drug 603,C[NH+](CCCl)CCCl,0
602,Drug 604,C[NH+]1[C@H]2C[C@H](OC(=O)[C@H](CO)c3ccccc3)C[C@@H]1[C@H]1O[C@@H]21,0
603,Drug 605,C[NH+]1[C@@H]2CC[C@@H]1CC(OC(c1ccccc1)c1ccccc1)C2,0
604,Drug 606,C[NH+]1[C@H]2CC[C@@H]1C[C@H](OC(=O)C(CO)c1ccccc1)C2,0
605,Drug 607,C[NH+]1C2CC(OC(=O)C(CO)c3ccccc3)CC1C1OC12,0
606,Drug 608,C[NH+]1C[C@@H]2c3ccccc3Oc3ccc(Cl)cc3[C@H]2C1,0
607,Drug 609,COc1ccc2c3c1O[C@H]1C[C@@H](O)C=C[C@@]31CC[NH+](C)C2,0
608,Drug 610,COc1ccc2c(c1)[C@]13CCCC[C@@H]1[C@H](C2)[NH+](C)CC3,0
609,Drug 611,C[NH+]1CC[C@]23c4c5ccc(O)c4O[C@H]2[C@@H](O)C=C[C@H]3[C@H]1C5,0
610,Drug 612,COc1ccc2c3c1O[C@H]1[C@@H](O)CC[C@H]4[C@@H](C2)[NH+](C)CC[C@]314,0
611,Drug 613,C[NH+]1CC[C@]23c4c5ccc(O)c4O[C@H]2C(=O)CC[C@@]3(O)[C@H]1C5,0
612,Drug 614,COc1ccc2c3c1O[C@H]1C(=O)CC[C@@]4(O)[C@@H](C2)[NH+](C)CC[C@]314,0
613,Drug 615,C[NH+]1CC[C@]23c4c5ccc(O)c4O[C@H]2C(=O)CC[C@H]3[C@H]1C5,0
614,Drug 616,COc1ccc2c3c1O[C@H]1C(=O)CC[C@H]4[C@@H](C2)[NH+](C)CC[C@]314,0
615,Drug 617,C[NH+]1CC[C@]23CCCC[C@H]2[C@H]1Cc1ccc(O)cc13,0
616,Drug 618,C[NH+]1CCC(CN2c3ccccc3Sc3ccccc32)C1,0
617,Drug 619,C[NH+]1CCC(=C2c3ccccc3CC(=O)c3sccc32)CC1,0
618,Drug 620,C[NH+]1CCC(=C2c3ccccc3C=Cc3ccccc32)CC1,0
619,Drug 621,C[NH+]1CCC(=C2c3ccccc3CCc3cccnc32)CC1,0
620,Drug 622,C[NH+]1CCC(=C2c3ccccc3CCn3c(C=O)c[nH+]c32)CC1,0
621,Drug 623,COc1cc2c(Nc3ccc(Br)cc3F)ncnc2cc1OCC1CC[NH+](C)CC1,0
622,Drug 624,C[NH+]1CCC(OC(c2ccccc2)c2ccccc2)CC1,0
623,Drug 625,COc1cc2c3cc1Oc1cc(ccc1O)C[C@@H]1c4c(cc(OC)c(O)c4Oc4ccc(cc4)C[C@@H]3[NH+](C)CC2)CC[N+]1(C)C,0
624,Drug 626,C[NH+]1CCc2cccc3c2[C@H]1Cc1ccc(O)c(O)c1-3,0
625,Drug 627,C[NH+]1CCC[C@@H]1Cc1c[nH]c2ccc(CCS(=O)(=O)c3ccccc3)cc12,0
626,Drug 628,C[NH+]1CCC[C@H]1c1cccnc1,0
627,Drug 629,C[NH+]1CCCC(CC2c3ccccc3Sc3ccccc32)C1,0
628,Drug 630,C[NH+]1CCCC(n2nc(Cc3ccc(Cl)cc3)c3ccccc3c2=O)CC1,0
629,Drug 631,C[NH+]1CCCCC1CCN1c2ccccc2Sc2ccc(S(C)=O)cc21,0
630,Drug 632,CSc1ccc2c(c1)N(CCC1CCCC[NH+]1C)c1ccccc1S2,0
631,Drug 633,C[NH+]1CCN(C(c2ccccc2)c2ccccc2)CC1,0
632,Drug 634,C[NH+]1CCN(C(=O)O[C@H]2c3nccnc3C(=O)N2c2ccc(Cl)cn2)CC1,0
633,Drug 635,C[NH+]1CCN(C2=[NH+]c3cc(Cl)ccc3Nc3ccccc32)CC1,0
634,Drug 636,C[NH+]1CCN(C2=[NH+]c3ccccc3Oc3ccc(Cl)cc32)CC1,0
635,Drug 637,CN(C)S(=O)(=O)c1ccc2c(c1)/C(=C\CCN1CC[NH+](C)CC1)c1ccccc1S2,0
636,Drug 638,C[NH+]1CCN(CCCN2c3ccccc3Sc3ccc(C(F)(F)F)cc32)CC1,0
637,Drug 639,C[NH+]1CCN(CCCN2c3ccccc3Sc3ccc(Cl)cc32)CC1,0
638,Drug 640,C[NH+]1CCN2c3ncccc3Cc3ccccc3C2C1,0
639,Drug 641,C[NH2+]/C(=C\[N+](=O)[O-])NCCSCc1ccc(C[NH+](C)C)o1,0
640,Drug 642,C[NH2+][C@@H]1CCc2[nH]c3ccc(C(N)=O)cc3c2C1,0
641,Drug 643,C[NH2+][C@H]1CC[C@@H](c2ccc(Cl)c(Cl)c2)c2ccccc21,0
642,Drug 644,C[NH2+]C1(c2ccccc2Cl)CCCCC1=O,0
643,Drug 645,C[NH2+]C[C@H](O)[C@@H](O)[C@H](O)[C@H](O)CO,0
644,Drug 646,C[NH2+]C[C@H](O)c1ccc(O)c(O)c1,0
645,Drug 647,C[NH2+]C[C@H](O)c1cccc(O)c1,0
646,Drug 648,C[NH2+]CC[C@H](Oc1cccc2ccccc12)c1cccs1,0
647,Drug 649,C[NH2+]CCC(Oc1ccc(C(F)(F)F)cc1)c1ccccc1,0
648,Drug 650,C[NH2+]CCCC12CCC(c3ccccc31)c1ccccc12,0
649,Drug 651,C[NH2+]CCCC1c2ccccc2C=Cc2ccccc21,0
650,Drug 652,C[NH2+]CCCN1c2ccccc2CCc2ccccc21,0
651,Drug 653,CC#C[C@]1(O)CC[C@H]2[C@@H]3CCC4=CC(=O)CCC4=C3[C@@H](c3ccc(N(C)C)cc3)C[C@@]21C,0
652,Drug 654,CC#CCC(C)[C@H](O)/C=C/[C@@H]1[C@H]2C/C(=C/CCCC(=O)[O-])C[C@H]2C[C@H]1O,0
653,Drug 655,CC#CCn1c(N2CCC[C@@H]([NH3+])C2)nc2c1c(=O)n(Cc1nc(C)c3ccccc3n1)c(=O)n2C,0
654,Drug 656,CC(C)[C@H]1CC[C@H](C(=O)N[C@H](Cc2ccccc2)C(=O)[O-])CC1,0
655,Drug 657,CC(/N=C(\NC#N)Nc1cc[nH+]cc1)C(C)(C)C,0
656,Drug 658,COc1ccc(OC)c(C(O)C(C)[NH3+])c1,0
657,Drug 659,CC(O)C(=O)[O-],0
658,Drug 660,CC([NH2+]C(C)(C)C)C(=O)c1cccc(Cl)c1,0
659,Drug 661,CC(S)C(=O)NCC(=O)[O-],0
660,Drug 662,CC(O)C(=O)O.CN1CCN(c2ccc3c(c2)N/C(=C2/C(=O)N=c4cccc(F)c4=C2N)N3)CC1.O,1
661,Drug 663,CC(C)(S)[C@@H]([NH3+])C(=O)[O-],0
662,Drug 664,CC(C)(C#N)c1cc(Cn2cncn2)cc(C(C)(C)C#N)c1,0
663,Drug 665,CC(C)(C#N)c1cc(Cn2cncn2)cc(C(C)(C)C#N)c1,1
664,Drug 666,Cn1c(=O)n(-c2ccc(C(C)(C)C#N)cc2)c2c3cc(-c4cnc5ccccc5c4)ccc3ncc21,1
665,Drug 667,CC(C)(O/N=C(\C(=O)N[C@@H]1C(=O)N2C(C(=O)[O-])=C(C[n+]3ccccc3)CS[C@H]12)c1csc(N)n1)C(=O)[O-],0
666,Drug 668,CC(C)(Oc1ccc(C(=O)c2ccc(Cl)cc2)cc1)C(=O)[O-],0
667,Drug 669,CC(C)(Oc1ccc(C(=O)c2ccc(Cl)cc2)cc1)C(=O)NCCS(=O)(=O)[O-],0
669,Drug 671,CC(C)(C)[NH2+]C[C@H](O)c1ccc(O)c(CO)c1,0
670,Drug 672,CC(C)(C)[NH2+]C[C@H](O)COc1nsnc1N1CCOCC1,0
671,Drug 673,CC(C)(C)[NH2+]C[C@H](O)COc1cccc2c1CCCC2=O,0
672,Drug 674,CC(C)(C)[NH2+]C[C@H](O)COc1ccccc1C1CCCC1,0
673,Drug 675,CC(C)(C)[NH2+]CC(O)c1cc(O)cc(O)c1,0
674,Drug 676,CC(C)(C)[NH2+]CC(O)c1ccc(O)c(CO)c1,0
675,Drug 677,CC(C)(C)[NH2+]CC(O)c1ccc(O)c(CO)n1,0
676,Drug 678,CC(C)(C)[NH2+]CC(O)COc1cccc2c1C[C@H](O)[C@H](O)C2,0
677,Drug 679,CC(C)(C)[NH2+]CC(O)COc1cccc2c1CCC(=O)N2,0
679,Drug 681,C[NH+](C/C=C/C#CC(C)(C)C)Cc1cccc2ccccc12,0
680,Drug 682,C[NH2+]CC(O)c1ccc(OC(=O)C(C)(C)C)c(OC(=O)C(C)(C)C)c1,0
681,Drug 683,CC(C)(C)C(=O)OCOP(=O)(COCCn1cnc2c(N)ncnc21)OCOC(=O)C(C)(C)C,1
682,Drug 684,CC(C)(Sc1cc(C(C)(C)C)c(O)c(C(C)(C)C)c1)Sc1cc(C(C)(C)C)c(O)c(C(C)(C)C)c1,0
683,Drug 685,COc1ccc(C(=O)CC(=O)c2ccc(C(C)(C)C)cc2)cc1,0
684,Drug 686,CC(C)(C)c1ccc(C[NH+]2CCN(C(c3ccccc3)c3ccc(Cl)cc3)CC2)cc1,0
685,Drug 687,COc1ccccc1Oc1c([N-]S(=O)(=O)c2ccc(C(C)(C)C)cc2)nc(-c2ncccn2)nc1OCCO,0
686,Drug 688,CC(C)(C)CC(C)(C)c1ccc(O)cc1,0
688,Drug 690,CC(C)(C)NC(=O)[C@@H]1CN(Cc2cccnc2)CC[NH+]1C[C@@H](O)C[C@@H](Cc1ccccc1)C(=O)N[C@H]1c2ccccc2C[C@H]1O,0
689,Drug 691,CC(C)(C(=O)[O-])c1ccc(C(O)CCC[NH+]2CCC(C(O)(c3ccccc3)c3ccccc3)CC2)cc1,0
690,Drug 692,CC(C)(O)c1ccccc1CC[C@@H](SCC1(CC(=O)[O-])CC1)c1cccc(/C=C/c2ccc3ccc(Cl)cc3n2)c1,0
691,Drug 693,CC(C)(C(=O)c1cccnc1)c1cccnc1,0
692,Drug 694,CC(C)([NH3+])Cc1ccc(Cl)cc1,0
693,Drug 695,C[NH2+]C(C)(C)Cc1ccccc1,0
694,Drug 696,CC(C)([NH3+])Cc1ccccc1,0
695,Drug 697,CC(C)(CO)[C@@H](O)C(=O)NCCC(=O)[O-],0
696,Drug 698,CC(C)(CO)[C@@H](O)C(=O)NCCCO,0
697,Drug 699,CC(C)/[NH+]=C(N)/[NH+]=C(\N)Nc1ccc(Cl)cc1,0
698,Drug 700,CC(C)/N=c1\cc2n(-c3ccc(Cl)cc3)c3ccccc3nc-2cc1Nc1ccc(Cl)cc1,0
699,Drug 701,CC(C)[C@H]([NH3+])C(=O)OCC(CO)OCn1cnc2c(=O)nc(N)[nH]c21,0
700,Drug 702,CC(C)[C@H]([NH3+])C(=O)OCCOCn1cnc2c(=O)[nH]c(N)nc21,0
701,Drug 703,CC(C)[C@H](N)C(=O)OCCOCn1cnc2c(=O)nc(N)[nH]c21,1
702,Drug 704,COCCCOc1cc(C[C@@H](C[C@H]([NH3+])[C@@H](O)C[C@H](C(=O)NCC(C)(C)C(N)=O)C(C)C)C(C)C)ccc1OC,0
703,Drug 705,CC(C)[C@@]1(C(=O)N[C@H]2CC(=O)O[C@]2(O)CF)CC(c2nccc3ccccc23)=NO1,1
704,Drug 706,CC(C)[N+](C)(CCC(C(N)=O)(c1ccccc1)c1ccccc1)C(C)C,0
705,Drug 707,CC(C)[N+](C)(CCOC(=O)C1c2ccccc2Oc2ccccc21)C(C)C,0
706,Drug 708,CC(C)[N+]1(C)[C@@H]2CC[C@@H]1CC(OC(=O)C(CO)c1ccccc1)C2,0
707,Drug 709,CC(C)[NH+](CCC(C(N)=O)(c1ccccc1)c1ccccn1)C(C)C,0
708,Drug 710,CC(C)[NH+]1CCN(c2ccc(OC[C@H]3CO[C@](Cn4cncn4)(c4ccc(Cl)cc4Cl)O3)cc2)CC1,0
709,Drug 711,CC(C)[NH2+]C(C)Cc1ccc([123I])cc1,0
710,Drug 712,CC(C)[NH2+]C[C@H](O)COc1ccc(CCOCC2CC2)cc1,0
711,Drug 713,CC(C)[NH2+]CC(O)c1cc(O)cc(O)c1,0
712,Drug 714,CC(C)[NH2+]CC(O)c1ccc(O)c(O)c1,0
713,Drug 715,CC(C)[NH2+]CC(O)c1ccc(NS(C)(=O)=O)cc1,0
714,Drug 716,CC(C)[NH2+]CC(O)COc1ccc(CC(N)=O)cc1,0
715,Drug 717,COC(=O)CCc1ccc(OCC(O)C[NH2+]C(C)C)cc1,0
716,Drug 718,COCCc1ccc(OCC(O)C[NH2+]C(C)C)cc1,0
717,Drug 719,CC(C)[NH2+]CC(O)COc1ccc(CCOCC2CC2)cc1,0
718,Drug 720,CC(C)[NH2+]CC(O)COc1ccc(COCCOC(C)C)cc1,0
719,Drug 721,CC(C)[NH2+]CC(O)COc1cccc2[nH]ccc12,0
720,Drug 722,CC(C)[NH2+]CC(O)COc1cccc2ccccc12,0
721,Drug 723,C=CCOc1ccccc1OCC(O)C[NH2+]C(C)C,0
722,Drug 724,CC(C)[NH2+]CC1CCc2cc(CO)c([N+](=O)[O-])cc2N1,0
723,Drug 725,CC(C)[NH2+]CCCC1(C(N)=O)c2ccccc2-c2ccccc21,0
724,Drug 726,COc1ccc(CC[NH+](C)CCCC(C#N)(c2ccc(OC)c(OC)c2)C(C)C)cc1OC,0
725,Drug 727,CC(C)C(=O)Nc1ccc([N+](=O)[O-])c(C(F)(F)F)c1,0
726,Drug 728,CC(OC(=O)NCC1(CC(=O)[O-])CCCCC1)OC(=O)C(C)C,0
727,Drug 729,CC(C)C(=O)Oc1ccc(CO)cc1[C@H](CC[NH+](C(C)C)C(C)C)c1ccccc1,0
728,Drug 730,COCc1c(C(C)C)nc(C(C)C)c(/C=C/[C@@H](O)C[C@@H](O)CC(=O)[O-])c1-c1ccc(F)cc1,0
729,Drug 731,CC(C)c1c(C(=O)Nc2ccccc2)c(-c2ccccc2)c(-c2ccc(F)cc2)n1CC[C@@H](O)C[C@@H](O)CC(=O)[O-],0
730,Drug 732,CC(C)c1nc(N(C)S(C)(=O)=O)nc(-c2ccc(F)cc2)c1/C=C/[C@@H](O)C[C@@H](O)CC(=O)[O-],0
731,Drug 733,CC(C)c1ccc2oc3nc(N)c(C(=O)[O-])cc3c(=O)c2c1,0
732,Drug 734,CC(C)c1cccc(C(C)C)c1NC(=O)C[NH+](CC(=O)[O-])CC(=O)[O-],0
733,Drug 735,CC(C)c1cccc(C(C)C)c1O,0
734,Drug 736,CC(C)c1cccc(C(C)C)c1OCOP(=O)([O-])[O-],0
735,Drug 737,CC(C)c1nc(CN(C)C(=O)N[C@H](C(=O)N[C@@H](Cc2ccccc2)C[C@H](O)[C@H](Cc2ccccc2)NC(=O)OCc2cncs2)C(C)C)cs1,0
740,Drug 742,CC(C)C[C@H](C[NH3+])CC(=O)[O-],0
744,Drug 746,CC(C)CC([NH+](C)C)C1(c2ccc(Cl)cc2)CCC1,0
745,Drug 747,C=CCC1(CC(C)C)C(=O)NC(=O)NC1=O,0
746,Drug 748,COc1cc2c(cc1OC)C1CC(=O)C(CC(C)C)C[NH+]1CC2,0
747,Drug 749,CC(C)Cc1ccc(C(C)C(=O)[O-])cc1,0
748,Drug 750,CC(C)CN(C[C@@H](O)[C@H](Cc1ccccc1)NC(=O)O[C@H]1CCOC1)S(=O)(=O)c1ccc(N)cc1,0
749,Drug 751,CC(C)CN(C[C@@H](OP(=O)([O-])[O-])[C@H](Cc1ccccc1)NC(=O)O[C@H]1CCOC1)S(=O)(=O)c1ccc(N)cc1,0
750,Drug 752,CC(C)CN(C[C@@H](O)[C@H](Cc1ccccc1)NC(=O)O[C@H]1CO[C@H]2OCC[C@@H]12)S(=O)(=O)c1ccc(N)cc1,0
751,Drug 753,CC(C)Cn1cnc2c(N)nc3ccccc3c21,0
752,Drug 754,CC(C)CNCc1ccc(-c2ccccc2S(=O)(=O)N2CCCC2)cc1,1
754,Drug 756,CC(C)COCC(CN(Cc1ccccc1)c1ccccc1)[NH+]1CCCC1,0
755,Drug 757,CC(C)n1c(/C=C/[C@H](O)C[C@H](O)CC(=O)[O-])c(-c2ccc(F)cc2)c2ccccc21,0
756,Drug 758,CNNCc1ccc(C(=O)NC(C)C)cc1,0
757,Drug 759,CC(C)Nc1cccnc1N1CCN(C(=O)c2cc3cc(NS(C)(=O)=O)ccc3[nH]2)CC1,0
758,Drug 760,CC(C)NCC(O)COc1cccc2ccccc12,1
759,Drug 761,CC(C)O,0
760,Drug 762,CC(C)OC(=O)C(C)(C)Oc1ccc(C(=O)c2ccc(Cl)cc2)cc1,0
761,Drug 763,CC(C)OC(=O)CCC/C=C\C[C@H]1[C@@H](O)C[C@@H](O)[C@@H]1/C=C/[C@@H](O)COc1cccc(C(F)(F)F)c1,0
762,Drug 764,CC(C)OC(=O)CCC/C=C\C[C@H]1[C@@H](O)C[C@@H](O)[C@@H]1CC[C@@H](O)CCc1ccccc1,0
763,Drug 765,COCC1=C(C(=O)OC(C)OC(=O)OC(C)C)N2C(=O)[C@@H](NC(=O)/C(=N\OC)c3csc(N)n3)[C@H]2SC1,0
764,Drug 766,CC(C)OP(=O)(F)OC(C)C,0
765,Drug 767,CC([NH3+])C12CC3CC(CC(C3)C1)C2,0
767,Drug 769,CC(c1cc2ccccc2s1)N(O)C(N)=O,0
768,Drug 770,CC(C(=O)[O-])c1ccc(-c2ccccc2)c(F)c1,0
769,Drug 771,C[NH2+]C(C)C1CCC([NH3+])C(OC2C([NH3+])CC([NH3+])C(OC3OCC(C)(O)C([NH2+]C)C3O)C2O)O1,0
770,Drug 772,CC(C(=O)[O-])c1ccc(C(=O)c2cccs2)cc1,0
771,Drug 773,CC(C(=O)[O-])c1cccc(C(=O)c2ccccc2)c1,0
772,Drug 774,CC(C(=O)[O-])c1cccc(Oc2ccccc2)c1,0
773,Drug 775,C[NH+](C)CCOC(C)(c1ccccc1)c1ccccn1,0
774,Drug 776,CC(=O)OC(C)C[N+](C)(C)C,0
775,Drug 777,CC(C[N+](C)(C)C)OC(N)=O,0
776,Drug 778,CC(C[NH2+]C1CCCCC1)OC(=O)c1ccccc1,0
777,Drug 779,CC([NH3+])Cc1ccc(O)cc1,0
778,Drug 780,COc1ccc(CC(C)[NH2+]CC(O)c2ccc(O)c(NC=O)c2)cc1,0
779,Drug 781,CC(Cc1ccc2c(c1)OCO2)[NH2+]CC(O)c1ccc(O)c(O)c1,0
780,Drug 782,CC(Cc1ccccc1)[NH+](C)Cc1ccccc1,0
781,Drug 783,C[NH2+]C(C)Cc1ccccc1,0
782,Drug 784,CC([NH3+])Cc1ccccc1,0
783,Drug 785,CC(CCc1ccc(O)cc1)[NH2+]CCc1ccc(O)c(O)c1,0
784,Drug 786,CC(CCc1ccccc1)[NH2+]CC(O)c1ccc(O)c(C(N)=O)c1,0
785,Drug 787,COc1cc(NC(C)CCC[NH3+])c2ncccc2c1,0
786,Drug 788,CC(=O)N(CC(C)C(=O)[O-])c1c(I)cc(I)c(N)c1I,0
787,Drug 789,CC(CN1c2ccccc2CCc2ccccc21)C[NH+](C)C,0
788,Drug 790,CC(CN1c2ccccc2Sc2ccccc21)[NH+](C)C,0
789,Drug 791,CC(CN1c2ccccc2Sc2ccccc21)C[NH+](C)C,0
790,Drug 792,CC(O)CN1CCN(CC(=O)[O-])CCN(CC(=O)[O-])CC[NH+](CC(=O)[O-])CC1,0
791,Drug 793,CC(COc1ccccc1)[NH+](CCCl)Cc1ccccc1,0
792,Drug 794,CC(O)(CS(=O)(=O)c1ccc(F)cc1)C(=O)Nc1ccc(C#N)c(C(F)(F)F)c1,0
793,Drug 795,CC(O)(P(=O)([O-])[O-])P(=O)([O-])[O-],0
794,Drug 796,CC(=O)/N=c1\sc(S(N)(=O)=O)nn1C,0
795,Drug 797,CC(=O)O[C@]1(C(C)=O)CC[C@H]2[C@@H]3CCC4=CC(=O)CCC4=C3[C@@H](c3ccc(N(C)C)cc3)C[C@@]21C,0
796,Drug 798,CC(=O)[C@H]1CC[C@H]2[C@@H]3C=CC4=CC(=O)CC[C@@]4(C)[C@@H]3CC[C@]12C,0
797,Drug 799,CC(=O)[C@H]1CC[C@H]2[C@@H]3CCC4=CC(=O)CC[C@]4(C)[C@H]3CC[C@]12C,0
798,Drug 800,CC(=O)[N-]S(=O)(=O)c1ccc(N)cc1,0
799,Drug 801,CC(=O)[O-],0
800,Drug 802,COc1cc(C(C)=O)ccc1OCCC[NH+]1CCC(c2noc3cc(F)ccc23)CC1,0
801,Drug 803,CC(=O)c1ccc(S(=O)(=O)[N-]C(=O)NC2CCCCC2)cc1,0
802,Drug 804,CC(=O)c1ccc2c(c1)N(CCC[NH+]1CCC(CCO)CC1)c1ccccc1S2,0
803,Drug 805,CC(=O)c1ccc2c(c1)N(CCCN1CC[NH+](CCO)CC1)c1ccccc1S2,0
804,Drug 806,CC(=O)CC(c1ccccc1)c1c([O-])c2ccccc2oc1=O,0
805,Drug 807,COc1ccc2cc(CCC(C)=O)ccc2c1,0
806,Drug 808,CC(=O)CCCCn1c(=O)c2c(ncn2C)n(C)c1=O,0
807,Drug 809,CNC(=O)c1c(I)c(C(=O)NCC(=O)Nc2c(I)c(C(=O)[O-])c(I)c(C(=O)NCCO)c2I)c(I)c(N(C)C(C)=O)c1I,0
809,Drug 811,CC(=O)N(CC(O)CO)c1c(I)c(C(=O)NCC(O)CO)c(I)c(C(=O)NCC(O)CO)c1I,0
810,Drug 812,CC(=O)N(CC(O)CO)c1c(I)c(C(=O)NCCO)c(I)c(C(=O)NCC(O)CO)c1I,0
811,Drug 813,CC(=O)N(O)CCCCCNC(=O)CCC(=O)N(O)CCCCCNC(=O)CCC(=O)N(O)CCCCC[NH3+],0
812,Drug 814,CC(=O)N1CCN(c2ccc(OC[C@H]3CO[C@](Cn4ccnc4)(c4ccc(Cl)cc4Cl)O3)cc2)CC1,1
813,Drug 815,CC(=O)N1CCN(c2ccc(OC[C@H]3CO[C@](Cn4ccnc4)(c4ccc(Cl)cc4Cl)O3)cc2)CC1,0
814,Drug 816,CC(=O)N[C@@H](CS)C(=O)[O-],0
816,Drug 818,CC(=O)N[C@@H]1[C@@H]([NH+]=C(N)N)C=C(C(=O)[O-])O[C@H]1[C@H](O)[C@H](O)CO,0
817,Drug 819,COC[C@@H](NC(C)=O)C(=O)NCc1ccccc1,0
818,Drug 820,COc1cc2c(c(OC)c1OC)-c1ccc(OC)c(=O)cc1[C@@H](NC(C)=O)CC2,0
819,Drug 821,CNC(=O)c1c(I)c(NC(C)=O)c(I)c(C(=O)[O-])c1I,0
820,Drug 822,CC(=O)Nc1c(I)c(C(=O)[O-])c(I)c(N(C)C(C)=O)c1I,0
821,Drug 823,CC(=O)Nc1c(I)c(C(=O)N[C@H]2C(O)O[C@H](CO)[C@@H](O)[C@@H]2O)c(I)c(N(C)C(C)=O)c1I,0
822,Drug 824,CC(=O)Nc1c(I)c(NC(C)=O)c(I)c(C(=O)[O-])c1I,0
823,Drug 825,CC(=O)Nc1c(I)cc(I)c(C(=O)[O-])c1I,0
824,Drug 826,CC(=O)Nc1ccc(O)cc1,0
825,Drug 827,CC(=O)Nc1nnc(S(N)(=O)=O)s1,0
826,Drug 828,CC(=O)NC[C@H]1CN(c2ccc(N3CCOCC3)c(F)c2)C(=O)O1,0
827,Drug 829,CC(=O)NCc1c(I)c(NC(C)=O)c(I)c(C(=O)[O-])c1I,0
828,Drug 830,CC(=O)NCCCS(=O)(=O)[O-],0
829,Drug 831,CC(=O)NO,0
830,Drug 832,COc1ccc([C@@H]2Sc3ccccc3N(CC[NH+](C)C)C(=O)[C@@H]2OC(C)=O)cc1,0
831,Drug 833,C#C[C@]1(OC(C)=O)CC[C@H]2[C@@H]3CCC4=CC(=O)CC[C@@H]4[C@H]3CC[C@@]21C,0
836,Drug 838,CC(=O)O[C@H]1Cc2ccccc2N(C(N)=O)c2ccccc21,1
837,Drug 839,CC(=O)O[C@H]1CC[C@@]2(C)C(=CC[C@H]3[C@@H]4CC=C(c5cccnc5)[C@@]4(C)CC[C@@H]32)C1,0
838,Drug 840,CC(=O)O[C@H]1CC[C@@]2(C)C(=CC[C@H]3[C@@H]4CC=C(c5cccnc5)[C@@]4(C)CC[C@@H]32)C1,1
839,Drug 841,C#C[C@]1(OC(C)=O)CC[C@H]2[C@@H]3CCC4=C[C@@H](OC(C)=O)CC[C@@H]4[C@H]3CC[C@@]21C,0
840,Drug 842,CC(=O)Oc1cc2c(s1)CC[NH+](C(C(=O)C1CC1)c1ccccc1F)C2,0
841,Drug 843,CC(=O)Oc1ccc(C(c2ccc(OC(C)=O)cc2)c2ccccn2)cc1,0
842,Drug 844,CC(=O)Oc1ccccc1C(=O)[O-],0
843,Drug 845,CC(=O)Oc1ccccc1C(=O)Nc1ncc([N+](=O)[O-])s1,0
844,Drug 846,CC(=O)Oc1ccccc1C(=O)O,1
845,Drug 847,CC(=O)OCC(CCn1cnc2cnc(N)nc21)COC(C)=O,0
848,Drug 850,CC(=O)OCC(=O)[C@@]1(O)CC[C@H]2[C@@H]3CCC4=CC(=O)CC[C@]4(C)[C@@]3(F)[C@@H](O)C[C@@]21C,0
849,Drug 851,CC(=O)OCC(=O)[C@@]1(O)CC[C@H]2[C@@H]3CCC4=CC(=O)CC[C@]4(C)[C@H]3[C@@H](O)C[C@@]21C,0
850,Drug 852,CC(=O)OCC(=O)[C@@]1(O)CC[C@H]2[C@@H]3CCC4=CC(=O)CC[C@]4(C)[C@H]3C(=O)C[C@@]21C,0
851,Drug 853,CC(=O)OCC(=O)[C@H]1CC[C@H]2[C@@H]3CCC4=CC(=O)CC[C@]4(C)[C@H]3CC[C@]12C,0
852,Drug 854,CO/N=C(\C(=O)N[C@@H]1C(=O)N2C(C(=O)[O-])=C(COC(C)=O)CS[C@H]12)c1csc(N)n1,0
853,Drug 855,CC(=O)OCC1=C(C(=O)[O-])N2C(=O)[C@@H](NC(=O)[C@H]([NH3+])c3ccccc3)[C@H]2SC1,0
854,Drug 856,CC(=O)OCC1=C(C(=O)[O-])N2C(=O)[C@@H](NC(=O)Cc3cccs3)[C@H]2SC1,0
855,Drug 857,CC(=O)OCC1=C(C(=O)[O-])N2C(=O)[C@@H](NC(=O)CSc3ccncc3)[C@H]2SC1,0
856,Drug 858,CC(=O)OCC[N+](C)(C)C,0
857,Drug 859,CC(=O)S[C@@H]1CC2=CC(=O)CC[C@]2(C)[C@H]2CC[C@@]3(C)[C@@H](CC[C@@]34CCC(=O)O4)[C@@H]21,0
858,Drug 860,CO/N=C(\C(=O)N[C@@H]1C(=O)N2C(C(=O)OC(C)OC(C)=O)=C(COC(N)=O)CS[C@H]12)c1ccco1,0
859,Drug 861,CC/C(=C(/CC)c1ccc(O)cc1)c1ccc(O)cc1,0
860,Drug 862,CC/C(=C(/CC)c1ccc(OP(=O)([O-])[O-])cc1)c1ccc(OP(=O)([O-])[O-])cc1,0
861,Drug 863,CC/C(=C(\c1ccccc1)c1ccc(OCC[NH+](C)C)cc1)c1ccccc1,0
862,Drug 864,CC1(C)[C@H](C(=O)[O-])N2C(=O)C[C@H]2S1(=O)=O,0
863,Drug 865,CC1(C)S[C@@H]2[C@H](/[NH+]=C/N3CCCCCC3)C(=O)N2[C@H]1C(=O)[O-],0
864,Drug 866,CC1(C)S[C@@H]2[C@H](N3C(=O)[C@@H](c4ccccc4)[NH2+]C3(C)C)C(=O)N2[C@H]1C(=O)[O-],0
865,Drug 867,CC1(C)S[C@@H]2[C@H](NC(=O)[C@H]([NH3+])c3ccc(O)cc3)C(=O)N2[C@H]1C(=O)[O-],0
866,Drug 868,CC1(C)S[C@@H]2[C@H](NC(=O)[C@H]([NH3+])c3ccccc3)C(=O)N2[C@H]1C(=O)[O-],0
867,Drug 869,CC1(C)S[C@@H]2[C@H](NC(=O)[C@H](NC(=O)N3CCNC3=O)c3ccccc3)C(=O)N2[C@H]1C(=O)[O-],0
868,Drug 870,CC1(C)S[C@@H]2[C@H](NC(=O)[C@H](C(=O)[O-])c3ccsc3)C(=O)N2[C@H]1C(=O)[O-],0
869,Drug 871,CC1(C)S[C@@H]2[C@H](NC(=O)C(C(=O)[O-])c3ccccc3)C(=O)N2[C@H]1C(=O)[O-],0
870,Drug 872,CC1(C)S[C@@H]2[C@H](NC(=O)C3([NH3+])CCCCC3)C(=O)N2[C@H]1C(=O)[O-],0
871,Drug 873,COc1cccc(OC)c1C(=O)N[C@@H]1C(=O)N2[C@@H](C(=O)[O-])C(C)(C)S[C@H]12,0
872,Drug 874,CC1(C)S[C@@H]2[C@H](NC(=O)Cc3ccccc3)C(=O)N2[C@H]1C(=O)[O-],0
873,Drug 875,CC1(C)S[C@@H]2[C@H](NC(=O)COc3ccccc3)C(=O)N2[C@H]1C(=O)[O-],0
874,Drug 876,CC(C)(C)NC(=O)N[C@H](C(=O)N1C[C@H]2[C@@H]([C@H]1C(=O)NC(CC1CCC1)C(=O)C(N)=O)C2(C)C)C(C)(C)C,0
875,Drug 877,CC1(C)SC(C(NC(=O)Cc2ccccc2)C(=O)NCCCCCC(=O)[O-])[NH2+]C1C(=O)[O-],0
876,Drug 878,C=C1N(CCCCCC(=O)O)c2ccccc2C1(C)C,1
877,Drug 879,CC1(C)C(C=C(Cl)Cl)C1C(=O)OCc1cccc(Oc2ccccc2)c1,0
878,Drug 880,CC1(C)NC(=O)N(c2ccc([N+](=O)[O-])c(C(F)(F)F)c2)C1=O,0
879,Drug 881,CN1C(=O)OC(C)(C)C1=O,0
880,Drug 882,CC1(C)C2CCC1(CS(=O)(=O)[O-])C(=O)/C2=C\c1ccc(/C=C2\C(=O)C3(CS(=O)(=O)[O-])CCC2C3(C)C)cc1,0
881,Drug 883,C[NH2+]C1(C)C2CCC(C2)C1(C)C,0
882,Drug 884,CC1(C)C[C@@H]1C(=O)N/C(=C\CCCCSC[C@H]([NH3+])C(=O)[O-])C(=O)[O-],0
883,Drug 885,CC1(O)CC(c2nc(-c3ccc4ccc(-c5ccccc5)nc4c3)c3c(N)nccn23)C1,1
884,Drug 886,CN1C(=O)CC(C)(c2ccccc2)C1=O,0
885,Drug 887,CC1(C)O[C@@H]2CO[C@@]3(COS(N)(=O)=O)OC(C)(C)O[C@H]3[C@@H]2O1,0
886,Drug 888,CC12CC3CC(C)(C1)CC([NH3+])(C3)C2,0
887,Drug 889,CC(C)(C)C(=O)OCC(=O)C1CCC2C3CCC4=CC(=O)CCC4(C)C3CCC12C,0
888,Drug 890,C=C1[C@@H](n2cnc3c(=O)[nH]c(N)nc32)C[C@H](O)[C@H]1CO,0
889,Drug 891,Cc1[nH+]cc2n1-c1ccc(Cl)cc1C(c1ccccc1F)=NC2,0
890,Drug 892,Cc1nc2c([nH]1)CCN(C(=O)c1ccc(NC(=O)c3ccccc3-c3ccccc3)cc1)c1ccccc1-2,0
891,Drug 893,CNC(=O)c1c(C)c(C(=O)[O-])c(I)c(NC(C)=O)c1I,0
892,Drug 894,COCCOC(=O)C1=C(C)NC(C)=C(C(=O)OC(C)C)C1c1cccc([N+](=O)[O-])c1,0
893,Drug 895,COC(=O)C1=C(C)NC(C)=C(C(=O)OC(C)C)C1c1cccc2nonc12,0
894,Drug 896,COC(=O)C1=C(C)NC(C)=C(C(=O)OC)C1c1ccccc1[N+](=O)[O-],0
895,Drug 897,COC(=O)C1=C(C)NC(C)=C(C(=O)OCC(C)C)C1c1ccccc1[N+](=O)[O-],0
896,Drug 898,COC(=O)C1=C(C)NC(C)=C(C(=O)OCC[NH+](C)Cc2ccccc2)C1c1cccc([N+](=O)[O-])c1,0
897,Drug 899,COc1c(C)c2c(c(O)c1C/C=C(\C)CCC(=O)OCCN1CCOCC1)C(=O)OC2,1
898,Drug 900,CC(=O)Oc1c(C)c(C)c2c(c1C)CC[C@@](C)(CCC[C@H](C)CCC[C@H](C)CCCC(C)C)O2,0
899,Drug 901,CC(=O)Oc1c(C)c(C)c2c(c1C)CCC(C)(CCCC(C)CCCC(C)CCCC(C)C)O2,0
900,Drug 902,Cc1ncc(CO)c(CO)c1O,0
901,Drug 903,Cc1ncc(COP(=O)([O-])[O-])c(CN(CC[NH+](CC(=O)[O-])Cc2c(COP(=O)([O-])[O-])cnc(C)c2O)CC(=O)[O-])c1O,0
902,Drug 904,CC1=C(/C=C/C(C)=C/C=C/C(C)=C/C(=O)[O-])C(C)(C)CCC1,0
903,Drug 905,CC1=C(/C=C/C(C)=C/C=C/C(C)=C/C=C/C=C(C)/C=C/C=C(C)/C=C/C2=C(C)CCCC2(C)C)C(C)(C)CCC1,0
904,Drug 906,CC1=C(/C=C/C(C)=C/C=C/C(C)=C/CO)C(C)(C)CCC1,0
905,Drug 907,CC1=C(/C=C/C(C)=C/C=C/C(C)=C\C(=O)[O-])C(C)(C)CCC1,0
906,Drug 908,CC1=C(/C=C/C(C)=C\C=C\C(C)=C\C(=O)[O-])C(C)(C)CCC1,0
907,Drug 909,Cc1cccc(C)c1N(CC(=O)Nc1ccc(-c2ncon2)cc1)C(=O)C1CCS(=O)(=O)CC1,1
908,Drug 910,Cc1nc(Nc2ncc(C(=O)Nc3c(C)cccc3Cl)s2)cc(N2CCN(CCO)CC2)n1,1
909,Drug 911,Cc1onc(-c2c(Cl)cccc2Cl)c1C(=O)N[C@@H]1C(=O)N2[C@@H](C(=O)[O-])C(C)(C)S[C@H]12,0
910,Drug 912,Cc1onc(-c2ccccc2)c1C(=O)N[C@@H]1C(=O)N2[C@@H](C(=O)[O-])C(C)(C)S[C@H]12,0
911,Drug 913,Cc1onc(-c2ccccc2)c1-c1ccc(S(N)(=O)=O)cc1,0
912,Drug 914,Cc1onc(-c2ccccc2Cl)c1C(=O)N[C@@H]1C(=O)N2[C@@H](C(=O)[O-])C(C)(C)S[C@H]12,0
913,Drug 915,CO[C@@]12[C@H](COC(N)=O)C3=C(C(=O)C(C)=C([NH3+])C3=O)[NH+]1C[C@@H]1N[C@@H]12,0
914,Drug 916,CO[C@@]12[C@H](COC(N)=O)C3=C(C(=O)C(C)=C(N)C3=O)N1C[C@@H]1N[C@@H]12,1
915,Drug 917,CC1=C(C/C=C(\C)CCC[C@H](C)CCC[C@H](C)CCCC(C)C)C(=O)c2ccccc2C1=O,0
916,Drug 918,C=C/C=C/CC1=C(C)[C@@H](OC(=O)[C@@H]2[C@@H](C=C(C)C)C2(C)C)CC1=O,0
917,Drug 919,Cc1nc2n(c(=O)c1CC[NH+]1CCC(c3noc4cc(F)ccc34)CC1)CCCC2O,0
918,Drug 920,Cc1nc2n(c(=O)c1CC[NH+]1CCC(c3noc4cc(F)ccc34)CC1)CCCC2,0
919,Drug 921,Cc1nc2n(c(=O)c1CCN1CCC(c3noc4cc(F)ccc34)CC1)CCCC2,1
920,Drug 922,Cc1c(C)c2c(c(C)c1O)CC[C@@](C)(CCC[C@H](C)CCC[C@H](C)CCCC(C)C)O2,0
921,Drug 923,Cc1c(C)c2c(c(C)c1O)CCC(C)(COc1ccc(CC3SC(=O)[N-]C3=O)cc1)O2,0
925,Drug 927,COc1ccc2c(c1)c(CC(=O)[O-])c(C)n2C(=O)c1ccc(Cl)cc1,0
926,Drug 928,Cc1[nH]c2ccccc2c1CCNCc1ccc(/C=C/C(=O)NO)cc1,1
927,Drug 929,Cc1[nH]c(=O)c(C#N)cc1-c1ccncc1,0
928,Drug 930,Cc1ccc(C(=O)Nc2ccc(CN3CCN(C)CC3)c(C(F)(F)F)c2)cc1C#Cc1cnc2cccnn12,1
929,Drug 931,Cc1cn(-c2cc(NC(=O)c3ccc(C)c(Nc4nccc(-c5cccnc5)n4)c3)cc(C(F)(F)F)c2)cn1,1
930,Drug 932,Cc1ccc(NC(=O)c2ccc(CN3CCN(C)CC3)cc2)cc1Nc1nccc(-c2cccnc2)n1,1
931,Drug 933,CS(=O)(=O)O.Cc1ccc(NC(=O)c2ccc(CN3CCN(C)CC3)cc2)cc1Nc1nccc(-c2cccnc2)n1,1
934,Drug 936,COc1cc(NCc2ccc3nc(N)nc(N)c3c2C)cc(OC)c1OC,0
936,Drug 938,Cc1c(O)cccc1C(=O)N[C@@H](CSc1ccccc1)[C@H](O)C[NH+]1C[C@H]2CCCC[C@H]2C[C@H]1C(=O)NC(C)(C)C,0
937,Drug 939,Cc1c(OCC(F)(F)F)ccnc1C[S@@](=O)c1nc2ccccc2[nH]1,0
938,Drug 940,Cc1c(OCC(F)(F)F)ccnc1CS(=O)c1nc2ccccc2[nH]1,0
939,Drug 941,COCCCOc1ccnc(CS(=O)c2nc3ccccc3[nH]2)c1C,0
940,Drug 942,Cc1oncc1C(=O)Nc1ccc(C(F)(F)F)cc1,0
941,Drug 943,CC1=C(C(=O)[O-])N2C(=O)[C@@H](NC(=O)[C@H]([NH3+])C3=CCC=CC3)[C@H]2SC1,0
943,Drug 945,Cc1[nH]cnc1CN1CCc2c(c3ccccc3n2C)C1=O,0
944,Drug 946,CN/C(=N\C#N)NCCSCc1nc[nH]c1C,0
945,Drug 947,Cc1noc([N-]S(=O)(=O)c2ccc(N)cc2)c1C,0
946,Drug 948,CC(=O)N(c1onc(C)c1C)S(=O)(=O)c1ccc(N)cc1,0
947,Drug 949,Cc1c(-c2ccccc2)oc2c(C(=O)OCC[NH+]3CCCCC3)cccc2c1=O,0
948,Drug 950,CC1[NH2+]CCOC1c1ccccc1,0
949,Drug 951,Cc1nc(-c2ccc(OCC(C)C)c(C#N)c2)sc1C(=O)[O-],0
950,Drug 952,Cc1ncc(C[n+]2csc(CCO)c2C)c(N)n1,0
954,Drug 956,COc1c(C)c2c(c([O-])c1C/C=C(\C)CCC(=O)[O-])C(=O)OC2,0
955,Drug 957,COc1c(C)c2c(c([O-])c1C/C=C(\C)CCC(=O)OCC[NH+]1CCOCC1)C(=O)OC2,0
956,Drug 958,Cc1c(F)c(N2CC[NH2+]C(C)C2)cc2c1c(=O)c(C(=O)[O-])cn2C1CC1,0
959,Drug 961,CC(=O)O[C@]1(C(C)=O)CC[C@H]2[C@@H]3C=C(C)C4=CC(=O)CC[C@]4(C)[C@H]3CC[C@@]21C,0
960,Drug 962,Cc1cn[nH]c1,0
961,Drug 963,Cc1cc(C)c(/C=C2\C(=O)Nc3ccccc32)[nH]1,0
962,Drug 964,COc1cc(C)c(/C=C/C(C)=C/C=C/C(C)=C/C(=O)[O-])c(C)c1C,0
963,Drug 965,Cc1cc(C(C)(C)C)c(O)c(C)c1CC1=[NH+]CCN1,0
964,Drug 966,Cc1cc(C)c(NC(=O)C[NH+](CC(=O)[O-])CC(=O)[O-])c(C)c1Br,0
965,Drug 967,CC(=O)Oc1c(C)cc(OCC(O)C[NH2+]C(C)C)c(C)c1C,0
966,Drug 968,Cc1cc(O)c(C(=O)N[C@@H](C(=O)N[C@@H]2C(=O)N3C(C(=O)[O-])=C(CSc4nnnn4C)CS[C@H]23)c2ccc(O)cc2)cn1,0
967,Drug 969,Cc1cc(/C=C/c2ccc3cc(N(C)C)ccc3[n+]2C)c(C)n1-c1ccccc1,0
968,Drug 970,Cc1cc(OP(=O)([O-])[O-])c2ccccc2c1OP(=O)([O-])[O-],0
969,Drug 971,Cc1cc(C)cc(OCC2CNC(=O)O2)c1,0
970,Drug 972,Cc1cc(/C=C/C#N)cc(C)c1Nc1ccnc(Nc2ccc(C#N)cc2)n1,0
971,Drug 973,Cc1cc(C#N)cc(C)c1Oc1nc(Nc2ccc(C#N)cc2)nc(N)c1Br,0
972,Drug 974,Cc1cc(C2CCCCC2)n([O-])c(=O)c1,0
973,Drug 975,COC(c1ccccc1)(c1ccccc1)[C@H](Oc1nc(C)cc(C)n1)C(=O)[O-],0
974,Drug 976,Cc1cc(C(=O)NNCc2ccccc2)no1,0
975,Drug 977,CC1=CC(=O)c2ccccc2C1=O,0
976,Drug 978,Cc1cc2cc3c(C)cc(=O)oc3c(C)c2o1,0
977,Drug 979,C=C(c1ccc(C(=O)[O-])cc1)c1cc2c(cc1C)C(C)(C)CCC2(C)C,0
978,Drug 980,Cc1cc2nc3c(=O)[nH]c(=O)nc-3n(C[C@H](O)[C@H](O)[C@H](O)CO)c2cc1C,0
979,Drug 981,Cc1cc2nc3c(=O)[nH]c(=O)nc-3n(C[C@H](O)[C@H](O)[C@H](O)COP(=O)([O-])[O-])c2cc1C,0
981,Drug 985,Cc1cc2c(s1)=Nc1ccccc1NC=2N1CC[NH+](C)CC1,0
982,Drug 986,Cc1cc2c(s1)Nc1ccccc1[NH+]=C2N1CC[NH+](C)CC1,0
983,Drug 987,CC1Cc2ccccc2N1NC(=O)c1ccc(Cl)c(S(N)(=O)=O)c1,0
984,Drug 988,C=C1CC[C@@]2(O)[C@H]3Cc4ccc(O)c5c4[C@@]2(CC[NH+]3CC2CC2)[C@H]1O5,0
985,Drug 989,Cc1ccc(O)c([C@H](CC[NH+](C(C)C)C(C)C)c2ccccc2)c1,0
986,Drug 990,Cc1ccc(C)c(OCCCC(C)(C)C(=O)[O-])c1,0
987,Drug 991,Cc1ccc(Cl)c(Nc2ccccc2C(=O)[O-])c1Cl,0
989,Drug 993,Cc1ccc(/C(=C\C[NH+]2CCCC2)c2cccc(/C=C/C(=O)[O-])n2)cc1,0
990,Drug 994,Cc1ccc(/C(=C\C[NH+]2CCCC2)c2ccccn2)cc1,0
991,Drug 995,Cc1ccc(C(=O)c2cc(O)c([O-])c([N+](=O)[O-])c2)cc1,0
992,Drug 996,Cc1ccc(C(=O)c2ccc(CC(=O)[O-])n2C)cc1,0
993,Drug 997,Cc1ccc(-c2nc3ccc(C)cn3c2CC(=O)N(C)C)cc1,0
994,Drug 998,Cc1ccc(-c2cc(C(F)(F)F)nn2-c2ccc(S(N)(=O)=O)cc2)cc1,1
995,Drug 999,Cc1ccc(N(CC2=[NH+]CCN2)c2cccc(O)c2)cc1,0
996,Drug 1000,Cc1ccc(S(=O)(=O)[N-]C(=O)N[NH+]2CCCCCC2)cc1,0
997,Drug 1001,CNC(=O)c1cc(Oc2ccc(NC(=O)Nc3ccc(Cl)c(C(F)(F)F)c3)cc2)ccn1.Cc1ccc(S(=O)(=O)O)cc1,1
998,Drug 1002,Cc1ccc(-n2[nH]c(C)c(N/N=C3\C=CC=C(c4cccc(C(=O)[O-])c4)C3=O)c2=O)cc1C,0
999,Drug 1003,Cc1cn(-c2cc(NC(=O)c3ccc(C)c(Nc4nccc(-c5cccnc5)n4)c3)cc(C(F)(F)F)c2)cn1,0
1000,Drug 1004,Cc1ccc(NC(=O)c2ccc(CN3CC[NH+](C)CC3)cc2)cc1Nc1nccc(-c2cccnc2)n1,0
1001,Drug 1005,Cc1ccc(Nc2nccc(N(C)c3ccc4c(C)n(C)nc4c3)n2)cc1S(N)(=O)=O,0
1002,Drug 1006,Cc1cccc(C[NH+]2CCN(C(c3ccccc3)c3ccc(Cl)cc3)CC2)c1,0
1003,Drug 1007,Cc1cccc(Nc2ccncc2S(=O)(=O)[N-]C(=O)NC(C)C)c1,0
1004,Drug 1008,Cc1cccc(Nc2ccccc2C(=O)[O-])c1C,0
1005,Drug 1009,Cc1cccc(C)c1NC(=O)C(C)[NH3+],0
1006,Drug 1010,Cc1cccc(C)c1NC(=O)C1CCCC[NH+]1C,0
1007,Drug 1011,Cc1nc(Nc2ncc(C(=O)Nc3c(C)cccc3Cl)s2)cc(N2CC[NH+](CCO)CC2)n1,0
1008,Drug 1012,Cc1cccc(C)c1NC(=O)C[NH+](CC(=O)[O-])CC(=O)[O-],0
1009,Drug 1013,COc1ccccc1OCC(O)CN1CC[NH+](CC(=O)Nc2c(C)cccc2C)CC1,0
1010,Drug 1014,Cc1cccc(C)c1OCC(C)[NH3+],0
1011,Drug 1015,Cc1cccc(C)c1OCC(=O)N[C@@H](Cc1ccccc1)[C@@H](O)C[C@H](Cc1ccccc1)NC(=O)[C@H](C(C)C)N1CCCNC1=O,0
1012,Drug 1016,Cc1ccccc1C(OCC[NH+](C)C)c1ccccc1,0
1013,Drug 1017,Cc1ccccc1C(=O)Nc1ccc(C(=O)N2CCCC(O)c3cc(Cl)ccc32)c(C)c1,0
1014,Drug 1018,Cc1ccccc1N1C(=O)c2cc(S(N)(=O)=O)c(Cl)cc2NC1C,0
1015,Drug 1019,Cc1ccccc1N1CC[NH+](CCc2nnc3n2CCCC3)CC1,0
1016,Drug 1020,C[NH2+]CC[C@@H](Oc1ccccc1C)c1ccccc1,0
1017,Drug 1021,COc1cc(C(=O)[N-]S(=O)(=O)c2ccccc2C)ccc1Cc1cn(C)c2ccc(NC(=O)OC3CCCC3)cc12,0
1018,Drug 1022,Cc1cccn2c(=O)c(-c3nnn[n-]3)cnc12,0
1020,Drug 1024,Cc1ccnc([N-]S(=O)(=O)c2ccc(N)cc2)n1,0
1021,Drug 1025,Cc1ccnc2c1NC(=O)c1cccnc1N2C1CC1,0
1022,Drug 1026,Cc1ccsc1C(=CCC[NH+]1CCC[C@@H](C(=O)[O-])C1)c1sccc1C,0
1023,Drug 1027,Cc1cn([C@@H]2C[C@@H](O)[C@H](CO)O2)c(=O)[nH]c1=O,0
1024,Drug 1028,Cc1cn([C@H]2C[C@H](N=[N+]=[N-])[C@@H](CO)O2)c(=O)[nH]c1=O,0
1025,Drug 1029,Cc1cn([C@H]2C=C[C@@H](CO)O2)c(=O)[nH]c1=O,0
1026,Drug 1030,COc1c(N2CC[NH2+]C(C)C2)c(F)cc2c(=O)c(C(=O)[O-])cn(C3CC3)c12,0
1027,Drug 1031,COc1ccc2nc(S(=O)Cc3ncc(C)c(OC)c3C)[nH]c2c1,0
1028,Drug 1032,Cc1cnc(C(=O)NCCc2ccc(S(=O)(=O)[N-]C(=O)NC3CCCCC3)cc2)cn1,0
1029,Drug 1033,Cc1cnc(NC(=O)C2=C(O)c3ccccc3S(=O)(=O)N2C)s1,0
1030,Drug 1034,CC1COc2c(N3CC[NH+](C)CC3)c(F)cc3c(=O)c(C(=O)[O-])cn1c23,0
1031,Drug 1035,C/C(=C\c1csc(C)n1)[C@@H]1C[C@@H]2O[C@]2(C)CCC[C@H](C)[C@H](O)[C@@H](C)C(=O)C(C)(C)[C@@H](O)CC(=O)N1,0
1032,Drug 1036,Cc1ncc([N+](=O)[O-])n1CCO,0
1033,Drug 1037,Cc1nccn1CC1CCc2c(c3ccccc3n2C)C1=O,0
1034,Drug 1038,Cc1nnc(C(=O)NC(C)(C)c2nc(C(=O)NCc3ccc(F)cc3)c([O-])c(=O)n2C)o1,0
1035,Drug 1039,Cc1nnc([N-]S(=O)(=O)c2ccc(N)cc2)s1,0
1036,Drug 1040,Cc1nnc(SCC2=C(C(=O)[O-])N3C(=O)[C@@H](NC(=O)Cn4cnnn4)[C@H]3SC2)s1,0
1037,Drug 1041,Cc1nnc2n1-c1ccc(Cl)cc1C(c1ccccc1)=NC2,0
1038,Drug 1042,Cc1nnc2n1-c1ccc(Cl)cc1C(c1ccccc1Cl)=NC2,0
1039,Drug 1043,CC1=NS(=O)(=O)c2cc(Cl)ccc2N1,0
1040,Drug 1044,CC[C@@]1(O)C(=O)OCc2c1cc1n(c2=O)Cc2cc3c(C[NH+](C)C)c(O)ccc3nc2-1,0
1043,Drug 1047,CC[C@]1(O)CC[C@H]2[C@@H]3CCC4=CCCC[C@@H]4[C@H]3CC[C@@]21C,0
1045,Drug 1049,CC[C@H](OC(C)=O)C(C[C@H](C)[NH+](C)C)(c1ccccc1)c1ccccc1,0
1046,Drug 1050,CC[C@@H](C(N)=O)N1CCCC1=O,0
1048,Drug 1052,CC[C@@H](c1cccc(O)c1)[C@@H](C)C[NH+](C)C,0
1049,Drug 1053,CC[C@@H](CO)NCC[NH2+][C@@H](CC)CO,0
1050,Drug 1054,CC[C@@H](CO)NC(=O)[C@@H]1C=C2c3cccc4[nH]cc(c34)C[C@H]2[NH+](C)C1,0
1051,Drug 1055,CC[C@@H](CO)NC(=O)[C@@H]1C=C2c3cccc4c3c(cn4C)C[C@H]2[NH+](C)C1,0
1058,Drug 1062,C#C[C@]1(O)CC[C@H]2[C@@H]3CCC4=CC(=O)CC[C@@H]4[C@H]3C(=C)C[C@@]21CC,0
1059,Drug 1063,C#C[C@]1(O)CC[C@H]2[C@@H]3CCC4=C/C(=N/O)CC[C@@H]4[C@H]3CC[C@@]21CC,0
1060,Drug 1064,C#C[C@]1(O)CC[C@H]2[C@@H]3CCC4=CC(=O)CC[C@@H]4[C@H]3CC[C@@]21CC,0
1061,Drug 1065,C#C[C@]1(OC(C)=O)CC[C@H]2[C@@H]3CCC4=C/C(=N/O)CC[C@@H]4[C@H]3CC[C@@]21CC,0
1064,Drug 1068,CC[C@H](C)C(=O)O[C@H]1C[C@H](O)C=C2C=C[C@H](C)[C@H](CC[C@@H](O)C[C@@H](O)CC(=O)[O-])[C@H]21,0
1065,Drug 1069,CC[C@H](C)C(=O)O[C@H]1C[C@@H](C)C=C2C=C[C@H](C)[C@H](CC[C@@H]3C[C@@H](O)CC(=O)O3)[C@H]21,1
1066,Drug 1070,CC[C@@H]1C(=O)OC[C@@H]1Cc1cncn1C,0
1069,Drug 1073,CC[N+](C)(C)c1cccc(O)c1,0
1070,Drug 1074,CC[N+](C)(C)Cc1ccccc1Br,0
1071,Drug 1075,CC[N+](C)(CC)CCOC(=O)C(O)(c1ccccc1)C1CCCCC1,0
1072,Drug 1076,CC[N+](C)(CC)CCOC(=O)C1c2ccccc2Oc2ccccc21,0
1073,Drug 1077,CC[N+](CC)(CC)CCC(O)(c1ccccc1)C1CCCCC1,0
1074,Drug 1078,CC[N+](CC)(CC)CCOc1cccc(OCC[N+](CC)(CC)CC)c1OCC[N+](CC)(CC)CC,0
1075,Drug 1079,CC[N+](CC)(CCNC(=O)C(=O)NCC[N+](CC)(CC)Cc1ccccc1Cl)Cc1ccccc1Cl,0
1076,Drug 1080,CC[NH+](CC)C(C)C(=O)c1ccccc1,0
1077,Drug 1081,CC[NH+](CC)C(C)CN1c2ccccc2Sc2ccccc21,0
1078,Drug 1082,CC[NH+](CC)CC#CCOC(=O)C(O)(c1ccccc1)C1CCCCC1,0
1079,Drug 1083,CC[NH+](CC)CC(=O)Nc1c(C)cccc1C,0
1080,Drug 1084,CC[NH+](CC)CC(=O)OCC(=O)[C@@]1(O)CC[C@H]2[C@@H]3CCC4=CC(=O)CC[C@]4(C)[C@H]3[C@@H](O)C[C@@]21C,0
1081,Drug 1085,CC[NH+](CC)Cc1cc(Nc2ccnc3cc(Cl)ccc23)ccc1O,0
1082,Drug 1086,CC[NH+](CC)CCCC(C)Nc1cc[nH+]c2cc(Cl)ccc12,0
1083,Drug 1087,CC[NH+](CC)CCN1C(=O)CN=C(c2ccccc2F)c2cc(Cl)ccc21,0
1084,Drug 1088,CC[NH+](CC)CCNC(=O)c1c(C)[nH]c(/C=C2\C(=O)Nc3ccc(F)cc32)c1C,0
1085,Drug 1089,CC[NH+](CC)CCNC(=O)c1cc(Cl)c(N)cc1OC,0
1086,Drug 1090,CC[NH+](CC)CCNC(=O)c1ccc(N)cc1,0
1087,Drug 1091,CC[NH+](CC)CCOC(=O)C1(C2CCCCC2)CCCCC1,0
1088,Drug 1092,CC[NH+](CC)CCOC(=O)c1ccc(N)cc1,0
1089,Drug 1093,CC[NH+](CC)CCOC(=O)c1ccc(N)cc1Cl,0
1090,Drug 1094,CC[NH+](CC)CCOc1ccc(/C(=C(\Cl)c2ccccc2)c2ccccc2)cc1,0
1091,Drug 1095,CC[NH+](CCO)CCCC(C)Nc1cc[nH+]c2cc(Cl)ccc12,0
1093,Drug 1097,CC[NH2+][C@H]1C[C@H](C)S(=O)(=O)c2sc(S(N)(=O)=O)cc21,0
1094,Drug 1098,CC[NH2+][C@H]1CN(CCCOC)S(=O)(=O)c2sc(S(N)(=O)=O)cc21,0
1095,Drug 1099,CC1=C(CC(=O)[O-])c2cc(F)ccc2/C1=C\c1ccc(S(C)=O)cc1,0
1096,Drug 1100,C=CCC1(C(C)C#CCC)C(=O)NC(=O)N(C)C1=O,0
1097,Drug 1101,C#CC(O)(/C=C/Cl)CC,0
1098,Drug 1102,CCC([NH2+]C(C)C)C(O)c1ccc(O)c(O)c1,0
1099,Drug 1103,CCC(C)(C)C(=O)O[C@H]1C[C@@H](C)C=C2C=C[C@H](C)[C@H](CC[C@@H]3C[C@@H](O)CC(=O)O3)[C@H]21,0
1100,Drug 1104,CCC(C)(C)C1C(=O)N2CCCC2C2(O)OC(NC(=O)C3CC4c5cccc6[nH]cc(c56)CC4[NH+](C)C3)(C(C)C)C(=O)N12,0
1101,Drug 1105,CCC(C)C(C)(COC(N)=O)COC(N)=O,0
1102,Drug 1106,C=C(CC)C(=O)c1ccc(OCC(=O)[O-])c(Cl)c1Cl,0
1103,Drug 1107,CCC(C)C1(CC)C(=O)NC(=O)NC1=O,0
1104,Drug 1108,C=CCC1(C(C)CC)C(=O)NC(=O)NC1=O,0
1109,Drug 1113,CCC(C)n1ncn(-c2ccc(N3CCN(c4ccc(OC[C@H]5CO[C@](Cn6cncn6)(c6ccc(Cl)cc6Cl)O5)cc4)CC3)cc2)c1=O,0
1110,Drug 1114,CCC(c1ccccc1)c1c([O-])c2ccccc2oc1=O,0
1111,Drug 1115,CCOC(=O)C1=C[C@@H](OC(CC)CC)[C@H](NC(C)=O)[C@@H]([NH3+])C1,0
1112,Drug 1116,CCC(Cc1c(I)cc(I)c(N)c1I)C(=O)[O-],0
1113,Drug 1117,C=CC([NH3+])CCC(=O)[O-],0
1114,Drug 1118,CCC(=O)[C@@]1(C)[C@H](C)CC2C3CCC4=CC(=O)C=C[C@]4(C)C3[C@@H](O)C[C@@]21C,0
1115,Drug 1119,CCC(=O)C(CC(C)[NH+](C)C)(c1ccccc1)c1ccccc1,0
1116,Drug 1120,CCC(=O)c1ccc2c(c1)N(CC(C)[NH+](C)C)c1ccccc1S2,0
1117,Drug 1121,CCC(=O)N(c1ccccc1)C1(C(=O)OC)CC[NH+](CCC(=O)OC)CC1,0
1118,Drug 1122,CCC(=O)N(c1ccccc1)C1(COC)CC[NH+](CCc2cccs2)CC1,0
1119,Drug 1123,CCC(=O)N(c1ccccc1)C1(COC)CC[NH+](CCn2nnn(CC)c2=O)CC1,0
1120,Drug 1124,CCC(=O)N(c1ccccc1)C1CC[NH+](CCc2ccccc2)CC1,0
1121,Drug 1125,CCC(=O)NCC[C@@H]1CCc2ccc3c(c21)CCO3,0
1122,Drug 1126,CCC(=O)O[C@@](Cc1ccccc1)(c1ccccc1)[C@@H](C)C[NH+](C)C,0
1124,Drug 1128,CCC(=O)O[C@]1(C(=O)CCl)[C@@H](C)C[C@H]2[C@@H]3CCC4=CC(=O)C=C[C@]4(C)[C@@]3(F)[C@@H](O)C[C@@]21C,0
1125,Drug 1129,CCC(=O)O[C@]1(C(=O)CCl)[C@@H](C)CC2C3C[C@H](F)C4=CC(=O)C=CC4(C)[C@@]3(F)C(O)CC21C,0
1126,Drug 1130,CCC(=O)O[C@](Cc1ccccc1)(c1ccccc1)[C@H](C)C[NH+](C)C,0
1128,Drug 1132,CCC(=O)O[C@H]1CC[C@H]2[C@@H]3CC[C@H]4CC(=O)[C@H](C)C[C@]4(C)[C@H]3CC[C@]12C,0
1129,Drug 1133,CCC(=O)O[C@H]1CC[C@H]2[C@@H]3CCC4=CC(=O)CC[C@]4(C)[C@H]3CC[C@]12C,0
1130,Drug 1134,CCC(=O)OC(OP(=O)(CCCCc1ccccc1)CC(=O)N1C[C@H](C2CCCCC2)C[C@H]1C(=O)[O-])C(C)C,0
1133,Drug 1137,CCOC(=O)O[C@]1(C(=O)COC(=O)CC)CC[C@H]2[C@@H]3CCC4=CC(=O)C=C[C@]4(C)[C@H]3[C@@H](O)C[C@@]21C,0
1134,Drug 1138,CCC(=O)OCCNC(=O)C[n+]1ccccc1,0
1135,Drug 1139,CCC1(CC)C(=O)NCC(C)C1=O,0
1136,Drug 1140,CCC1(c2ccccc2)NC(=O)N(C)C1=O,0
1137,Drug 1141,CCC1(C)OC(=O)N(C)C1=O,0
1138,Drug 1142,CCC1(c2ccccc2)SCC(=O)NC1=O,0
1139,Drug 1143,CCC1(CC)C(=O)NC(=O)N(C)C1=O,0
1140,Drug 1144,CCC1(c2ccccc2)C(=O)NCNC1=O,0
1141,Drug 1145,CCC1(C)CC(=O)NC1=O,0
1142,Drug 1146,CCC1(c2ccc(N)cc2)CCC(=O)NC1=O,0
1143,Drug 1147,CCC1(c2ccccc2)CCC(=O)NC1=O,0
1144,Drug 1148,CCc1c(C)[nH]c2c1C(=O)C(C[NH+]1CCOCC1)CC2,0
1146,Drug 1150,CCc1nc(N)nc(N)c1-c1ccc(Cl)cc1,0
1147,Drug 1151,CCC1=C(C)CN(C(=O)NCCc2ccc(S(=O)(=O)[N-]C(=O)NC3CCC(C)CC3)cc2)C1=O,0
1148,Drug 1152,C=CC1=C(C(=O)[O-])N2C(=O)[C@@H](NC(=O)/C(=N\O)c3csc(N)n3)[C@H]2SC1,0
1149,Drug 1153,C=CC1=C(C(=O)[O-])N2C(=O)[C@@H](NC(=O)/C(=N\OCC(=O)[O-])c3csc(N)n3)[C@H]2SC1,0
1150,Drug 1154,CCc1c2c(nc3ccc(OC(=O)N4CCC([NH+]5CCCCC5)CC4)cc13)-c1cc3c(c(=O)n1C2)COC(=O)[C@]3(O)CC,0
1151,Drug 1155,CCc1c2c(nc3ccc(OC(=O)N4CCC(N5CCCCC5)CC4)cc13)-c1cc3c(c(=O)n1C2)COC(=O)[C@]3(O)CC,1
1153,Drug 1157,CCc1cc(C(N)=S)ccn1,0
1154,Drug 1158,CCc1cc2c(cc1CC)CC([NH2+]C[C@H](O)c1ccc(O)c3[nH]c(=O)ccc13)C2,0
1156,Drug 1160,CCc1ccc(CCOc2ccc(CC3SC(=O)[N-]C3=O)cc2)nc1,0
1157,Drug 1161,CCc1cccc2c3c([nH]c12)C(CC)(CC(=O)[O-])OCC3,0
1158,Drug 1162,CCc1ccc(CCOc2ccc(CC3SC(=O)NC3=O)cc2)nc1,1
1159,Drug 1163,CCC1NC(=O)c2cc(S(N)(=O)=O)c(Cl)cc2N1,0
1160,Drug 1164,CCc1nn(CCC[NH+]2CCN(c3cccc(Cl)c3)CC2)c(=O)n1CCOc1ccccc1,0
1162,Drug 1166,CCC[C@H]([NH2+][C@@H](C)C(=O)N1[C@H](C(=O)[O-])C[C@@H]2CCCC[C@@H]21)C(=O)OCC,0
1163,Drug 1167,CCC[C@@H]1C[C@@H](C(=O)N[C@H]([C@@H](C)O)[C@H]2O[C@H](SC)[C@H](O)[C@@H](O)[C@H]2O)[NH+](C)C1,0
1164,Drug 1168,CCC[C@@H]1C[C@@H](C(=O)NC(C(C)Cl)[C@H]2O[C@H](SC)[C@H](O)[C@@H](O)[C@H]2O)[NH+](C)C1,0
1165,Drug 1169,CCC[C@@]1(CCc2ccccc2)CC([O-])=C([C@H](CC)c2cccc([N-]S(=O)(=O)c3ccc(C(F)(F)F)cn3)c2)C(=O)O1,0
1166,Drug 1170,CCC[NH+](CC)C(CC)C(=O)Nc1c(C)cccc1C,0
1167,Drug 1171,CCC[NH+](CCC)CCc1cccc2c1CC(=O)N2,0
1168,Drug 1172,CCC[NH+](CCc1cccs1)[C@H]1CCc2c(O)cccc2C1,0
1169,Drug 1173,CCC[NH+]1C[C@H](CSC)C[C@@H]2c3cccc4[nH]cc(c34)C[C@H]21,0
1170,Drug 1174,C=CC[NH+]1CC[C@]23c4c5ccc(O)c4O[C@H]2C(=O)CC[C@@]3(O)[C@H]1C5,0
1171,Drug 1175,C=CC[NH+]1CC[C@]23CCCC[C@H]2[C@H]1Cc1ccc(O)cc13,0
1172,Drug 1176,CCC[NH+]1CCCC[C@H]1C(=O)Nc1c(C)cccc1C,0
1173,Drug 1177,CCC[NH2+][C@H]1CCc2nc(N)sc2C1,0
1174,Drug 1178,CCC[NH2+]C(C)C(=O)Nc1c(C)csc1C(=O)OC,0
1175,Drug 1179,CCC[NH2+]C(C)C(=O)Nc1ccccc1C,0
1176,Drug 1180,CCC[NH2+]CC(O)COc1ccccc1C(=O)CCc1ccccc1,0
1177,Drug 1181,CCCC(C)(COC(N)=O)COC(N)=O,0
1178,Drug 1182,CCCC(C)(COC(N)=O)COC(=O)NC(C)C,0
1179,Drug 1183,C=CCC1(C(C)CCC)C(=O)NC(S)=[NH+]C1=O,0
1180,Drug 1184,CCCC(C)C1(CC)C(=O)NC(=O)NC1=O,0
1181,Drug 1185,C=CCC1(C(C)CCC)C(=O)NC(=O)NC1=O,0
1182,Drug 1186,CCCC(C)C1(CC)C(=O)NC(=S)NC1=O,0
1183,Drug 1187,CCCC(CCC)C(=O)[O-],0
1184,Drug 1188,CCCC(CCC)C(=O)O[C@@H]1C[C@@H]2CC[C@H](C1)[N+]2(C)C,0
1185,Drug 1189,CCCC(=O)Nc1c(I)cc(I)c(CC(CC)C(=O)[O-])c1I,0
1186,Drug 1190,CCCC(=O)Nc1ccc(OCC(O)C[NH2+]C(C)C)c(C(C)=O)c1,0
1187,Drug 1191,CCCC(=O)O[C@]1(C(=O)COC(C)=O)CC[C@H]2[C@@H]3C[C@H](F)C4=CC(=O)C=C[C@]4(C)[C@@]3(F)[C@@H](O)C[C@@]21C,0
1188,Drug 1192,CCCC(=O)O[C@]1(C(=O)CO)CC[C@H]2[C@@H]3CCC4=CC(=O)CC[C@]4(C)[C@H]3[C@@H](O)C[C@@]21C,0
1189,Drug 1193,CCCC(=O)O[C@]1(C(=O)COC(=O)CC)CC[C@H]2[C@@H]3CCC4=CC(=O)CC[C@]4(C)[C@H]3[C@@H](O)C[C@@]21C,0
1190,Drug 1194,CCCC(=O)OCOC(=O)C1=C(C)NC(C)=C(C(=O)OC)C1c1cccc(Cl)c1Cl,0
1191,Drug 1195,CCCc1nn(C)c2c(=O)[nH]c(-c3cc(S(=O)(=O)N4CC[NH+](C)CC4)ccc3OCC)nc12,0
1192,Drug 1196,CCCc1c2oc(C(=O)[O-])cc(=O)c2cc2c(=O)cc(C(=O)[O-])n(CC)c12,0
1193,Drug 1197,CCCc1cc(=O)[nH]c(=S)[nH]1,0
1194,Drug 1198,CCCc1nc(C(C)(C)O)c(C(=O)OCc2oc(=O)oc2C)n1Cc1ccc(-c2ccccc2-c2nn[n-]n2)cc1,0
1195,Drug 1199,CCCc1nc(C)c2c(=O)nc(-c3cc(S(=O)(=O)N4CC[NH+](CC)CC4)ccc3OCC)[nH]n12,0
1196,Drug 1200,CCCc1nc2c(C)cc(-c3nc4ccccc4n3C)cc2n1Cc1ccc(-c2ccccc2C(=O)[O-])cc1,0
1197,Drug 1201,CCCC1O[C@@H]2C[C@H]3[C@@H]4CCC5=CC(=O)C=C[C@]5(C)[C@H]4[C@@H](O)C[C@]3(C)[C@]2(C(=O)CO)O1,0
1198,Drug 1202,CCCC[NH+](CCCC)CC(O)c1cc(Cl)cc2c1-c1ccc(Cl)cc1/C2=C/c1ccc(Cl)cc1,0
1199,Drug 1203,CCCC[NH+](CCCC)CCC(O)c1cc2c(Cl)cc(Cl)cc2c2cc(C(F)(F)F)ccc12,0
1200,Drug 1204,CCCC[NH+]1C[C@H](O)[C@@H](O)[C@H](O)[C@H]1CO,0
1201,Drug 1205,CCCC[NH+]1CCCC[C@H]1C(=O)Nc1c(C)cccc1C,0
1202,Drug 1206,CCCC[NH+]1CCCCC1C(=O)Nc1c(C)cccc1C,0
1203,Drug 1207,CCCCC(F)(F)[C@@]1(O)CC[C@@H]2[C@H](CCCCCCC(=O)[O-])C(=O)C[C@H]2O1,0
1204,Drug 1208,CCCCC(C)(O)C/C=C/[C@H]1[C@H](O)CC(=O)[C@@H]1CCCCCCC(=O)OC,0
1205,Drug 1209,CCCCC(CC)COC(=O)/C=C/c1ccc(OC)cc1,0
1206,Drug 1210,CCCCC(CC)COC(=O)C(C#N)=C(c1ccccc1)c1ccccc1,0
1207,Drug 1211,CCCCC(=O)N(Cc1ccc(-c2ccccc2-c2nnn[n-]2)cc1)[C@H](C(=O)[O-])C(C)C,0
1208,Drug 1212,CCCCC(=O)O[C@]1(C(=O)CO)[C@@H](C)C[C@H]2[C@@H]3CCC4=CC(=O)C=C[C@]4(C)[C@@]3(F)[C@@H](O)C[C@@]21C,0
1209,Drug 1213,CCCCC(=O)O[C@]1(C(=O)CO)CC[C@H]2[C@@H]3CCC4=CC(=O)CC[C@]4(C)[C@H]3[C@@H](O)C[C@@]21C,0
1210,Drug 1214,CCCCC(=O)O[C@H]1CC[C@H]2[C@@H]3CCc4cc(O)ccc4[C@H]3CC[C@]12C,0
1212,Drug 1216,CCCCc1[nH+]cc(/C=C(\Cc2cccs2)C(=O)[O-])n1Cc1ccc(C(=O)[O-])cc1,0
1213,Drug 1217,CCCCc1oc2ccc(NS(C)(=O)=O)cc2c1C(=O)c1ccc(OCCC[NH+](CCCC)CCCC)cc1,0
1214,Drug 1218,CCCCc1oc2ccccc2c1C(=O)c1cc(I)c(OCC[NH+](CC)CC)c(I)c1,0
1215,Drug 1221,CCCCC[C@H](O)/C=C/[C@H]1[C@H](O)C[C@H](O)[C@@H]1C/C=C\CCCC(=O)[O-],0
1216,Drug 1222,CCCCC[C@H](O)/C=C/[C@H]1[C@H](O)CC(=O)[C@@H]1C/C=C\CCCC(=O)[O-],0
1217,Drug 1223,CCCCC[C@H](O)/C=C/[C@H]1[C@H](O)CC(=O)[C@@H]1CCCCCCC(=O)[O-],0
1218,Drug 1224,CCCCC[C@@H](O)CC[C@@H]1[C@@H](O)C[C@H]2Cc3c(cccc3OCC(=O)[O-])C[C@@H]12,0
1219,Drug 1225,CCCCC[NH+](C)CCC(O)(P(=O)([O-])[O-])P(=O)([O-])[O-],0
1220,Drug 1226,CCCCCC(=O)O[C@]1(C(C)=O)CC[C@H]2[C@@H]3CCC4=CC(=O)CC[C@]4(C)[C@H]3CC[C@@]21C,0
1221,Drug 1227,CCCCCc1cc(O)c2c(c1)OC(C)(C)[C@@H]1CCC(C)=C[C@@H]21,0
1222,Drug 1228,CCCCCCC(C)(C)c1cc(O)c2c(c1)OC(C)(C)[C@@H]1CCC(=O)C[C@@H]21,0
1223,Drug 1229,CCCCCCC(=O)O[C@H]1CC[C@H]2[C@@H]3CCC4=CC(=O)CC[C@]4(C)[C@H]3CC[C@]12C,0
1224,Drug 1230,CCCCCCC(=O)OCCN1CC[NH+](CCCN2c3ccccc3Sc3ccc(C(F)(F)F)cc32)CC1,0
1225,Drug 1231,CCCCCCC[NH+](CC)CCCC(O)c1ccc(NS(C)(=O)=O)cc1,0
1226,Drug 1232,CCCCCCCC(=O)CC[C@H]1[C@H](O)C[C@H](O)[C@@H]1C/C=C\CCCC(=O)OC(C)C,0
1227,Drug 1233,CCCCCCCC(=O)OCC(O)CO,0
1228,Drug 1234,CCCCCCCC/C=C\CCCCCCCC(=O)[O-],0
1229,Drug 1235,CCCCCCCCc1ccc(CCC([NH3+])(CO)CO)cc1,0
1230,Drug 1236,CCCCCCCCC[NH+]1C[C@H](O)[C@@H](O)[C@H](O)[C@H]1CO,0
1232,Drug 1238,CCCCCCCCCC(=O)O[C@H]1CC[C@H]2[C@@H]3CCC4=CC(=O)CC[C@@H]4[C@H]3CC[C@]12C,0
1233,Drug 1239,CCCCCCCCCC(=O)OCCN1CC[NH+](CCCN2c3ccccc3Sc3ccc(C(F)(F)F)cc32)CC1,0
1234,Drug 1240,CCCCCCCCCc1ccc(OCCOCCOCCOCCOCCOCCOCCOCCOCCO)cc1,0
1235,Drug 1241,CCCCCCCCCCC[C@@H](C[C@@H]1OC(=O)[C@H]1CCCCCC)OC(=O)[C@H](CC(C)C)NC=O,0
1236,Drug 1242,CCCCCCCCCCCC(=O)OCCNC(=O)C[n+]1ccccc1,0
1237,Drug 1243,CCCCCCCCCCCCCC(=O)OC[C@H](COP(=O)([O-])OCC[N+](C)(C)C)OC(=O)CCCCCCCCCCCCC,0
1239,Drug 1245,CCCCCCCCCCCCCCCC(=O)O[C@@H]1CCCn2c1nc(C)c(CC[NH+]1CCC(c3noc4cc(F)ccc34)CC1)c2=O,0
1240,Drug 1246,CCCCCCCCCCCCCCCC(=O)OC/C=C(C)/C=C/C=C(C)/C=C/C1=C(C)CCCC1(C)C,0
1241,Drug 1247,CCCCCCCCCCCCCCCC(=O)OCC(COP(=O)([O-])OCC[N+](C)(C)C)OC(=O)CCCCCCCCCCCCCCC,0
1242,Drug 1248,CCCCCCCCCCCCCCCC[N+](C)(C)CCN(Cc1ccc(OC)cc1)c1ncccn1,0
1243,Drug 1249,CCCCCCCCCCCCCCCCCCCCCCO,0
1244,Drug 1250,CCCCCCCCCCCCCCCCO,0
1245,Drug 1251,CCCCCCCCCCCCCCOS(=O)(=O)[O-],0
1246,Drug 1252,CCCCCCCCCCCCOCCOCCOCCOCCOCCOCCOCCOCCOCCO,0
1248,Drug 1254,CCCCCCOC(=O)/[NH+]=C(/N)c1ccc(NCc2nc3cc(C(=O)N(CCC(=O)OCC)c4ccccn4)ccc3n2C)cc1,0
1249,Drug 1255,CCCCCCOC(=O)CCC(=O)C[NH3+],0
1250,Drug 1256,CCCCCNC(=[NH2+])N/N=C/c1c[nH]c2ccc(OC)cc12,0
1251,Drug 1257,CCCCCOC(=O)Nc1nc(=O)n([C@@H]2O[C@H](C)[C@@H](O)[C@H]2O)cc1F,0
1252,Drug 1258,CCCCCOC(=O)Nc1nc(=O)n([C@@H]2O[C@H](C)[C@@H](O)[C@H]2O)cc1F,1
1255,Drug 1261,CCCCN1C(=O)[C@@H]([C@H](O)C2CCCCC2)NC(=O)C12CCN(Cc1ccc(Oc3ccc(C(=O)O)cc3)cc1)CC2,1
1256,Drug 1262,CCCCNC(=O)[N-]S(=O)(=O)c1ccc(C)cc1,0
1257,Drug 1263,CCCCNc1cc(C(=O)[O-])cc(S(N)(=O)=O)c1Oc1ccccc1,0
1258,Drug 1264,CCCCNc1ccc(C(=O)OCC[NH+](C)C)cc1,0
1259,Drug 1265,CCCCNc1ccc(C(=O)OCCOCCOCCOCCOCCOCCOCCOCCOCCOC)cc1,0
1260,Drug 1266,CCCCOc1cc(C(=O)NCC[NH+](CC)CC)c2ccccc2n1,0
1261,Drug 1267,CCCCOc1cc(C(=O)OCC[NH+](CC)CC)ccc1N,0
1262,Drug 1268,CCCCOc1ccc(C(=O)CC[NH+]2CCCCC2)cc1,0
1263,Drug 1269,CCCCOc1ccc(OCCC[NH+]2CCOCC2)cc1,0
1264,Drug 1270,CCCCOCCOCCOCc1cc2c(cc1CCC)OCO2,0
1265,Drug 1271,CCCCS(=O)(=O)N[C@@H](Cc1ccc(OCCCCC2CC[NH2+]CC2)cc1)C(=O)[O-],0
1266,Drug 1272,CCCN(CCC)S(=O)(=O)c1ccc(C(=O)[O-])cc1,0
1267,Drug 1273,CCCNC(=O)[N-]S(=O)(=O)c1ccc(Cl)cc1,0
1268,Drug 1274,CCCOC(=O)Cn1cc(I)c(=O)c(I)c1,0
1269,Drug 1275,CCCOc1cc(N)ccc1C(=O)OCC[NH+](CC)CC,0
1270,Drug 1276,CCCOc1ccc(C(=O)OCC[NH+](CC)CC)cc1N,0
1271,Drug 1277,CCCS(=O)(=O)Nc1ccc(F)c(C(=O)c2c[nH]c3ncc(-c4ccc(Cl)cc4)cc23)c1F,1
1272,Drug 1278,CCCS(=O)(=O)Nc1ccc(F)c(C(=O)c2c[nH]c3ncc(-c4ccc(Cl)cc4)cc23)c1F,0
1273,Drug 1279,CCCSc1ccc2[nH]c(NC(=O)OC)nc2c1,0
1274,Drug 1280,CCCSc1nc(N[C@@H]2C[C@H]2c2ccc(F)c(F)c2)c2nnn([C@@H]3C[C@H](OCCO)[C@@H](O)[C@H]3O)c2n1,0
1275,Drug 1281,CCN(C)C(=O)Oc1cccc([C@H](C)[NH+](C)C)c1,0
1276,Drug 1282,CCN(C(C)=O)c1cccc(-c2ccnc3c(C#N)cnn23)c1,0
1277,Drug 1283,C/C=C/C(=O)N(CC)c1ccccc1C,0
1278,Drug 1284,CCN(CC)C(=O)/C(C#N)=C/c1cc(O)c([O-])c([N+](=O)[O-])c1,0
1279,Drug 1285,CCN(CC)C(=O)[C@]1(c2ccccc2)C[C@@H]1C[NH3+],0
1280,Drug 1286,CCN(CC)C(=O)C1C[NH+]2CCc3cc(OC)c(OC)cc3C2CC1OC(C)=O,0
1281,Drug 1287,CCN(CC)C(=O)N1CC[NH+](C)CC1,0
1282,Drug 1288,CCN(CC)C(=S)SSC(=S)N(CC)CC,0
1283,Drug 1289,CCN(CC)c1ccc(C(=C2C=CC(=[N+](CC)CC)C=C2)c2cc(S(=O)(=O)[O-])ccc2S(=O)(=O)[O-])cc1,0
1284,Drug 1290,CCN(CC)CC(=O)Nc1c(C)cccc1C,1
1285,Drug 1291,CCN(CC)CCNC(=O)c1c(C)[nH]c(/C=C2\C(=O)Nc3ccc(F)cc32)c1C,1
1286,Drug 1292,CCN(CC)CCNC(=O)c1c(C)[nH]c(/C=C2\C(=O)Nc3ccc(F)cc32)c1C.O=C(O)C[C@H](O)C(=O)O,1
1288,Drug 1294,CCN(Cc1ccncc1)C(=O)C(CO)c1ccccc1,0
1289,Drug 1295,CCN1C(=O)NC(c2ccccc2)C1=O,0
1290,Drug 1296,CCn1nc(C(=O)[O-])c(=O)c2cc3c(cc21)OCO3,0
1291,Drug 1297,CCN1CC(CC[NH+]2CCOCC2)C(c2ccccc2)(c2ccccc2)C1=O,0
1292,Drug 1298,CCn1cc(C(=O)[O-])c(=O)c2cc(F)c(N3CC[NH2+]C(C)C3)c(F)c21,0
1293,Drug 1299,CCn1cc(C(=O)[O-])c(=O)c2cc(F)c(N3CC[NH2+]CC3)cc21,0
1294,Drug 1300,CCn1cc(C(=O)[O-])c(=O)c2cc(F)c(N3CC[NH2+]CC3)nc21,0
1295,Drug 1301,CCn1cc(C(=O)[O-])c(=O)c2ccc(C)nc21,0
1296,Drug 1302,CCn1ccc([N-]S(=O)(=O)c2ccc(N)cc2)nc1=O,0
1297,Drug 1303,C=CN1CCCC1=O,0
1298,Drug 1304,CCN1CCN(C(=O)N[C@@H](C(=O)N[C@@H]2C(=O)N3C(C(=O)[O-])=C(CSc4nnnn4C)CS[C@H]23)c2ccc(O)cc2)C(=O)C1=O,0
1299,Drug 1305,CCN1CCN(C(=O)N[C@@H](C(=O)N[C@@H]2C(=O)N3[C@@H](C(=O)[O-])C(C)(C)S[C@H]23)c2ccccc2)C(=O)C1=O,0
1303,Drug 1309,CCNC(=O)CCC/C=C\C[C@H]1[C@@H](O)C[C@@H](O)[C@@H]1/C=C/[C@@H](O)CCc1ccccc1,0
1304,Drug 1310,CCO,0
1306,Drug 1312,CCOC(=O)/C=C(C)/C=C/C=C(C)/C=C/c1c(C)cc(OC)c(C)c1C,0
1307,Drug 1313,CCOC(=O)[C@@](C)([NH3+])Cc1ccc(O)c(O)c1,0
1308,Drug 1314,CCOC(=O)[C@H](CCc1ccccc1)[NH2+][C@@H](C)C(=O)N1[C@H](C(=O)[O-])C[C@@H]2CCC[C@@H]21,0
1309,Drug 1315,CCOC(=O)[C@H](CCc1ccccc1)[NH2+][C@@H](C)C(=O)N1[C@H](C(=O)[O-])C[C@H]2CCCC[C@@H]21,0
1310,Drug 1316,CCOC(=O)[C@H](CCc1ccccc1)[NH2+][C@@H](C)C(=O)N1CC2(C[C@H]1C(=O)[O-])SCCS2,0
1311,Drug 1317,CCOC(=O)[C@H](CCc1ccccc1)[NH2+][C@@H](C)C(=O)N1Cc2cc(OC)c(OC)cc2C[C@H]1C(=O)[O-],0
1312,Drug 1318,CCOC(=O)[C@H](CCc1ccccc1)[NH2+][C@@H](C)C(=O)N1Cc2ccccc2C[C@H]1C(=O)[O-],0
1313,Drug 1319,CCOC(=O)[C@H](CCc1ccccc1)[NH2+][C@@H](C)C(=O)N1CCC[C@H]1C(=O)[O-],0
1314,Drug 1320,CCOC(=O)[C@H](CCc1ccccc1)[NH2+][C@H]1CCc2ccccc2N(CC(=O)[O-])C1=O,0
1315,Drug 1321,CCOC(=O)C(C)(C)Oc1ccc(Cl)cc1,0
1316,Drug 1322,CCOC(=O)C1(c2ccccc2)CC[NH+](C)CC1,0
1317,Drug 1323,CCOC(=O)C1(c2ccccc2)CC[NH+](CCC(C#N)(c2ccccc2)c2ccccc2)CC1,0
1318,Drug 1324,CCOC(=O)C1(c2ccccc2)CC[NH+](CCc2ccc(N)cc2)CC1,0
1319,Drug 1325,CCOC(=O)C1=C(C)NC(C)=C(C(=O)OC)C1c1cccc(Cl)c1Cl,0
1320,Drug 1326,CCOC(=O)C1=C(COCC[NH3+])NC(C)=C(C(=O)OC)C1c1ccccc1Cl,0
1321,Drug 1327,CCOC(=O)c1ncn2c1CN(C)C(=O)c1cc(F)ccc1-2,0
1322,Drug 1328,CCOC(=O)c1ccc(C#Cc2ccc3c(c2)C(C)(C)CCS3)nc1,0
1323,Drug 1329,CCOC(=O)c1cncn1C(C)c1ccccc1,0
1324,Drug 1330,CCOC(=O)CC(SP(=S)(OC)OC)C(=O)OCC,0
1325,Drug 1331,CCOC(=O)CCCCCCCCC(C)c1ccccc1I,0
1326,Drug 1332,CCOC(=O)N1CCC(=C2c3ccc(Cl)cc3CCc3cccnc32)CC1,0
1327,Drug 1333,CCOC(=O)Nc1ccc(NCc2ccc(F)cc2)cc1N,0
1328,Drug 1334,CCOC(=O)Nc1ccc2c(c1)N(C(=O)CC[NH+]1CCOCC1)c1ccccc1S2,0
1329,Drug 1335,CCOC(=O)O[C@]1(C(=O)OCCl)CC[C@H]2[C@@H]3CCC4=CC(=O)C=C[C@]4(C)[C@H]3[C@@H](O)C[C@@]21C,0
1330,Drug 1336,CCOC(=O)OC(C)OC(=O)[C@@H]1N2C(=O)[C@@H](NC(=O)[C@H]([NH3+])c3ccccc3)[C@H]2SC1(C)C,0
1331,Drug 1337,CCOc1cc(CC(=O)N[C@@H](CC(C)C)c2ccccc2N2CCCCC2)ccc1C(=O)[O-],0
1332,Drug 1338,CCOc1ccc(-c2cc(C)cn2-c2ccc(S(N)(=O)=O)cc2)cc1,1
1333,Drug 1339,CCOc1ccc(CC(CN(CC[NH+](CC(=O)[O-])CC(=O)[O-])CC(=O)[O-])[NH+](CC(=O)[O-])CC(=O)[O-])cc1,0
1334,Drug 1340,CCOc1ccc2nc(S(N)(=O)=O)sc2c1,0
1335,Drug 1341,CCOc1ccc2ccccc2c1C(=O)N[C@@H]1C(=O)N2[C@@H](C(=O)[O-])C(C)(C)S[C@H]12,0
1336,Drug 1342,CCOc1ccccc1OCC[NH2+][C@H](C)Cc1ccc(OC)c(S(N)(=O)=O)c1,0
1337,Drug 1343,CCOc1nc2cccc(C(=O)OCc3oc(=O)oc3C)c2n1Cc1ccc(-c2ccccc2-c2nc(=O)o[nH]2)cc1,0
1338,Drug 1344,CCOCCn1c(N2CCC[NH+](C)CC2)nc2ccccc21,0
1339,Drug 1345,CCOCCP(CCOCC)CCP(CCOCC)CCOCC,0
1340,Drug 1346,CCOP(=O)(OCC)SCC[N+](C)(C)C,0
1341,Drug 1347,CCP(CC)(CC)=[Au]S[C@@H]1O[C@H](COC(C)=O)[C@@H](OC(C)=O)[C@H](OC(C)=O)[C@H]1OC(C)=O,0
1342,Drug 1348,CCS(=O)(=O)CCn1c([N+](=O)[O-])cnc1C,0
1343,Drug 1349,CCSc1ccc2c(c1)N(CCCN1CC[NH+](C)CC1)c1ccccc1S2,0
1344,Drug 1350,Cl[201Tl],0
1345,Drug 1351,Cl[Cr](Cl)Cl,0
1346,Drug 1352,Cl[Cu]Cl,0
1347,Drug 1353,Cl[Mn]Cl,0
1348,Drug 1354,Cl[Zn]Cl,0
1349,Drug 1355,CN(N=O)C(=O)N[C@H]1[C@@H](O)O[C@H](CO)[C@@H](O)[C@@H]1O,0
1350,Drug 1356,CN(C)/C=[NH+]/c1c(I)cc(I)c(CCC(=O)[O-])c1I,0
1351,Drug 1357,CN(C)/N=N/c1[nH]cnc1C(N)=O,0
1352,Drug 1358,CN(C)C(=[NH2+])NC(N)=[NH2+],0
1353,Drug 1359,CN(C)C(=O)C(CC[NH+]1CCC(O)(c2ccc(Cl)cc2)CC1)(c1ccccc1)c1ccccc1,0
1354,Drug 1360,CN(C)c1ccc(C(=C2C=CC(=[N+](C)C)C=C2)c2ccc(N(C)C)cc2)cc1,0
1355,Drug 1361,CN(C)c1cccc2cc(S(=O)(=O)[O-])ccc12,0
1356,Drug 1362,CN(C)c1nc(N(C)C)nc(N(C)C)n1,0
1357,Drug 1363,COc1cccc([C@@]2(O)CCCC[C@@H]2CN(C)C)c1,1
1358,Drug 1364,COc1ccc(C(CN(C)C)C2(O)CCCCC2)cc1,1
1359,Drug 1365,CN(C)N/N=C1/N=CN=C1C(N)=O,1
1361,Drug 1367,COCC(=O)Nc1c(I)c(C(=O)NCC(O)CO)c(I)c(C(=O)N(C)CC(O)CO)c1I,0
1362,Drug 1368,CN(Cc1cnc2nc(N)nc(N)c2n1)c1ccc(C(=O)N[C@@H](CCC(=O)[O-])C(=O)[O-])cc1,0
1363,Drug 1369,CN(Cc1cnc2nc(N)nc(N)c2n1)c1ccc(C(=O)N[C@@H](CCC(=O)O)C(=O)O)cc1,1
1364,Drug 1370,CN(CCCCCCCCCCN(C)C(=O)Oc1cccc([N+](C)(C)C)c1)C(=O)Oc1cccc([N+](C)(C)C)c1,0
1365,Drug 1371,COc1cc2nc(N(C)CCCNC(=O)C3CCCO3)nc(N)c2cc1OC,0
1366,Drug 1372,CN(CCOc1ccc(CC2SC(=O)[N-]C2=O)cc1)c1ccccn1,0
1367,Drug 1373,CN(CCOc1ccc(CC2SC(=O)NC2=O)cc1)c1ccccn1,1
1368,Drug 1374,CN(CCOc1ccc(CC2SC(=O)NC2=O)cc1)c1ccccn1.O=C(O)/C=C\C(=O)O,1
1369,Drug 1375,CN/C(NCc1ccccc1)=[NH+]\C,0
1370,Drug 1376,CN/C(=C\[N+](=O)[O-])[NH2+]CCSCc1ccc(C[NH+](C)C)o1,0
1371,Drug 1377,CN/C(=C\[N+](=O)[O-])[NH2+]CCSCc1csc(C[NH+](C)C)n1,0
1372,Drug 1378,CN1C(C(=O)Nc2ccccn2)=C(O)c2ccccc2S1(=O)=O,0
1373,Drug 1379,CO/N=C(\C(=O)N[C@@H]1C(=O)N2C(C(=O)[O-])=C(CSc3nc(=O)c(=O)[nH]n3C)CS[C@H]12)c1csc(N)n1,0
1374,Drug 1380,CN1C(CCl)Nc2cc(Cl)c(S(N)(=O)=O)cc2S1(=O)=O,0
1375,Drug 1381,CN1C(CSCC(F)(F)F)Nc2cc(Cl)c(S(N)(=O)=O)cc2S1(=O)=O,0
1376,Drug 1382,CO[C@@]1(NC(=O)C(C(=O)[O-])c2ccc(O)cc2)C(=O)N2C(C(=O)[O-])=C(CSc3nnnn3C)CO[C@@H]21,0
1377,Drug 1383,CO[C@@]1(NC(=O)C2SC(=C(C(N)=O)C(=O)[O-])S2)C(=O)N2C(C(=O)[O-])=C(CSc3nnnn3C)CS[C@@H]21,0
1378,Drug 1384,CO[C@@]1(NC(=O)CSCC#N)C(=O)N2C(C(=O)[O-])=C(CSc3nnnn3C)CS[C@@H]21,0
1379,Drug 1385,CO/N=C(\C(=O)N[C@@H]1C(=O)N2C(C(=O)[O-])=C(CSc3nnnn3C)CS[C@H]12)c1csc(N)n1,0
1380,Drug 1386,Cn1nnnc1SCC1=C(C(=O)[O-])N2C(=O)[C@@H](NC(=O)[C@H](O)c3ccccc3)[C@H]2SC1,0
1381,Drug 1387,CN1C(=O)CC(c2ccccc2)C1=O,0
1382,Drug 1388,Cn1nnc2c(C(N)=O)ncn2c1=O,1
1383,Drug 1389,CN1C(=O)CCS(=O)(=O)C1c1ccc(Cl)cc1,0
1384,Drug 1390,CN1c2c([nH]c(N)nc2=O)NC[C@@H]1CNc1ccc(C(=O)N[C@@H](CCC(=O)[O-])C(=O)[O-])cc1,0
1385,Drug 1391,Cn1c(=O)c2[nH]cnc2n(C)c1=O,0
1386,Drug 1392,Cn1c(=O)c2c(ncn2CC(O)CO)n(C)c1=O,0
1387,Drug 1393,Cl.Cn1c(CCCC(=O)O)nc2cc(N(CCCl)CCCl)ccc21,1
1388,Drug 1394,CN1C(=O)C(O)N=C(c2ccccc2)c2cc(Cl)ccc21,0
1389,Drug 1395,CN1C(=O)CN=C(c2ccccc2)c2cc(Cl)ccc21,0
1390,Drug 1396,Cn1c(CCCC(=O)[O-])nc2cc(N(CCCl)CCCl)ccc21,0
1391,Drug 1397,Cn1nc(C(=O)NC2CC3CCCC(C2)[NH+]3C)c2ccccc21,0
1392,Drug 1398,CN1CC(=O)N2[C@H](Cc3c([nH]c4ccccc34)[C@H]2c2ccc3c(c2)OCO3)C1=O,0
1393,Drug 1399,COc1ccc2c3c1O[C@H]1C[C@@H](O)C=C[C@@]31CCN(C)C2,1
1394,Drug 1400,CN1CC[NH+](CCCN2c3ccccc3Sc3ccc(Cl)cc32)CC1,0
1395,Drug 1401,Cn1cc[nH]c1=S,0
1396,Drug 1402,CN1CCC(CNc2ccc3ncc(-c4cccc(OC(F)(F)F)c4)n3n2)CC1,1
1397,Drug 1403,CN1CCC[NH+]=C1COC(=O)C(O)(c1ccccc1)C1CCCCC1,0
1398,Drug 1404,CN1CCN(c2ccc3c(c2)N/C(=C2\C(=O)N=c4cccc(F)c4=C2N)N3)CC1,1
1399,Drug 1405,Cn1cnc([N+](=O)[O-])c1C[N+](C)(C)C/C=C/C(=O)Nc1cc2c(Nc3ccc(Cl)c(Br)c3)ncnc2cn1,1
1400,Drug 1406,Cn1cnc([N+](=O)[O-])c1Sc1ncnc2nc[nH]c12,0
1401,Drug 1407,Cn1c(=O)c2c(ncn2C)n(C)c1=O,0
1402,Drug 1408,Cn1cncc1[C@@](N)(c1ccc(Cl)cc1)c1ccc2c(c1)c(-c1cccc(Cl)c1)cc(=O)n2C,1
1403,Drug 1409,CNC(=O)c1cc(Oc2ccc(NC(=O)Nc3ccc(Cl)c(C(F)(F)F)c3)cc2)ccn1,0
1404,Drug 1410,CNC(=O)c1cnn(-c2nc(N)c3ncn([C@@H]4O[C@H](CO)[C@@H](O)[C@H]4O)c3n2)c1,0
1405,Drug 1411,CNC(=O)c1cc(Oc2ccc(NC(=O)Nc3ccc(Cl)c(C(F)(F)F)c3)cc2)ccn1,1
1406,Drug 1412,CNC(=O)CN(CCN(CC[NH+](CC(=O)[O-])CC(=O)NC)CC(=O)[O-])CC(=O)[O-],0
1407,Drug 1413,CNC1=[NH+]c2ccc(Cl)cc2C(c2ccccc2)=[N+]([O-])C1,0
1408,Drug 1414,CNCC[C@H](Oc1cccc2ccccc12)c1cccs1,1
1409,Drug 1415,CNS(=O)(=O)Cc1ccc2[nH]cc(CC[NH+](C)C)c2c1,0
1410,Drug 1416,CNS(=O)(=O)CCc1ccc2[nH]cc(C3CC[NH+](C)CC3)c2c1,0
1411,Drug 1417,CO/N=C(\C(=O)N[C@@H]1C(=O)N2C(C(=O)[O-])=C(COC(N)=O)CS[C@H]12)c1ccco1,0
1412,Drug 1418,CO/N=C(\C(=O)N[C@@H]1C(=O)N2C(C(=O)[O-])=CCS[C@H]12)c1csc(N)n1,0
1413,Drug 1419,CO/N=C1\CN(c2nc3c(cc2F)c(=O)c(C(=O)[O-])cn3C2CC2)CC1C[NH3+],0
1414,Drug 1420,CO[C@@]1(NC(=O)Cc2cccs2)C(=O)N2C(C(=O)[O-])=C(COC(N)=O)CS[C@@H]21,0
1416,Drug 1422,CO[Si](C)(C)O[Si](C)(C)C,0
1417,Drug 1423,COC(F)(F)C(Cl)Cl,0
1418,Drug 1424,COC(CNC(=O)c1ccccc1OCC(=O)[O-])C[Hg]O,0
1419,Drug 1425,COC(CNC(N)=O)C[Hg]Cl,0
1420,Drug 1426,COC(=O)[C@H](c1ccccc1)[C@H]1CCCC[NH2+]1,0
1421,Drug 1427,COC(=O)[C@H](c1ccccc1Cl)[NH+]1CCc2sccc2C1,0
1422,Drug 1428,COC(=O)C(c1ccccc1)C1CCCC[NH2+]1,0
1423,Drug 1429,COC(=O)c1ccccc1O,0
1424,Drug 1430,COC(=O)CCC(=O)C[NH3+],0
1425,Drug 1431,COC(=O)Nc1nc2cc(C(=O)c3ccccc3)ccc2[nH]1,0
1426,Drug 1432,COc1cc2ncnc(Nc3ccc(F)c(Cl)c3)c2cc1OCCCN1CCOCC1,1
1427,Drug 1433,COc1ncnc([N-]S(=O)(=O)c2ccc(N)cc2)c1OC,0
1428,Drug 1434,COc1c(N2C[C@@H]3CCC[NH2+][C@@H]3C2)c(F)cc2c(=O)c(C(=O)[O-])cn(C3CC3)c12,0
1429,Drug 1435,COc1c2occc2cc2ccc(=O)oc12,0
1430,Drug 1436,COc1nc(N)nc2c1ncn2[C@@H]1O[C@H](CO)[C@@H](O)[C@@H]1O,0
1431,Drug 1437,COc1cc(N)c(Cl)cc1C(=O)NC1CC[NH+](CCCOc2ccc(F)cc2)CC1OC,0
1433,Drug 1439,COc1cc([C@@H]2c3cc4c(cc3[C@H](O)[C@H]3COC(=O)[C@H]23)OCO4)cc(OC)c1OC,0
1435,Drug 1441,COc1cc(Cc2cnc(N)nc2N)cc(OC)c1OC,0
1436,Drug 1442,COC1=CC(=O)OC(/C=C/C2=CCCC=C2)C1,1
1437,Drug 1443,COc1cc2c(cc1OC)C(=O)C(CC1CC[NH+](Cc3ccccc3)CC1)C2,0
1438,Drug 1444,COc1cc2nc(N3CCN(C(=O)C4CCCO4)CC3)nc(N)c2cc1OC,0
1439,Drug 1445,COc1cc2nc(N3CCN(C(=O)C4COc5ccccc5O4)CC3)nc(N)c2cc1OC,0
1440,Drug 1446,COc1cc2ncnc(Nc3ccc(F)c(Cl)c3)c2cc1OCCC[NH+]1CCOCC1,0
1441,Drug 1447,COc1ccc(OC)c(C(O)CNC(=O)C[NH3+])c1,0
1442,Drug 1448,COc1ccc(C(=O)c2ccccc2)c(O)c1,0
1443,Drug 1449,COc1ccc(C(Cl)=C(c2ccc(OC)cc2)c2ccc(OC)cc2)cc1,0
1444,Drug 1450,COc1ccc(C2C(=O)c3ccccc3C2=O)cc1,0
1445,Drug 1451,COc1ccc(O)cc1,0
1446,Drug 1452,COc1ccc(Cl)cc1C(=O)NCCc1ccc(S(=O)(=O)[N-]C(=O)NC2CCCCC2)cc1,0
1447,Drug 1453,COc1ccc(-c2ccc3cc(C(=O)[O-])ccc3c2)cc1C12CC3CC(CC(C3)C1)C2,0
1450,Drug 1456,C=C[C@H]1C[NH+]2CC[C@H]1C[C@@H]2[C@@H](O)c1ccnc2ccc(OC)cc12,0
1451,Drug 1457,C=C[C@H]1C[NH+]2CC[C@H]1C[C@H]2[C@H](O)c1ccnc2ccc(OC)cc12,0
1452,Drug 1458,COc1ccccc1OCC(O)CO,0
1453,Drug 1459,COc1ccccc1OCC(O)COC(N)=O,0
1454,Drug 1460,COc1ccccc1OCC[NH2+]CC(O)COc1cccc2[nH]c3ccccc3c12,0
1455,Drug 1461,COc1ccnc(CS(=O)c2nc3ccc(OC(F)F)cc3[nH]2)c1OC,0
1456,Drug 1462,COc1cnc([N-]S(=O)(=O)c2ccc(N)cc2)nc1,0
1457,Drug 1463,COCCCC/C(=N\OCC[NH3+])c1ccc(C(F)(F)F)cc1,0
1458,Drug 1464,COCCNC(=O)CN(CCN(CC[NH+](CC(=O)[O-])CC(=O)NCCOC)CC(=O)[O-])CC(=O)[O-],0
1459,Drug 1465,COCCO,0
1460,Drug 1466,C#Cc1cccc(Nc2ncnc3cc(OCCOC)c(OCCOC)cc23)c1,1
1461,Drug 1467,C#Cc1cccc(Nc2ncnc3cc(OCCOC)c(OCCOC)cc23)c1.Cl,1
1462,Drug 1468,C#Cc1cccc(Nc2ncnc3cc(OCCOC)c(OCCOC)cc23)c1,0
1463,Drug 1469,CS(=O)(=O)c1ccc(C2=C(c3ccccc3)C(=O)OC2)cc1,0
1464,Drug 1470,CS(=O)(=O)CCNCc1ccc(-c2ccc3ncnc(Nc4ccc(OCc5cccc(F)c5)c(Cl)c4)c3c2)o1,1
1465,Drug 1471,CS(=O)(=O)CCNCc1ccc(-c2ccc3ncnc(Nc4ccc(OCc5cccc(F)c5)c(Cl)c4)c3c2)o1,0
1466,Drug 1472,CS(=O)(=O)O.Nc1ncnc2c1ncn2CCOC[P@@]1(=O)OCC[C@@H](c2cccc(Cl)c2)O1,1
1467,Drug 1473,CS(C)=O,0
1468,Drug 1474,II,0
1469,Drug 1475,O=N[O-],0
1470,Drug 1476,O1[As]2O[As]1O2,0
1471,Drug 1477,O=[32P]([O-])([O-])O,0
1472,Drug 1478,O=[Al]O[Al]=O,0
1473,Drug 1479,O=[Si](O)O,0
1474,Drug 1480,O=[Ti]=O,0
1475,Drug 1481,O=[Zn],0
1476,Drug 1482,[O-][Cl+3]([O-])([O-])O,0
1477,Drug 1483,S=[Se]=S,0
