,Drug_ID,SMILES,CYP2D6_Substrate_CarbonMangels
0,abacavir,Nc1nc(NC2CC2)c2ncn([C@H]3C=C[C@@H](CO)C3)c2n1,0
1,abecarnil,COCc1c(C(=O)OC(C)C)ncc2[nH]c3ccc(OCc4ccccc4)cc3c12,0
2,abiraterone,C[C@]12CC[C@H]3[C@@H](CC=C4C[C@@H](O)CC[C@@]43C)[C@@H]1CC=C2c1cccnc1,0
3,acebutolol,CCCC(=O)Nc1ccc(OC[C@@H](O)CNC(C)C)c(C(C)=O)c1,0
4,aceclofenac,O=C(O)COC(=O)Cc1ccccc1Nc1c(Cl)cccc1Cl,0
5,acenocoumarol,CC(=O)C[C@@H](c1ccc([N+](=O)[O-])cc1)c1c(O)c2ccccc2oc1=O,0
6,acetylsalicylic-acid,CC(=O)Oc1ccccc1C(=O)O,0
7,acetaminophen,CC(=O)Nc1ccc(O)cc1,1
8,acetanilide,CC(=O)Nc1ccccc1,0
9,acetazolamide,CC(=O)Nc1nnc(S(N)(=O)=O)s1,0
10,acetone,CC(C)=O,0
11,adinazolam,CN(C)Cc1nnc2n1-c1ccc(Cl)cc1C(c1ccccc1)=NC2,0
12,albendazole,CCCSc1ccc2nc(NC(=O)OC)[nH]c2c1,1
13,albuterol,CC(C)(C)NC[C@@H](O)c1ccc(O)c(CO)c1,0
14,alfentanil,CCC(=O)N(c1ccccc1)C1(COC)CCN(CCn2nnn(CC)c2=O)CC1,0
15,almotriptan,CN(C)CCc1c[nH]c2ccc(CS(=O)(=O)N3CCCC3)cc12,1
16,alosetron,Cc1[nH]cnc1CN1CCc2c(c3ccccc3n2C)C1=O,0
17,alpidem,CCCN(CCC)C(=O)Cc1c(-c2ccc(Cl)cc2)nc2ccc(Cl)cn12,0
18,alprazolam,Cc1nnc2n1-c1ccc(Cl)cc1C(c1ccccc1)=NC2,0
19,alprenolol,C=CCc1ccccc1OC[C@@H](O)CNC(C)C,1
20,ambroxol,Nc1c(Br)cc(Br)cc1CNC1CCC(O)CC1,0
21,aminoglutethimide,CC[C@]1(c2ccc(N)cc2)CCC(=O)NC1=O,0
22,amiflamine,Cc1cc(N(C)C)ccc1C[C@H](C)N,1
23,amifloxacin,CNn1cc(C(=O)O)c(=O)c2cc(F)c(N3CCN(C)CC3)cc21,0
24,amiodarone,CCCCc1oc2ccccc2c1C(=O)c1cc(I)c(OCCN(CC)CC)c(I)c1,1
25,aminopyrine,Cc1c(N(C)C)c(=O)n(-c2ccccc2)n1C,1
26,amitriptyline,CN(C)CCC=C1c2ccccc2CCc2ccccc21,1
27,amlodipine,CCOC(=O)C1=C(COCCN)NC(C)=C(C(=O)OC)[C@@H]1c1ccccc1Cl,0
28,amodiaquin,CCN(CC)Cc1cc(Nc2ccnc3cc(Cl)ccc23)ccc1O,1
29,amoxapine,Clc1ccc2c(c1)C(N1CCNCC1)=Nc1ccccc1O2,1
30,amphetamine,C[C@H](N)Cc1ccccc1,1
31,amprenavir,CC(C)CN(C[C@@H](O)[C@H](Cc1ccccc1)NC(=O)O[C@H]1CCOC1)S(=O)(=O)c1ccc(N)cc1,1
32,anastrozole,CC(C)(C#N)c1cc(Cn2cncn2)cc(C(C)(C)C#N)c1,0
33,aniline,Nc1ccccc1,0
34,anthraquinone,O=C1c2ccccc2C(=O)c2ccccc21,0
35,antipyrine,Cc1cc(=O)n(-c2ccccc2)n1C,0
36,apazone,CCC[C@H]1C(=O)N2C(N(C)C)=Nc3ccc(C)cc3N2C1=O,0
37,R-(-)-apomorphine,CN1CCc2cccc3c2[C@@H]1Cc1ccc(O)c(O)c1-3,0
38,aprepitant,C[C@@H](O[C@H]1OCCN(Cc2n[nH]c(=O)[nH]2)[C@H]1c1ccc(F)cc1)c1cc(C(F)(F)F)cc(C(F)(F)F)c1,0
39,aprindine,CCN(CC)CCCN(c1ccccc1)C1Cc2ccccc2C1,1
40,aranidipine,COC(=O)C1=C(C)NC(C)=C(C(=O)OCC(C)=O)[C@@H]1c1ccccc1[N+](=O)[O-],0
41,argatroban,C[C@H]1CCN(C(=O)[C@H](CCCN=C(N)N)NS(=O)(=O)c2ccc3c(c2)C[C@@H](C)CN3)[C@@H](C(=O)O)C1,0
42,aripiprazole,O=C1CCc2ccc(OCCCCN3CCN(c4cccc(Cl)c4Cl)CC3)cc2N1,1
43,artemisinin,C[C@@H]1CC[C@H]2[C@@H](C)C(=O)O[C@@H]3O[C@@]4(C)CC[C@@H]1[C@]32OO4,1
44,artesunate,C[C@@H]1CC[C@H]2[C@@H](C)[C@@H](OC(=O)CCC(=O)O)O[C@@H]3O[C@@]4(C)CC[C@@H]1[C@@]23OO4,0
45,astemizole,COc1ccc(CCN2CCC(Nc3nc4ccccc4n3Cc3ccc(F)cc3)CC2)cc1,1
46,atamestane,CC1=CC(=O)C=C2CC[C@H]3[C@@H]4CCC(=O)[C@@]4(C)CC[C@@H]3[C@@]12C,0
48,atorvastatin,CC(C)c1c(C(=O)Nc2ccccc2)c(-c2ccccc2)c(-c2ccc(F)cc2)n1CC[C@@H](O)C[C@@H](O)CC(=O)O,0
49,atovaquone,O=C1C(=O)c2ccccc2C(O)=C1C1CCC(c2ccc(Cl)cc2)CC1,0
50,avasimibe,CC(C)c1cc(C(C)C)c(CC(=O)NS(=O)(=O)Oc2c(C(C)C)cccc2C(C)C)c(C(C)C)c1,0
51,avitriptan,CNS(=O)(=O)Cc1ccc2[nH]cc(CCCN3CCN(c4ncncc4OC)CC3)c2c1,1
52,azacylonol,OC(c1ccccc1)(c1ccccc1)C1CCNCC1,0
53,azamulin,CC[C@]1(C)C[C@@H](OC(=O)CSc2n[nH]c(N)n2)[C@]2(C)[C@@H](C)CC[C@]3(CCC(=O)[C@H]32)[C@@H](C)[C@@H]1O,0
54,azatadine,CN1CCC(=C2c3ccccc3CCc3cccnc32)CC1,0
55,azelastine,CN1CCC[C@H](n2nc(Cc3ccc(Cl)cc3)c3ccccc3c2=O)CC1,1
56,azimilide,CN1CCN(CCCCN2C(=O)CN(/N=C\c3ccc(-c4ccc(Cl)cc4)o3)C2=O)CC1,0
58,barnidipine,COC(=O)C1=C(C)NC(C)=C(C(=O)O[C@H]2CCN(Cc3ccccc3)C2)[C@H]1c1cccc([N+](=O)[O-])c1,0
59,beclomethasone,C[C@H]1C[C@H]2[C@@H]3CCC4=CC(=O)C=C[C@]4(C)[C@@]3(Cl)[C@@H](O)C[C@]2(C)[C@@]1(O)C(=O)CO,0
60,benidipine,COC(=O)C1=C(C)NC(C)=C(C(=O)O[C@@H]2CCCN(Cc3ccccc3)C2)[C@@H]1c1cccc([N+](=O)[O-])c1,0
61,benzene,c1ccccc1,0
62,benzphetamine,C[C@@H](Cc1ccccc1)N(C)Cc1ccccc1,0
63,benzydamine,CN(C)CCCOc1nn(Cc2ccccc2)c2ccccc12,1
64,bepridil,CC(C)COC[C@@H](CN(Cc1ccccc1)c1ccccc1)N1CCCC1,0
65,betamethasone,C[C@H]1C[C@H]2[C@@H]3CCC4=CC(=O)C=C[C@]4(C)[C@@]3(F)[C@@H](O)C[C@]2(C)[C@@]1(O)C(=O)CO,0
66,betaxolol,CC(C)NC[C@H](O)COc1ccc(CCOCC2CC2)cc1,1
67,bexarotene,C=C(c1ccc(C(=O)O)cc1)c1cc2c(cc1C)C(C)(C)CCC2(C)C,0
68,bezafibrate,CC(C)(Oc1ccc(CCNC(=O)c2ccc(Cl)cc2)cc1)C(=O)O,0
69,bifluranol,CC[C@@H](c1ccc(O)c(F)c1)[C@H](C)c1ccc(O)c(F)c1,0
70,bifonazol,c1ccc(-c2ccc([C@@H](c3ccccc3)n3ccnc3)cc2)cc1,0
71,biperiden,O[C@@](CCN1CCCCC1)(c1ccccc1)[C@@H]1C[C@@H]2C=C[C@H]1C2,0
72,bisoprolol,CC(C)NC[C@H](O)COc1ccc(COCCOC(C)C)cc1,1
73,benzbromarone,CCc1oc2ccccc2c1C(=O)c1cc(Br)c(O)c(Br)c1,0
74,boldenone,C[C@]12C=CC(=O)C=C1CC[C@@H]1[C@@H]2CC[C@]2(C)[C@@H](O)CC[C@@H]12,0
75,bortezomib,CC(C)C[C@@H](NC(=O)[C@@H](Cc1ccccc1)NC(=O)c1cnccn1)B(O)O,1
76,bosentan,COc1ccccc1Oc1c(NS(=O)(=O)c2ccc(C(C)(C)C)cc2)nc(-c2ncccn2)nc1OCCO,0
77,brinzolamide,CCN[C@H]1CN(CCCOC)S(=O)(=O)c2sc(S(N)(=O)=O)cc21,0
78,brofaromine,COc1cc(Br)c2oc(C3CCNCC3)cc2c1,1
79,bromazepam,O=C1CN=C(c2ccccn2)c2cc(Br)ccc2N1,0
81,bromperidol,O=C(CCCN1CCC(O)(c2ccc(Br)cc2)CC1)c1ccc(F)cc1,1
82,bropirimine,Nc1nc(=O)c(Br)c(-c2ccccc2)[nH]1,0
83,brotizolam,Cc1nnc2n1-c1sc(Br)cc1C(c1ccccc1Cl)=NC2,0
84,budesonide,CCC[C@H]1O[C@@H]2C[C@H]3[C@@H]4CCC5=CC(=O)C=C[C@]5(C)[C@H]4[C@@H](O)C[C@]3(C)[C@]2(C(=O)CO)O1,0
85,budipine,CC(C)(C)N1CCC(c2ccccc2)(c2ccccc2)CC1,0
86,buflomedil,COc1cc(OC)c(C(=O)CCCN2CCCC2)c(OC)c1,1
87,(R)(+)-bufuralol,CCc1cccc2cc([C@H](O)CNC(C)(C)C)oc12,1
88,bunitrolol,CC(C)(C)NC[C@H](O)COc1ccccc1C#N,1
89,bupivacaine,CCCCN1CCCC[C@H]1C(=O)Nc1c(C)cccc1C,1
90,bupranolol,Cc1ccc(Cl)c(OC[C@@H](O)CNC(C)(C)C)c1,1
91,buprenorphine,CO[C@]12CC[C@@]3(C[C@@H]1[C@](C)(O)C(C)(C)C)[C@H]1Cc4ccc(O)c5c4[C@@]3(CCN1CC1CC1)[C@@H]2O5,1
92,bupropion,C[C@@H](NC(C)(C)C)C(=O)c1cccc(Cl)c1,0
93,buspirone,O=C1CC2(CCCC2)CC(=O)N1CCCCN1CCN(c2ncccn2)CC1,1
94,busufan,CS(=O)(=O)OCCCCOS(C)(=O)=O,0
95,caffeine,Cn1c(=O)c2c(ncn2C)n(C)c1=O,1
96,candesartan,CCOc1nc2cccc(C(=O)O)c2n1Cc1ccc(-c2ccccc2-c2nnn[nH]2)cc1,0
97,capravirine,CC(C)c1nc(COC(N)=O)n(Cc2ccncc2)c1Sc1cc(Cl)cc(Cl)c1,0
98,captopril,C[C@H](CS)C(=O)N1CCC[C@H]1C(=O)O,1
99,carbamazepine,NC(=O)N1c2ccccc2C=Cc2ccccc21,1
100,carbaryl,CNC(=O)Oc1cccc2ccccc12,1
101,carbimazole,CCOC(=O)n1ccn(C)c1=S,0
102,carisoprodol,CCC[C@@](C)(COC(N)=O)COC(=O)NC(C)C,0
103,carteolol,CC(C)(C)NC[C@H](O)COc1cccc2c1CCC(=O)N2,1
104,carvedilol,COc1ccccc1OCCNC[C@H](O)COc1cccc2[nH]c3ccccc3c12,1
105,cathinone,C[C@H](N)C(=O)c1ccccc1,0
106,celecoxib,Cc1ccc(-c2cc(C(F)(F)F)nn2-c2ccc(S(N)(=O)=O)cc2)cc1,1
107,cerivastatin,COCc1c(C(C)C)nc(C(C)C)c(/C=C\[C@@H](O)C[C@@H](O)CC(=O)O)c1-c1ccc(F)cc1,0
108,cetirizine,O=C(O)COCCN1CCN([C@H](c2ccccc2)c2ccc(Cl)cc2)CC1,0
109,cevimeline,C[C@H]1O[C@]2(CS1)CN1CCC2CC1,1
110,chenodiol,C[C@H](CCC(=O)O)[C@H]1CC[C@H]2[C@H]3[C@H](CC[C@@]21C)[C@@]1(C)CC[C@@H](O)C[C@@H]1C[C@H]3O,0
111,chlorguanide,CC(C)/N=C(N)\N=C(/N)Nc1ccc(Cl)cc1,0
112,chloroform,ClC(Cl)Cl,1
113,chloroquine,CCN(CC)CCC[C@H](C)Nc1ccnc2cc(Cl)ccc12,1
114,chlorzoxazone,Oc1nc2cc(Cl)ccc2o1,1
115,chlorpheniramine,CN(C)CC[C@H](c1ccc(Cl)cc1)c1ccccn1,1
116,chlorpyrifos,CCOP(=S)(OCC)Oc1nc(Cl)c(Cl)cc1Cl,1
117,chloral-hydrate,OC(O)C(Cl)(Cl)Cl,0
118,chloramphenicol,O=C(N[C@H](CO)[C@H](O)c1ccc([N+](=O)[O-])cc1)C(Cl)Cl,0
119,cholecalciferol,C=C1CC[C@H](O)C/C1=C/C=C1\CCC[C@@]2(C)[C@H]1CC[C@@H]2[C@H](C)CCCC(C)C,0
120,cifenline,c1ccc(C2(c3ccccc3)C[C@H]2C2=NCCN2)cc1,1
121,cilnidipine,COCCOC(=O)C1=C(C)NC(C)=C(C(=O)OC/C=C/c2ccccc2)[C@H]1c1cccc([N+](=O)[O-])c1,0
122,cimetidine,CN/C(=N\C#N)NCCSCc1nc[nH]c1C,0
123,cinnarizine,C(=C/c1ccccc1)\CN1CCN(C(c2ccccc2)c2ccccc2)CC1,1
124,ciprofloxacin,O=C(O)c1cn(C2CC2)c2cc(N3CCNCC3)c(F)cc2c1=O,0
125,ciprofibrate,CC(C)(Oc1ccc([C@@H]2CC2(Cl)Cl)cc1)C(=O)O,0
126,cisapride,COc1cc(N)c(Cl)cc1C(=O)N[C@H]1CCN(CCCOc2ccc(F)cc2)C[C@H]1OC,1
127,citalopram,CN(C)CCC[C@@]1(c2ccc(F)cc2)OCc2cc(C#N)ccc21,1
129,chlordiazepoxide,CNC1=Nc2ccc(Cl)cc2C(c2ccccc2)=[N+]([O-])C1,0
130,clemastine,CN1CCC[C@@H]1CCO[C@](C)(c1ccccc1)c1ccc(Cl)cc1,0
131,clindamycin,CCC[C@@H]1C[C@H](C(=O)N[C@H]([C@H](C)Cl)[C@H]2O[C@H](SC)[C@H](O)[C@@H](O)[C@H]2O)N(C)C1,0
132,clofazimine,CC(C)/N=c1/cc2n(-c3ccc(Cl)cc3)c3ccccc3nc-2cc1Nc1ccc(Cl)cc1,0
133,clofibric-acid,CC(C)(Oc1ccc(Cl)cc1)C(=O)O,0
134,clofibrate,CCOC(=O)C(C)(C)Oc1ccc(Cl)cc1,0
135,clomethiazole,Cc1ncsc1CCCl,0
136,clomipramine,CN(C)CCCN1c2ccccc2CCc2ccc(Cl)cc21,1
137,clonazepam,O=C1CN=C(c2ccccc2Cl)c2cc([N+](=O)[O-])ccc2N1,0
138,clopentixol,OCCN1CCN(CC/C=C2/c3ccccc3Sc3ccc(Cl)cc32)CC1,1
139,clopidogrel,COC(=O)[C@H](c1ccccc1Cl)N1CCc2sccc2C1,0
140,clotrimazole,Clc1ccccc1C(c1ccccc1)(c1ccccc1)n1ccnc1,0
141,clozapine,CN1CCN(C2=Nc3cc(Cl)ccc3Nc3ccccc32)CC1,1
142,chlorpromazine,CN(C)CCCN1c2ccccc2Sc2ccc(Cl)cc21,1
143,cocaine,COC(=O)[C@H]1[C@@H](OC(=O)c2ccccc2)C[C@@H]2CC[C@H]1N2C,0
144,codeine,COc1ccc2c3c1O[C@H]1[C@@H](O)C=C[C@H]4[C@@H](C2)N(C)CC[C@]314,1
145,colchicine,COc1cc2c(c(OC)c1OC)-c1ccc(OC)c(=O)cc1[C@@H](NC(C)=O)CC2,0
146,corticosterone,C[C@]12C[C@H](O)[C@H]3[C@@H](CCC4=CC(=O)CC[C@@]43C)[C@@H]1CC[C@@H]2C(=O)CO,0
147,cortsione,C[C@]12CC(=O)[C@H]3[C@@H](CCC4=CC(=O)CC[C@@]43C)[C@@H]1CC[C@]2(O)C(=O)CO,0
148,(-)-cotinine,CN1C(=O)CC[C@H]1c1cccnc1,0
149,coumarin,O=c1ccc2ccccc2o1,0
150,cyclobenzaprine,CN(C)CCC=C1c2ccccc2C=Cc2ccccc21,1
151,cyclophosphamide,O=[P@]1(N(CCCl)CCCl)NCCCO1,1
152,cyproterone,CC(=O)[C@@]1(O)CC[C@H]2[C@@H]3C=C(Cl)C4=CC(=O)[C@@H]5C[C@@H]5[C@]4(C)[C@H]3CC[C@@]21C,0
153,dacarbazine,CN(C)/N=N\c1[nH]cnc1C(N)=O,0
155,danazol,C#C[C@]1(O)CC[C@H]2[C@@H]3CCC4=Cc5oncc5C[C@]4(C)[C@H]3CC[C@@]21C,0
156,dantrolene,O=C1CN(/N=C\c2ccc(-c3ccc([N+](=O)[O-])cc3)o2)C(=O)N1,0
157,dapsone,Nc1ccc(S(=O)(=O)c2ccc(N)cc2)cc1,1
158,daunorubicine,COc1cccc2c1C(=O)c1c(O)c3c(c(O)c1C2=O)C[C@@](O)(C(C)=O)C[C@@H]3O[C@H]1C[C@H](N)[C@H](O)[C@H](C)O1,0
159,dazoxiben,O=C(O)c1ccc(OCCn2ccnc2)cc1,0
160,debrisoquin,N=C(N)N1CCc2ccccc2C1,1
161,delapril,CCOC(=O)[C@H](CCc1ccccc1)N[C@@H](C)C(=O)N(CC(=O)O)C1Cc2ccccc2C1,0
162,delavirdine,CC(C)Nc1cccnc1N1CCN(C(=O)c2cc3cc(NS(C)(=O)=O)ccc3[nH]2)CC1,1
163,demethylcitalopram,CNCCC[C@@]1(c2ccc(F)cc2)OCc2cc(C#N)ccc21,1
164,desipramine,CNCCCN1c2ccccc2CCc2ccccc21,1
165,desloratadine,Clc1ccc2c(c1)CCc1cccnc1C2=C1CCNCC1,0
166,desogestrel,C#C[C@]1(O)CC[C@H]2[C@@H]3CCC4=CCCC[C@@H]4[C@H]3C(=C)C[C@@]21CC,0
167,dexamethasone,C[C@@H]1C[C@H]2[C@@H]3CCC4=CC(=O)C=C[C@]4(C)[C@@]3(F)[C@@H](O)C[C@]2(C)[C@@]1(O)C(=O)CO,0
168,dexloxiglumide,CCCCCN(CCCOC)C(=O)[C@@H](CCC(=O)O)NC(=O)c1ccc(Cl)c(Cl)c1,0
169,dexmedetomidine,Cc1cccc([C@H](C)c2c[nH]cn2)c1C,0
170,dextromethorphan,COc1ccc2c(c1)[C@@]13CCCC[C@H]1[C@@H](C2)N(C)CC3,1
171,diazepam,CN1C(=O)CN=C(c2ccccc2)c2cc(Cl)ccc21,0
172,diclofenac,O=C(O)Cc1ccccc1Nc1c(Cl)cccc1Cl,0
173,dicumarol,O=c1oc2ccccc2c(O)c1Cc1c(O)c2ccccc2oc1=O,0
174,dieldrin,ClC1=C(Cl)[C@]2(Cl)[C@@H]3[C@@H]4C[C@H]([C@@H]3[C@@]1(Cl)C2(Cl)Cl)[C@H]1O[C@@H]41,0
175,diethylcarbamazine,CCN(CC)C(=O)N1CCN(C)CC1,0
176,diethylstilbestrol,CC/C(=C(\CC)c1ccc(O)cc1)c1ccc(O)cc1,0
177,difloxacin,CN1CCN(c2cc3c(cc2F)c(=O)c(C(=O)O)cn3-c2ccc(F)cc2)CC1,0
180,dihydrocodeine,COc1ccc2c3c1O[C@H]1[C@@H](O)CC[C@H]4[C@@H](C2)N(C)CC[C@]314,1
181,dihydralazine,NNc1nnc(NN)c2ccccc12,0
183,diltiazem,COc1ccc([C@@H]2Sc3ccccc3N(CCN(C)C)C(=O)[C@@H]2OC(C)=O)cc1,1
185,diphenhydramine,CN(C)CCOC(c1ccccc1)c1ccccc1,1
186,diprafenone,CCC(C)(C)NC[C@H](O)COc1ccccc1C(=O)CCc1ccccc1,1
188,disopyramide,CC(C)N(CC[C@@](C(N)=O)(c1ccccc1)c1ccccn1)C(C)C,0
189,disulfamide,Cc1cc(Cl)c(S(N)(=O)=O)cc1S(N)(=O)=O,0
190,disulfiram,CCN(CC)C(=S)SSC(=S)N(CC)CC,0
191,dimethyl-suldoxide,CS(C)=O,0
192,dofetilide,CN(CCOc1ccc(NS(C)(=O)=O)cc1)CCc1ccc(NS(C)(=O)=O)cc1,0
193,dolasetron,O=C(OC1C[C@@H]2CC3C[C@H](C1)N2CC3=O)c1c[nH]c2ccccc12,1
194,domperidone,O=c1[nH]c2ccccc2n1CCCN1CCC(n2c(=O)[nH]c3cc(Cl)ccc32)CC1,0
195,donepezil,COc1cc2c(cc1OC)C(=O)[C@H](CC1CCN(Cc3ccccc3)CC1)C2,1
196,dorzolamide,CCN[C@H]1C[C@H](C)S(=O)(=O)c2sc(S(N)(=O)=O)cc21,0
197,doxepin,CN(C)CC/C=C1/c2ccccc2COc2ccccc21,1
198,doxorubicine,COc1cccc2c1C(=O)c1c(O)c3c(c(O)c1C2=O)C[C@@](O)(C(=O)CO)C[C@@H]3O[C@H]1C[C@H](N)[C@H](O)[C@H](C)O1,0
199,doxycycline,C[C@H]1c2cccc(O)c2C(=O)C2=C(O)[C@]3(O)C(=O)C(C(N)=O)=C(O)[C@@H](N(C)C)[C@@H]3[C@@H](O)[C@@H]21,0
200,drospirenone,C[C@]12CC[C@H]3[C@H]([C@@H]1[C@@H]1C[C@@H]1[C@@]21CCC(=O)O1)[C@H]1C[C@H]1C1=CC(=O)CC[C@@]13C,0
201,dutasteride,C[C@]12CC[C@H]3[C@@H](CC[C@H]4NC(=O)C=C[C@]34C)[C@@H]1CC[C@@H]2C(=O)Nc1cc(C(F)(F)F)ccc1C(F)(F)F,0
202,ebastine,CC(C)(C)c1ccc(C(=O)CCCN2CCC(OC(c3ccccc3)c3ccccc3)CC2)cc1,0
203,ebrotidine,NC(N)=Nc1nc(CSCC/N=C/NS(=O)(=O)c2ccc(Br)cc2)cs1,0
204,ecabapide,CNC(=O)c1cccc(NCC(=O)NCCc2ccc(OC)c(OC)c2)c1,0
205,econazole,Clc1ccc(CO[C@@H](Cn2ccnc2)c2ccc(Cl)cc2Cl)cc1,0
206,efavirenz,O=C1Nc2ccc(Cl)cc2[C@@](C#CC2CC2)(C(F)(F)F)O1,0
207,efonidipine,CC1=C(C(=O)OCCN(Cc2ccccc2)c2ccccc2)[C@H](c2cccc([N+](=O)[O-])c2)C(P2(=O)OCC(C)(C)CO2)=C(C)N1,0
208,eletriptan,CN1CCC[C@@H]1Cc1c[nH]c2ccc(CCS(=O)(=O)c3ccccc3)cc12,0
209,emedastine,CCOCCn1c(N2CCCN(C)CC2)nc2ccccc21,0
210,emivirine,CCOCn1c(Cc2ccccc2)c(C(C)C)c(=O)[nH]c1=O,0
211,enalapril,CCOC(=O)[C@H](CCc1ccccc1)N[C@@H](C)C(=O)N1CCC[C@H]1C(=O)O,0
212,encainide,COc1ccc(C(=O)Nc2ccccc2CC[C@H]2CCCCN2C)cc1,1
213,enflurane,FC(F)OC(F)(F)[C@@H](F)Cl,0
214,enoxacin,CCn1cc(C(=O)O)c(=O)c2cc(F)c(N3CCNCC3)nc21,0
215,entacapone,CCN(CC)C(=O)/C(C#N)=C\c1cc(O)c(O)c([N+](=O)[O-])c1,0
216,epinastine,NC1=NC[C@@H]2c3ccccc3Cc3ccccc3N12,1
217,epinephrine,CNC[C@H](O)c1ccc(O)c(O)c1,0
218,eplerenone,COC(=O)[C@@H]1CC2=CC(=O)CC[C@]2(C)[C@@]23O[C@@H]2C[C@@]2(C)[C@@H](CC[C@@]24CCC(=O)O4)[C@H]13,0
219,eprosartan,CCCCc1ncc(/C=C(/Cc2cccs2)C(=O)O)n1Cc1ccc(C(=O)O)cc1,0
220,ergonovine,C[C@H](CO)NC(=O)[C@@H]1C=C2c3cccc4[nH]cc(c34)C[C@H]2N(C)C1,0
223,estradiole,C[C@]12CC[C@@H]3c4ccc(O)cc4CC[C@H]3[C@@H]1CC[C@@H]2O,1
224,estrone,C[C@]12CC[C@@H]3c4ccc(O)cc4CC[C@H]3[C@@H]1CCC2=O,0
225,ethylbenzene,CCc1ccccc1,0
226,ethinylestradiol,C#C[C@]1(O)CC[C@H]2[C@@H]3CCc4cc(O)ccc4[C@H]3CC[C@@]21C,0
227,ethosuximide,CC[C@]1(C)CC(=O)NC1=O,0
228,ethotoin,CCN1C(=O)N[C@H](c2ccccc2)C1=O,0
229,ethylmorphine,CCOc1ccc2c3c1O[C@H]1[C@@H](O)C=C[C@H]4[C@@H](C2)N(C)CC[C@]314,1
230,ethanol,CCO,0
231,etomidate,CCOC(=O)c1cncn1[C@H](C)c1ccccc1,0
232,etonogestrel,C#C[C@]1(O)CC[C@H]2[C@@H]3CCC4=CC(=O)CC[C@@H]4[C@H]3C(=C)C[C@@]21CC,0
233,etoperidone,CCc1nn(CCCN2CCN(c3cccc(Cl)c3)CC2)c(=O)n1CC,1
235,etroicoxib,Cc1ccc(-c2ncc(Cl)cc2-c2ccc(S(C)(=O)=O)cc2)cn1,1
237,exemestane,C=C1C[C@@H]2[C@H](CC[C@]3(C)C(=O)CC[C@@H]23)[C@@]2(C)C=CC(=O)C=C12,0
238,ezlopitant,COc1ccc(C(C)C)cc1CN[C@H]1C2CCN(CC2)[C@H]1C(c1ccccc1)c1ccccc1,1
239,fadrozole,N#Cc1ccc([C@H]2CCCc3cncn32)cc1,0
240,famotidine,NC(N)=Nc1nc(CSCC/C(N)=N\S(N)(=O)=O)cs1,0
241,felbamate,NC(=O)OCC(COC(N)=O)c1ccccc1,0
242,felodipine,CCOC(=O)C1=C(C)NC(C)=C(C(=O)OC)[C@@H]1c1cccc(Cl)c1Cl,0
243,fenfluramine,CCN[C@H](C)Cc1cccc(C(F)(F)F)c1,1
244,fenobibrate,CC(C)OC(=O)C(C)(C)Oc1ccc(C(=O)c2ccc(Cl)cc2)cc1,0
245,fentanyl,CCC(=O)N(c1ccccc1)C1CCN(CCc2ccccc2)CC1,0
246,fexofenadine,CC(C)(C(=O)O)c1ccc([C@@H](O)CCCN2CCC(C(O)(c3ccccc3)c3ccccc3)CC2)cc1,0
247,finasteride,CC(C)(C)NC(=O)[C@H]1CC[C@H]2[C@@H]3CC[C@H]4NC(=O)C=C[C@]4(C)[C@H]3CC[C@]12C,0
248,flecainide,O=C(NC[C@H]1CCCCN1)c1cc(OCC(F)(F)F)ccc1OCC(F)(F)F,1
249,flosequinan,Cn1cc([S@H](C)=O)c(=O)c2ccc(F)cc21,0
250,floxacillin,Cc1onc(-c2c(F)cccc2Cl)c1C(=O)N[C@@H]1C(=O)N2[C@@H](C(=O)O)C(C)(C)S[C@H]12,0
251,fluconazole,OC(Cn1cncn1)(Cn1cncn1)c1ccc(F)cc1F,0
252,flufenamic-acid,O=C(O)c1ccccc1Nc1cccc(C(F)(F)F)c1,0
253,flunarizine,Fc1ccc(C(c2ccc(F)cc2)N2CCN(C/C=C/c3ccccc3)CC2)cc1,1
254,flunitrazepam,CN1C(=O)CN=C(c2ccccc2F)c2cc([N+](=O)[O-])ccc21,0
255,fluoxetine,CNCC[C@@H](Oc1ccc(C(F)(F)F)cc1)c1ccccc1,1
256,fluparoxan,Fc1cccc2c1O[C@H]1CNC[C@@H]1O2,0
257,fluperlapine,CN1CCN(C2=Nc3cc(F)ccc3Cc3ccccc32)CC1,1
258,fluphenazine,OCCN1CCN(CCCN2c3ccccc3Sc3ccc(C(F)(F)F)cc32)CC1,1
259,fluracil,O=c1[nH]cc(F)c(=O)[nH]1,0
260,flurazepam,CCN(CC)CCN1C(=O)CN=C(c2ccccc2F)c2cc(Cl)ccc21,0
261,flurbiprofen,C[C@@H](C(=O)O)c1ccc(-c2ccccc2)c(F)c1,0
263,flutamide,CC(C)C(=O)Nc1ccc([N+](=O)[O-])c(C(F)(F)F)c1,0
265,fluvastatin,CC(C)n1c(/C=C\[C@@H](O)C[C@@H](O)CC(=O)O)c(-c2ccc(F)cc2)c2ccccc21,1
266,fluvoxamine,COCCCC/C(=N/OCCN)c1ccc(C(F)(F)F)cc1,1
267,fosphenytoin,O=C1NC(c2ccccc2)(c2ccccc2)C(=O)N1COP(=O)(O)O,0
268,fravatriptan,CN[C@@H]1CCc2[nH]c3ccc(C(N)=O)cc3c2C1,0
269,furafylline,Cc1nc2c([nH]1)c(=O)n(C)c(=O)n2Cc1ccco1,0
270,galanthamine,COc1ccc2c3c1O[C@H]1C[C@@H](O)C=C[C@@]31CCN(C)C2,1
271,gallopamil,COc1ccc(CCN(C)CCC[C@@](C#N)(c2cc(OC)c(OC)c(OC)c2)C(C)C)cc1OC,0
272,ganaxolone,CC(=O)[C@H]1CC[C@H]2[C@@H]3CC[C@H]4C[C@](C)(O)CC[C@]4(C)[C@H]3CC[C@]12C,0
273,gatifloxacin,COc1c(N2CCN[C@@H](C)C2)c(F)cc2c(=O)c(C(=O)O)cn(C3CC3)c12,0
274,gemfibrozil,Cc1ccc(C)c(OCCCC(C)(C)C(=O)O)c1,0
275,gepirone,CC1(C)CC(=O)N(CCCCN2CCN(c3ncccn3)CC2)C(=O)C1,1
276,gestodene,C#C[C@]1(O)C=C[C@H]2[C@@H]3CCC4=CC(=O)CC[C@@H]4[C@H]3CC[C@@]21CC,0
277,gliclazide,Cc1ccc(S(=O)(=O)NC(=O)NN2C[C@H]3CCC[C@H]3C2)cc1,0
278,glimepiride,CCC1=C(C)CN(C(=O)NCCc2ccc(S(=O)(=O)NC(=O)NC3CCC(C)CC3)cc2)C1=O,0
279,glipizide,Cc1cnc(C(=O)NCCc2ccc(S(=O)(=O)NC(=O)NC3CCCCC3)cc2)cn1,0
280,glyburide,COc1ccc(Cl)cc1C(=O)NCCc1ccc(S(=O)(=O)NC(=O)NC2CCCCC2)cc1,0
281,granisetron,CN1[C@H]2CCC[C@@H]1CC(NC(=O)c1nn(C)c3ccccc13)C2,0
282,grepafloxacin,Cc1c(F)c(N2CCN[C@H](C)C2)cc2c1c(=O)c(C(=O)O)cn2C1CC1,0
283,griseofulvin,COC1=CC(=O)C[C@@H](C)[C@]12Oc1c(Cl)c(OC)cc(OC)c1C2=O,0
284,guanabenz,N=C(N)N/N=C\c1c(Cl)cccc1Cl,0
285,guanoxan,N=C(N)NC[C@@H]1COc2ccccc2O1,1
286,halofantrine,CCCCN(CCCC)CC[C@H](O)c1cc2c(Cl)cc(Cl)cc2c2cc(C(F)(F)F)ccc12,1
287,haloperidol,O=C(CCCN1CCC(O)(c2ccc(Cl)cc2)CC1)c1ccc(F)cc1,1
288,halothane,FC(F)(F)[C@H](Cl)Br,1
289,hydralazine,NNc1nncc2ccccc12,0
290,hexobarbital,CN1C(=O)[C@@](C)(C2=CCCCC2)C(=O)N=C1O,0
291,homochlorcyclizine,CN1CCCN([C@H](c2ccccc2)c2ccc(Cl)cc2)CC1,0
292,hydroxychloroquine,CCN(CCO)CCC[C@H](C)Nc1ccnc2cc(Cl)ccc12,0
293,hydroquinidine,CC[C@H]1CN2CC[C@H]1C[C@@H]2[C@@H](O)c1ccnc2ccc(OC)cc12,0
294,hydrocodone,COc1ccc2c3c1O[C@H]1C(=O)CC[C@H]4[C@@H](C2)N(C)CC[C@]314,1
295,hydroxyzine,OCCOCCN1CCN([C@H](c2ccccc2)c2ccc(Cl)cc2)CC1,0
296,(-)-ibuprofen,CC(C)Cc1ccc([C@@H](C)C(=O)O)cc1,0
297,ibutilide,CCCCCCCN(CC)CCC[C@@H](O)c1ccc(NS(C)(=O)=O)cc1,0
298,ifosfamide,O=[P@]1(NCCCl)OCCCN1CCCl,0
299,iloperidone,COc1cc(C(C)=O)ccc1OCCCN1CCC(c2noc3cc(F)ccc23)CC1,1
300,imatinib,Cc1ccc(NC(=O)c2ccc(CN3CCN(C)CC3)cc2)cc1Nc1nccc(-c2cccnc2)n1,0
301,imipramine,CN(C)CCCN1c2ccccc2CCc2ccccc21,1
302,imiquimod,CC(C)Cn1cnc2c(N)nc3ccccc3c21,0
303,indinavir,CC(C)(C)NC(=O)[C@@H]1CN(Cc2cccnc2)CCN1C[C@@H](O)C[C@@H](Cc1ccccc1)C(=O)N[C@H]1c2ccccc2C[C@H]1O,1
304,indomethacin,COc1ccc2c(c1)c(CC(=O)O)c(C)n2C(=O)c1ccc(Cl)cc1,0
305,indoramine,O=C(NC1CCN(CCc2c[nH]c3ccccc23)CC1)c1ccccc1,1
306,ipriflavone,CC(C)Oc1ccc2c(=O)c(-c3ccccc3)coc2c1,0
307,irbesartan,CCCCC1=NC2(CCCC2)C(=O)N1Cc1ccc(-c2ccccc2-c2nnn[nH]2)cc1,0
308,irinotecan,CCc1c2c(nc3ccc(OC(=O)N4CCC(N5CCCCC5)CC4)cc13)-c1cc3c(c(=O)n1C2)COC(=O)[C@]3(O)CC,0
309,isbogrel,O=C(O)CCCC/C=C(\c1ccccc1)c1cccnc1,0
310,isoconazole,Clc1ccc([C@@H](Cn2ccnc2)OCc2c(Cl)cccc2Cl)c(Cl)c1,0
311,isoflurane,FC(F)O[C@@H](Cl)C(F)(F)F,0
312,isoniazid,NNC(=O)c1ccncc1,0
313,isosorbide-dinitrate,O=[N+]([O-])O[C@H]1CO[C@H]2[C@@H]1OC[C@H]2O[N+](=O)[O-],0
314,isradipine,COC(=O)C1=C(C)NC(C)=C(C(=O)OC(C)C)[C@H]1c1cccc2nonc12,0
315,itraconazole,CC[C@H](C)n1ncn(-c2ccc(N3CCN(c4ccc(OC[C@H]5CO[C@](Cn6cncn6)(c6ccc(Cl)cc6Cl)O5)cc4)CC3)cc2)c1=O,0
317,ketamine,CN[C@@]1(c2ccccc2Cl)CCCCC1=O,1
318,ketoconazole,CC(=O)N1CCN(c2ccc(OC[C@H]3CO[C@](Cn4ccnc4)(c4ccc(Cl)cc4Cl)O3)cc2)CC1,0
319,ketoprofen,C[C@@H](C(=O)O)c1cccc(C(=O)c2ccccc2)c1,0
320,labetalol,C[C@@H](CCc1ccccc1)NC[C@H](O)c1ccc(O)c(C(N)=O)c1,1
321,lacidipine,CCOC(=O)C1=C(C)NC(C)=C(C(=O)OCC)C1c1ccccc1/C=C\C(=O)OC(C)(C)C,0
322,lansoprazole,Cc1c(OCC(F)(F)F)ccnc1C[S@@H](=O)c1nc2ccccc2[nH]1,0
323,leflunomide,Cc1oncc1C(=O)Nc1ccc(C(F)(F)F)cc1,0
324,lercandipine,COC(=O)C1=C(C)NC(C)=C(C(=O)OC(C)(C)CN(C)CCC(c2ccccc2)c2ccccc2)[C@H]1c1cccc([N+](=O)[O-])c1,0
325,letrozole,N#Cc1ccc(C(c2ccc(C#N)cc2)n2cncn2)cc1,0
326,levobupivacaine,CCCCN1CCCC[C@H]1C(=O)Nc1c(C)cccc1C,0
327,levofloxacin,C[C@H]1COc2c(N3CCN(C)CC3)c(F)cc3c(=O)c(C(=O)O)cn1c23,0
328,liarozol,Clc1cccc([C@H](c2ccc3nc[nH]c3c2)n2ccnc2)c1,0
329,lidocaine,CCN(CC)CC(=O)Nc1c(C)cccc1C,1
330,lilopristone,CN(C)c1ccc([C@H]2C[C@@]3(C)[C@@H](CC[C@@]3(O)/C=C/CO)[C@@H]3CCC4=CC(=O)CCC4=C32)cc1,0
331,linezolid,CC(=O)NC[C@H]1CN(c2ccc(N3CCOCC3)c(F)c2)C(=O)O1,0
332,liothyronine,N[C@@H](Cc1cc(I)c(Oc2ccc(O)c(I)c2)c(I)c1)C(=O)O,0
333,lisofylline,C[C@@H](O)CCCCn1c(=O)c2c(ncn2C)n(C)c1=O,0
334,lisuride,CCN(CC)C(=O)N[C@H]1C=C2c3cccc4[nH]cc(c34)C[C@H]2N(C)C1,1
335,litoxetine,c1ccc2cc(COC3CCNCC3)ccc2c1,0
336,lomefloxacin,CCn1cc(C(=O)O)c(=O)c2cc(F)c(N3CCN[C@H](C)C3)c(F)c21,0
337,lomustine,O=NN(CCCl)C(=O)NC1CCCCC1,0
338,lopinavir,Cc1cccc(C)c1OCC(=O)N[C@@H](Cc1ccccc1)[C@@H](O)C[C@H](Cc1ccccc1)NC(=O)[C@H](C(C)C)N1CCCNC1=O,0
339,loratadine,CCOC(=O)N1CCC(=C2c3ccc(Cl)cc3CCc3cccnc32)CC1,1
340,lornoxicam,CN1C(C(=O)Nc2ccccn2)=C(O)c2sc(Cl)cc2S1(=O)=O,0
341,losartan,CCCCc1nc(Cl)c(CO)n1Cc1ccc(-c2ccccc2-c2nnn[nH]2)cc1,0
342,losigamone,COC1=CC(=O)O[C@H]1[C@H](O)c1ccccc1Cl,0
343,lovastatin,CC[C@H](C)C(=O)O[C@H]1C[C@@H](C)C=C2C=C[C@H](C)[C@H](CC[C@@H]3C[C@@H](O)CC(=O)O3)[C@H]21,0
344,lumefantrine,CCCCN(CCCC)C[C@@H](O)c1cc(Cl)cc2c1-c1ccc(Cl)cc1/C2=C\c1ccc(Cl)cc1,0
345,malthion,CCOC(=O)C[C@@H](SP(=S)(OC)OC)C(=O)OCC,0
346,manidipine,COC(=O)C1=C(C)NC(C)=C(C(=O)OCCN2CCN(C(c3ccccc3)c3ccccc3)CC2)[C@H]1c1cccc([N+](=O)[O-])c1,0
347,maprotiline,CNCCCC12CCC(c3ccccc31)c1ccccc12,1
348,mebendazole,COC(=O)Nc1nc2cc(C(=O)c3ccccc3)ccc2[nH]1,0
349,medazepam,CN1CCN=C(c2ccccc2)c2cc(Cl)ccc21,0
350,medifoxamine,CN(C)CC(Oc1ccccc1)Oc1ccccc1,0
351,medroxyprogesterone,CC(=O)[C@@]1(O)CC[C@H]2[C@@H]3C[C@H](C)C4=CC(=O)CC[C@]4(C)[C@H]3CC[C@@]21C,0
352,mefenamic-acid,Cc1cccc(Nc2ccccc2C(=O)O)c1C,0
353,mefloquine,O[C@@H](c1cc(C(F)(F)F)nc2c(C(F)(F)F)cccc12)[C@H]1CCCCN1,0
354,meloxicam,Cc1cnc(NC(=O)C2=C(O)c3ccccc3S(=O)(=O)N2C)s1,0
355,methoxyflurane,COC(F)(F)C(Cl)Cl,0
356,meperidine,CCOC(=O)C1(c2ccccc2)CCN(C)CC1,1
357,mephenytoin,CC[C@]1(c2ccccc2)NC(=O)N(C)C1=O,0
358,methylphenidate,COC(=O)[C@H](c1ccccc1)[C@H]1CCCCN1,0
359,mephobarbital,CC[C@]1(c2ccccc2)C(=O)NC(=O)N(C)C1=O,0
360,methylprednisolone,C[C@H]1C[C@H]2[C@@H]3CC[C@](O)(C(=O)CO)[C@@]3(C)C[C@H](O)[C@@H]2[C@@]2(C)C=CC(=O)C=C12,0
361,mequitazine,c1ccc2c(c1)Sc1ccccc1N2C[C@H]1CN2CCC1CC2,1
362,mestranol,C#C[C@]1(O)CC[C@H]2[C@@H]3CCc4cc(OC)ccc4[C@H]3CC[C@@]21C,0
363,methamphetamine,CN[C@@H](C)Cc1ccccc1,1
364,methaqualone,Cc1ccccc1-n1c(C)nc2ccccc2c1=O,0
365,methimazole,Cn1ccnc1S,0
366,methiocarb,CNC(=O)Oc1cc(C)c(SC)c(C)c1,1
367,methomyl,CNC(=O)O/N=C(\C)SC,0
368,methoxsalen,COc1c2occc2cc2ccc(=O)oc12,0
369,metoclopramide,CCN(CC)CCNC(=O)c1cc(Cl)c(N)cc1OC,1
370,metoprolol,COCCc1ccc(OC[C@@H](O)CNC(C)C)cc1,1
371,metronidazole,Cc1ncc([N+](=O)[O-])n1CCO,0
372,metyrapone,CC(C)(C(=O)c1cccnc1)c1cccnc1,0
373,mevastatin,CC[C@H](C)C(=O)O[C@H]1CCC=C2C=C[C@H](C)[C@H](CC[C@@H]3C[C@@H](O)CC(=O)O3)[C@H]21,0
374,mexazolam,C[C@@H]1CO[C@]2(c3ccccc3Cl)c3cc(Cl)ccc3NC(=O)CN12,0
375,mexiletine,Cc1cccc(C)c1OC[C@@H](C)N,1
376,mianserin,CN1CCN2c3ccccc3Cc3ccccc3[C@@H]2C1,1
377,mibefradil,COCC(=O)O[C@]1(CCN(C)CCCc2nc3ccccc3[nH]2)CCc2cc(F)ccc2[C@@H]1C(C)C,0
378,miconazole,Clc1ccc(CO[C@@H](Cn2ccnc2)c2ccc(Cl)cc2Cl)c(Cl)c1,0
379,midazolam,Cc1ncc2n1-c1ccc(Cl)cc1C(c1ccccc1F)=NC2,0
380,mifepristone,CC#C[C@]1(O)CC[C@H]2[C@@H]3CCC4=CC(=O)CCC4=C3[C@@H](c3ccc(N(C)C)cc3)C[C@@]21C,0
381,milameline,CO/N=C\C1=CCCN(C)C1,1
382,milnacipran,CCN(CC)C(=O)[C@]1(c2ccccc2)C[C@@H]1CN,0
383,minaprine,Cc1cc(-c2ccccc2)nnc1NCCN1CCOCC1,1
384,minoxidil,Nc1cc(N2CCCCC2)nc(N)[n+]1[O-],0
385,mirtazepine,CN1CCN2c3ccccc3Cc3cccnc3[C@@H]2C1,1
386,mitoxandrone,O=C1c2c(O)ccc(O)c2C(=O)c2c(NCCNCCO)ccc(NCCNCCO)c21,0
387,mizolastine,CN(c1nccc(=O)[nH]1)C1CCN(c2nc3ccccc3n2Cc2ccc(F)cc2)CC1,1
388,moclobemide,O=C(NCCN1CCOCC1)c1ccc(Cl)cc1,0
389,modafinil,NC(=O)C[S@H](=O)C(c1ccccc1)c1ccccc1,0
390,miolindone,CCc1c(C)[nH]c2c1C(=O)[C@@H](CN1CCOCC1)CC2,1
391,montelukast,CC(C)(O)c1ccccc1CC[C@@H](SCC1(CC(=O)O)CC1)c1cccc(/C=C\c2ccc3ccc(Cl)cc3n2)c1,0
392,moricizine,CCOC(=O)Nc1ccc2c(c1)N(C(=O)CCN1CCOCC1)c1ccccc1S2,0
393,morphine,CN1CC[C@]23c4c5ccc(O)c4O[C@H]2[C@@H](O)C=C[C@H]3[C@H]1C5,1
394,mosapride,CCOc1cc(N)c(Cl)cc1C(=O)NC[C@@H]1CN(Cc2ccc(F)cc2)CCO1,0
395,nafcillin,CCOc1ccc2ccccc2c1C(=O)N[C@@H]1C(=O)N2[C@@H](C(=O)O)C(C)(C)S[C@H]12,0
396,nalidixic-acid,CCn1cc(C(=O)O)c(=O)c2ccc(C)nc21,0
397,naproxen,COc1ccc2cc([C@H](C)C(=O)O)ccc2c1,0
398,nateglinide,CC(C)C1CCC(C(=O)N[C@H](Cc2ccccc2)C(=O)O)CC1,0
399,nefazodone,CCc1nn(CCCN2CCN(c3cccc(Cl)c3)CC2)c(=O)n1CCOc1ccccc1,0
400,nefiracetam,Cc1cccc(C)c1NC(=O)CN1CCCC1=O,0
401,nelfinavir,Cc1c(O)cccc1C(=O)N[C@@H](CSc1ccccc1)[C@H](O)CN1C[C@H]2CCCC[C@H]2C[C@H]1C(=O)NC(C)(C)C,1
402,nevirapine,Cc1ccnc2c1NC(=O)c1cccnc1N2C1CC1,1
403,nicardipine,COC(=O)C1=C(C)NC(C)=C(C(=O)OCCN(C)Cc2ccccc2)[C@H]1c1cccc([N+](=O)[O-])c1,1
404,nicotine,CN1CCC[C@H]1c1cccnc1,1
405,nifedipine,COC(=O)C1=C(C)NC(C)=C(C(=O)OC)C1c1ccccc1[N+](=O)[O-],1
406,niludipine,CCCOCCOC(=O)C1=C(C)NC(C)=C(C(=O)OCCOCCC)C1c1cccc([N+](=O)[O-])c1,0
407,nilutamide,CC1(C)NC(=O)N(c2ccc([N+](=O)[O-])c(C(F)(F)F)c2)C1=O,0
408,nilvadipine,COC(=O)C1=C(C#N)NC(C)=C(C(=O)OC(C)C)[C@H]1c1cccc([N+](=O)[O-])c1,0
409,nimodipine,COCCOC(=O)C1=C(C)NC(C)=C(C(=O)OC(C)C)[C@@H]1c1cccc([N+](=O)[O-])c1,0
410,nimorazole,O=[N+]([O-])c1cncn1CCN1CCOCC1,0
411,nisoldipine,COC(=O)C1=C(C)NC(C)=C(C(=O)OCC(C)C)[C@H]1c1ccccc1[N+](=O)[O-],0
412,nitrendipine,CCOC(=O)C1=C(C)NC(C)=C(C(=O)OC)[C@@H]1c1cccc([N+](=O)[O-])c1,0
413,nitroglycerin,O=[N+]([O-])OCC(CO[N+](=O)[O-])O[N+](=O)[O-],0
414,nitrosamine,NN=O,0
415,norlastemizole,Fc1ccc(Cn2c(NC3CCNCC3)nc3ccccc32)cc1,0
416,norcodeine,COc1ccc2c3c1O[C@H]1[C@@H](O)C=C[C@H]4[C@@H](C2)NCC[C@]314,1
417,nordazepam,O=C1CN=C(c2ccccc2)c2cc(Cl)ccc2N1,0
418,norethindrone,C#C[C@]1(O)CC[C@H]2[C@@H]3CCC4=CC(=O)CC[C@@H]4[C@H]3CC[C@@]21C,0
419,norfloxacin,CCn1cc(C(=O)O)c(=O)c2cc(F)c(N3CCNCC3)cc21,0
420,fluoxetine,NCC[C@@H](Oc1ccc(C(F)(F)F)cc1)c1ccccc1,1
421,(-)-norgestrel,C#C[C@]1(O)CC[C@H]2[C@@H]3CCC4=CC(=O)CC[C@@H]4[C@H]3CC[C@@]21CC,0
422,nortriptyline,CNCCC=C1c2ccccc2CCc2ccccc21,1
423,ofloxacin,C[C@H]1COc2c(N3CCN(C)CC3)c(F)cc3c(=O)c(C(=O)O)cn1c23,0
424,olanzapine,Cc1cc2c(s1)Nc1ccccc1N=C2N1CCN(C)CC1,1
425,olopatadine,CN(C)CC/C=C1\c2ccccc2COc2ccc(CC(=O)O)cc21,0
426,oltipraz,Cc1c(-c2cnccn2)ssc1=S,0
427,omapatrilat,O=C(N[C@H]1CCS[C@H]2CCC[C@@H](C(=O)O)N2C1=O)[C@@H](S)Cc1ccccc1,0
428,omeprazole,COc1ccc2nc([S@H](=O)Cc3ncc(C)c(OC)c3C)[nH]c2c1,1
429,onapristone,CN(C)c1ccc([C@H]2C[C@@]3(C)[C@@H](CC[C@]3(O)CCCO)[C@@H]3CCC4=CC(=O)CCC4=C32)cc1,0
430,ondansetron,Cc1nccn1C[C@H]1CCc2c(c3ccccc3n2C)C1=O,1
431,opipramol,OCCN1CCN(CCCN2c3ccccc3C=Cc3ccccc32)CC1,1
432,orphenadrine,Cc1ccccc1[C@H](OCCN(C)C)c1ccccc1,1
433,oxamniquine,CC(C)NC[C@@H]1CCc2cc(CO)c([N+](=O)[O-])cc2N1,0
434,oxcarbazepine,NC(=O)N1c2ccccc2CC(=O)c2ccccc21,0
435,oxiconazole,Clc1ccc(CO/N=C(\Cn2ccnc2)c2ccc(Cl)cc2Cl)c(Cl)c1,0
436,oxodipine,CCOC(=O)C1=C(C)NC(C)=C(C(=O)OC)[C@@H]1c1cccc2c1OCO2,0
437,oxomemazine,C[C@H](CN(C)C)CN1c2ccccc2S(=O)(=O)c2ccccc21,0
438,oxprenolol,C=CCOc1ccccc1OC[C@@H](O)CNC(C)C,0
439,oxycodone,COc1ccc2c3c1O[C@H]1C(=O)CC[C@@]4(O)[C@@H](C2)N(C)CC[C@]314,1
441,pantoprazole,COc1ccnc(C[S@H](=O)c2nc3ccc(OC(F)F)cc3[nH]2)c1OC,0
442,papaverine,COc1ccc(Cc2nccc3cc(OC)c(OC)cc23)cc1OC,1
443,parathion,CCOP(=S)(OCC)Oc1ccc([N+](=O)[O-])cc1,1
444,paraxanthine,Cn1c(=O)[nH]c2ncn(C)c2c1=O,0
445,parecoxib,CCC(=O)NS(=O)(=O)c1ccc(-c2c(-c3ccccc3)noc2C)cc1,0
446,pargyline,C#CCN(C)Cc1ccccc1,0
447,paroxetine,Fc1ccc([C@@H]2CCNC[C@H]2COc2ccc3c(c2)OCO3)cc1,1
448,pefloxacin,CCn1cc(C(=O)O)c(=O)c2cc(F)c(N3CCN(C)CC3)cc21,0
449,penbutolol,CC(C)(C)NC[C@H](O)COc1ccccc1C1CCCC1,1
450,pentamidine,N=C(N)c1ccc(OCCCCCOc2ccc(C(=N)N)cc2)cc1,0
451,pentazocine,CC(C)=CCN1CC[C@]2(C)c3cc(O)ccc3C[C@H]1[C@H]2C,1
452,pentobarbital,CCC[C@@H](C)C1(CC)C(=O)NC(=O)NC1=O,0
453,pentoxifylline,CC(=O)CCCCn1c(=O)c2c(ncn2C)n(C)c1=O,0
454,prgolide,CCCN1C[C@H](CSC)C[C@@H]2c3cccc4[nH]cc(c34)C[C@H]21,0
455,perhexiline,C1CCC(C(C[C@H]2CCCCN2)C2CCCCC2)CC1,1
456,perospirone,O=C1[C@H]2CCCC[C@H]2C(=O)N1CCCCN1CCN(c2nsc3ccccc23)CC1,1
457,perphenazine,OCCN1CCN(CCCN2c3ccccc3Sc3ccc(Cl)cc32)CC1,1
458,phenacetin,CCOc1ccc(NC(C)=O)cc1,1
459,phencyclidine,c1ccc(C2(N3CCCCC3)CCCCC2)cc1,0
460,phenformine,NC(N)=N/C(N)=N/CCc1ccccc1,1
461,phenobarbital,CCC1(c2ccccc2)C(=O)NC(=O)NC1=O,0
462,phenol,Oc1ccccc1,0
463,phenprocoumon,CC[C@H](c1ccccc1)c1c(O)c2ccccc2oc1=O,0
464,phensuximide,CN1C(=O)C[C@@H](c2ccccc2)C1=O,0
465,phenytoin,O=C1NC(=O)C(c2ccccc2)(c2ccccc2)N1,1
466,phenylbutazone,CCCCC1C(=O)N(c2ccccc2)N(c2ccccc2)C1=O,0
467,pilocarpine,CC[C@@H]1C(=O)OC[C@@H]1Cc1cncn1C,0
468,pilsicaine,Cc1cccc(C)c1NC(=O)CC12CCCN1CCC2,0
469,pimobendan,COc1ccc(-c2nc3cc(C4=NNC(=O)C[C@H]4C)ccc3[nH]2)cc1,0
470,pimozide,O=c1[nH]c2ccccc2n1C1CCN(CCCC(c2ccc(F)cc2)c2ccc(F)cc2)CC1,0
471,pinacidil,C[C@H](N/C(=N\C#N)Nc1ccncc1)C(C)(C)C,1
472,pindolol,CC(C)NC[C@H](O)COc1cccc2[nH]ccc12,1
473,pioglitazone,CCc1ccc(CCOc2ccc(C[C@@H]3SC(=O)NC3=O)cc2)nc1,0
474,pipemidic-acid,CCn1cc(C(=O)O)c(=O)c2cnc(N3CCNCC3)nc21,0
475,piroxicam,CN1C(C(=O)Nc2ccccn2)=C(O)c2ccccc2S1(=O)=O,0
476,plomestane,C#CC[C@]12CCC(=O)C=C1CC[C@H]1[C@@H]3CCC(=O)[C@@]3(C)CC[C@@H]12,0
477,pramipexole,CCCN[C@H]1CCc2nc(N)sc2C1,0
478,pranidipine,COC(=O)C1=C(C)NC(C)=C(C(=O)OC/C=C/c2ccccc2)[C@H]1c1cccc([N+](=O)[O-])c1,0
479,prasterone,C[C@]12CC[C@H]3[C@@H](CC=C4C[C@@H](O)CC[C@@]43C)[C@@H]1CCC2=O,0
480,pravastatin,CC[C@H](C)C(=O)O[C@H]1C[C@H](O)C=C2C=C[C@H](C)[C@H](CC[C@@H](O)C[C@@H](O)CC(=O)O)[C@H]21,0
481,praziquantel,O=C(C1CCCCC1)N1CC(=O)N2CCc3ccccc3[C@H]2C1,1
482,prednisolone,C[C@]12C[C@H](O)[C@H]3[C@@H](CCC4=CC(=O)C=C[C@@]43C)[C@@H]1CC[C@]2(O)C(=O)CO,0
483,prednisone,C[C@]12CC(=O)[C@H]3[C@@H](CCC4=CC(=O)C=C[C@@]43C)[C@@H]1CC[C@]2(O)C(=O)CO,0
484,pregnenolone,CC(=O)[C@H]1CC[C@H]2[C@@H]3CC=C4C[C@@H](O)CC[C@]4(C)[C@H]3CC[C@]12C,1
485,primaquine,COc1cc(N[C@@H](C)CCCN)c2ncccc2c1,1
486,primidone,CCC1(c2ccccc2)C(=O)NCNC1=O,0
487,proadifen,CCCC(C(=O)OCCN(CC)CC)(c1ccccc1)c1ccccc1,0
488,probenecid,CCCN(CCC)S(=O)(=O)c1ccc(C(=O)O)cc1,0
489,procainamide,CCN(CC)CCNC(=O)c1ccc(N)cc1,1
490,progesterone,CC(=O)[C@H]1CC[C@H]2[C@@H]3CCC4=CC(=O)CC[C@]4(C)[C@H]3CC[C@]12C,1
491,promazine,CN(C)CCCN1c2ccccc2Sc2ccccc21,1
492,promethazine,C[C@H](CN1c2ccccc2Sc2ccccc21)N(C)C,1
493,propafenone,CCCNC[C@H](O)COc1ccccc1C(=O)CCc1ccccc1,1
494,n-propanol,CCCO,0
495,propofol,CC(C)c1cccc(C(C)C)c1O,1
496,dextropropoxyphene,CCC(=O)O[C@](Cc1ccccc1)(c1ccccc1)[C@H](C)CN(C)C,0
497,propranolol,CC(C)NC[C@H](O)COc1cccc2ccccc12,1
498,pyrantel,CN1CCCN=C1/C=C\c1cccs1,1
499,pyrilamine,COc1ccc(CN(CCN(C)C)c2ccccn2)cc1,0
500,pyrimethamine,CCc1nc(N)nc(N)c1-c1ccc(Cl)cc1,0
501,quercetin,O=c1c(O)c(-c2ccc(O)c(O)c2)oc2cc(O)cc(O)c12,0
502,quetiapine,OCCOCCN1CCN(C2=Nc3ccccc3Sc3ccccc32)CC1,1
503,quinacrine,CCN(CC)CCC[C@@H](C)Nc1c2ccc(Cl)cc2nc2ccc(OC)cc12,0
504,quinelorane,CCCN1CCC[C@@H]2Cc3nc(N)ncc3C[C@H]21,0
505,quinine,C=C[C@H]1CN2CC[C@H]1C[C@@H]2[C@H](O)c1ccnc2ccc(OC)cc12,0
507,rabeprazole,COCCCOc1ccnc(C[S@@H](=O)c2nc3ccccc3[nH]2)c1C,0
508,raloxifene,O=C(c1ccc(OCCN2CCCCC2)cc1)c1c(-c2ccc(O)cc2)sc2cc(O)ccc12,0
509,ranitidine,CN/C(=C\[N+](=O)[O-])NCCSCc1ccc(CN(C)C)o1,1
510,ranolazine,COc1ccccc1OC[C@@H](O)CN1CCN(CC(=O)Nc2c(C)cccc2C)CC1,0
511,rebamipide,O=C(N[C@H](Cc1cc(=O)[nH]c2ccccc12)C(=O)O)c1ccc(Cl)cc1,0
512,reboxetine,CCOc1ccccc1O[C@H](c1ccccc1)[C@H]1CNCCO1,0
513,remacemide,C[C@@](Cc1ccccc1)(NC(=O)CN)c1ccccc1,0
514,remoxipride,CCN1CCC[C@H]1CNC(=O)c1c(OC)ccc(Br)c1OC,1
515,repaglinide,CCOc1cc(CC(=O)N[C@@H](CC(C)C)c2ccccc2N2CCCCC2)ccc1C(=O)O,0
517,resiquimod,CCOCc1nc2c(N)nc3ccccc3c2n1CC(C)(C)O,0
518,retinoic-acid,CC1=C(/C=C\C(C)=C/C=C\C(C)=C/C(=O)O)C(C)(C)CCC1,0
523,riluzole,Nc1nc2ccc(OC(F)(F)F)cc2s1,0
524,risperidone,Cc1nc2n(c(=O)c1CCN1CCC(c3noc4cc(F)ccc34)CC1)CCCC2,1
525,ritonavir,CC(C)c1nc(CN(C)C(=O)N[C@H](C(=O)N[C@@H](Cc2ccccc2)C[C@H](O)[C@H](Cc2ccccc2)NC(=O)OCc2cncs2)C(C)C)cs1,1
526,rofecoxib,CS(=O)(=O)c1ccc(C2=C(c3ccccc3)C(=O)OC2)cc1,0
527,rogletimide,CC[C@@]1(c2ccncc2)CCC(=O)NC1=O,0
529,ropinirole,CCCN(CCC)CCc1cccc2c1CC(=O)N2,0
530,ropivacaine,CCCN1CCCC[C@H]1C(=O)Nc1c(C)cccc1C,1
531,roquinimex,CN(C(=O)c1c(O)n(C)c2ccccc2c1=O)c1ccccc1,0
532,rosiglitazone,CN(CCOc1ccc(C[C@@H]2SC(=O)NC2=O)cc1)c1ccccn1,0
533,rosuvastatin,CC(C)c1nc(N(C)S(C)(=O)=O)nc(-c2ccc(F)cc2)c1CC[C@@H](O)C[C@@H](O)CC(=O)O,0
534,roxatidine,O=C(CO)NCCCOc1cccc(CN2CCCCC2)c1,0
536,rupatadine,Cc1cncc(CN2CCC(=C3c4ccc(Cl)cc4CCc4cccnc43)CC2)c1,0
537,salicylic-acid,O=C(O)c1ccccc1O,0
538,salmeterol,OCc1cc([C@H](O)CNCCCCCCOCCCCc2ccccc2)ccc1O,0
540,secobarbital,C=CCC1([C@@H](C)CCC)C(=O)NC(=O)NC1=O,0
541,selegiline,C#CCN(C)[C@@H](C)Cc1ccccc1,1
542,seratrodast,CC1=C(C)C(=O)C([C@@H](CCCCCC(=O)O)c2ccccc2)=C(C)C1=O,0
543,sertaline,CN[C@H]1CC[C@@H](c2ccc(Cl)c(Cl)c2)c2ccccc21,1
544,sertindole,O=C1NCCN1CCN1CCC(c2cn(-c3ccc(F)cc3)c3ccc(Cl)cc23)CC1,1
545,sevoflurane,FCOC(C(F)(F)F)C(F)(F)F,0
546,sibutramine,CC(C)C[C@H](N(C)C)C1(c2ccc(Cl)cc2)CCC1,0
547,sildenafil,CCCc1nn(C)c2c(=O)nc(-c3cc(S(=O)(=O)N4CCN(C)CC4)ccc3OCC)[nH]c12,1
548,simvastatin,CCC(C)(C)C(=O)O[C@H]1C[C@@H](C)C=C2C=C[C@H](C)[C@H](CC[C@@H]3C[C@@H](O)CC(=O)O3)[C@H]21,0
549,sparteine,C1CCN2C[C@H]3C[C@H](CN4CCCC[C@H]34)[C@@H]2C1,1
550,spironolactone,CC(=O)S[C@@H]1CC2=CC(=O)CC[C@]2(C)[C@H]2CC[C@@]3(C)[C@@H](CC[C@@]34CCC(=O)O4)[C@@H]21,0
551,stiripentol,CC(C)(C)[C@@H](O)/C=C\c1ccc2c(c1)OCO2,0
552,styrene,C=Cc1ccccc1,0
553,sufentanil,CCC(=O)N(c1ccccc1)C1(COC)CCN(CCc2cccs2)CC1,0
554,sulconazole,Clc1ccc(CS[C@@H](Cn2ccnc2)c2ccc(Cl)cc2Cl)cc1,0
555,sulfamoxol,Cc1onc(NS(=O)(=O)c2ccc(N)cc2)c1C,0
556,sulfasalazine,O=C(O)c1cc(/N=N\c2ccc(S(=O)(=O)Nc3ccccn3)cc2)ccc1O,0
557,sulfadiazine,Nc1ccc(S(=O)(=O)Nc2ncccn2)cc1,0
558,sulfadimethoxine,COc1cc(OC)nc(NS(=O)(=O)c2ccc(N)cc2)n1,0
559,sulfadoxine,COc1ncnc(NS(=O)(=O)c2ccc(N)cc2)c1OC,0
560,sulfinpyrazone,O=C1C(CC[S@@H](=O)c2ccccc2)C(=O)N(c2ccccc2)N1c1ccccc1,0
561,sulfisoxazole,Cc1noc(NS(=O)(=O)c2ccc(N)cc2)c1C,0
562,sulfamerazine,Cc1ccnc(NS(=O)(=O)c2ccc(N)cc2)n1,0
563,sulfamethoxazole,Cc1cc(NS(=O)(=O)c2ccc(N)cc2)no1,0
564,sulfamethizole,Cc1nnc(NS(=O)(=O)c2ccc(N)cc2)s1,0
565,sulfanilamide,Nc1ccc(S(N)(=O)=O)cc1,0
566,sulfaphenazole,Nc1ccc(S(=O)(=O)Nc2ccnn2-c2ccccc2)cc1,0
567,sulfapyridine,Nc1ccc(S(=O)(=O)Nc2ccccn2)cc1,0
568,sulfatroxazole,Cc1onc(NS(=O)(=O)c2ccc(N)cc2)c1C,0
569,sulindac,CC1=C(CC(=O)O)c2cc(F)ccc2/C1=C\c1ccc([S@@H](C)=O)cc1,0
570,sulpiride,CCN1CCC[C@@H]1CNC(=O)c1cc(S(N)(=O)=O)ccc1OC,0
571,suprofen,C[C@H](C(=O)O)c1cccc(C(=O)c2cccs2)c1,0
572,tacrine,Nc1c2c(nc3ccccc13)CCCC2,0
574,tadalafil,CN1CC(=O)N2[C@H](Cc3c([nH]c4ccccc34)[C@H]2c2ccc3c(c2)OCO3)C1=O,0
575,tamoxifen,CC/C(=C(/c1ccccc1)c1ccc(OCCN(C)C)cc1)c1ccccc1,1
576,tamsulosin,CCOc1ccccc1OCCN[C@H](C)Cc1ccc(OC)c(S(N)(=O)=O)c1,1
577,tasosartan,Cc1nc(C)c2c(n1)N(Cc1ccc(-c3ccccc3-c3nnn[nH]3)cc1)C(=O)CC2,0
578,tauromustine,CN(C)S(=O)(=O)CCNC(=O)N(CCCl)N=O,1
579,tazanolast,CCCCOC(=O)C(=O)Nc1cccc(-c2nnn[nH]2)c1,0
580,tazofelone,CC(C)(C)c1cc(C[C@H]2SCNC2=O)cc(C(C)(C)C)c1O,0
581,tegafur,O=c1[nH]c(=O)n([C@@H]2CCCO2)cc1F,0
582,tegaserod,CCCCC/N=C(\N)N/N=C\c1c[nH]c2ccc(CO)cc12,1
583,telmisartan,CCCc1nc2c(C)cc(-c3nc4ccccc4n3C)cc2n1Cc1ccc(-c2ccccc2C(=O)O)cc1,0
584,temazepam,CN1C(=O)[C@H](O)N=C(c2ccccc2)c2cc(Cl)ccc21,0
586,tenofovir,C[C@H](Cn1cnc2c(N)ncnc21)OCP(=O)(O)O,0
587,tenoxicam,CN1C(C(=O)Nc2ccccn2)=C(O)c2sccc2S1(=O)=O,0
588,terbinafine,CN(C/C=C/C#CC(C)(C)C)Cc1cccc2ccccc12,0
589,terfenadine,CC(C)(C)c1ccc([C@H](O)CCCN2CCC(C(O)(c3ccccc3)c3ccccc3)CC2)cc1,1
590,terguride,CCN(CC)C(=O)N[C@H]1C[C@@H]2c3cccc4[nH]cc(c34)C[C@H]2N(C)C1,1
591,testolactone,C[C@]12CC[C@H]3[C@@H](CCC4=CC(=O)C=C[C@@]43C)[C@@H]1CCC(=O)O2,0
592,testosterone,C[C@]12CC[C@H]3[C@@H](CCC4=CC(=O)CC[C@@]43C)[C@@H]1CC[C@@H]2O,1
593,tetrahydrocannabinol,CCCCCc1cc(O)c2c(c1)OC(C)(C)[C@@H]1CCC(C)=C[C@@H]21,0
594,tetracycline,CN(C)[C@@H]1C(O)=C(C(N)=O)C(=O)[C@@]2(O)C(O)=C3C(=O)c4c(O)cccc4[C@@](C)(O)[C@H]3C[C@@H]12,0
595,tezosentan,COc1ccccc1Oc1c(NS(=O)(=O)c2ccc(C(C)C)cn2)nc(-c2ccnc(-c3nn[nH]n3)c2)nc1OCCO,0
596,trifluoperazine,CN1CCN(CCCN2c3ccccc3Sc3ccc(C(F)(F)F)cc32)CC1,0
597,thalidomide,O=C1CC[C@H](N2C(=O)c3ccccc3C2=O)C(=O)N1,0
598,theobromine,Cn1cnc2c1c(=O)[nH]c(=O)n2C,0
599,theophyline,Cn1c(=O)c2[nH]cnc2n(C)c1=O,1
600,thiabendazole,c1ccc2[nH]c(-c3cscn3)nc2c1,0
601,thioridazine,CSc1ccc2c(c1)N(CC[C@@H]1CCCCN1C)c1ccccc1S2,1
602,thiotepa,S=P(N1CC1)(N1CC1)N1CC1,0
603,thiothixene,CN1CCN(CC/C=C2\c3ccccc3Sc3ccc(S(=O)(=O)N(C)C)cc32)CC1,0
604,tiagabine,Cc1ccsc1C(=CCCN1CCC[C@@H](C(=O)O)C1)c1sccc1C,1
605,tiaramide,O=C(Cn1c(=O)sc2ccc(Cl)cc21)N1CCN(CCO)CC1,0
606,ticlopidine,Clc1ccccc1CN1CCc2sccc2C1,0
607,ticrynafen,O=C(O)COc1ccc(C(=O)c2cccs2)c(Cl)c1Cl,0
608,timolol,CC(C)(C)NC[C@H](O)COc1nsnc1N1CCOCC1,1
609,timoprazole,O=[S@H](Cc1ccccn1)c1nc2ccccc2[nH]1,0
610,tinidazole,CCS(=O)(=O)CCn1c([N+](=O)[O-])cnc1C,0
611,tioconazole,Clc1ccc([C@@H](Cn2ccnc2)OCc2ccsc2Cl)c(Cl)c1,0
612,tipranavir,CCC[C@@]1(CCc2ccccc2)CC(=O)C([C@H](CC)c2cccc(NS(=O)(=O)c3ccc(C(F)(F)F)cn3)c2)=C(O)O1,0
614,tocainide,Cc1cccc(C)c1NC(=O)[C@H](C)N,0
615,tolbutamide,CCCCNC(=O)NS(=O)(=O)c1ccc(C)cc1,0
616,tolcapone,Cc1ccc(C(=O)c2cc(O)c(O)c([N+](=O)[O-])c2)cc1,0
617,tolperisone,Cc1ccc(C(=O)[C@H](C)CN2CCCCC2)cc1,1
618,(+)-tolterodine,Cc1ccc(O)c([C@@H](CCN(C(C)C)C(C)C)c2ccccc2)c1,1
619,toluene,Cc1ccccc1,0
620,tomoxetine,CNCC[C@@H](Oc1ccccc1C)c1ccccc1,1
621,topiramate,CC1(C)O[C@@H]2CO[C@@]3(COS(N)(=O)=O)OC(C)(C)O[C@H]3[C@@H]2O1,0
622,toremifene,CN(C)CCOc1ccc(/C(=C(\CCCl)c2ccccc2)c2ccccc2)cc1,0
623,torsemide,Cc1cccc(Nc2ccncc2S(=O)(=O)NC(=O)NC(C)C)c1,0
624,tramadol,COc1cccc([C@@]2(O)CCCC[C@@H]2CN(C)C)c1,1
625,tranylcypromine,N[C@@H]1C[C@H]1c1ccccc1,0
626,trapidil,CCN(CC)c1cc(C)nc2ncnn12,0
627,trazodone,O=c1n(CCCN2CCN(c3cccc(Cl)c3)CC2)nc2ccccn12,1
628,triazolam,Cc1nnc2n1-c1ccc(Cl)cc1C(c1ccccc1Cl)=NC2,0
629,trichloroethylene,ClC=C(Cl)Cl,0
630,trifluperidol,O=C(CCCN1CCC(O)(c2cccc(C(F)(F)F)c2)CC1)c1ccc(F)cc1,1
631,trimethadione,CN1C(=O)OC(C)(C)C1=O,0
632,trimetrexate,COc1cc(NCc2ccc3nc(N)nc(N)c3c2C)cc(OC)c1OC,0
633,trimipramine,C[C@H](CN(C)C)CN1c2ccccc2CCc2ccccc21,1
634,trimetazidine,COc1ccc(CN2CCNCC2)c(OC)c1OC,0
635,trimethoprim,COc1cc(Cc2cnc(N)nc2N)cc(OC)c1OC,0
636,tripelennamine,CN(C)CCN(Cc1ccccc1)c1ccccn1,0
637,triprolidine,Cc1ccc(/C(=C/CN2CCCC2)c2ccccn2)cc1,0
638,trofosfamide,O=[P@@]1(N(CCCl)CCCl)OCCCN1CCCl,0
639,troglitazone,Cc1c(C)c2c(c(C)c1O)CC[C@](C)(COc1ccc(C[C@@H]3SC(=O)NC3=O)cc1)O2,1
641,tropisetron,CN1[C@H]2CC[C@@H]1CC(OC(=O)c1c[nH]c3ccccc13)C2,1
642,valdecoxib,Cc1onc(-c2ccccc2)c1-c1ccc(S(N)(=O)=O)cc1,1
643,valproic-acid,CCCC(CCC)C(=O)O,0
644,valsartan,CCCCC(=O)N(Cc1ccc(-c2ccccc2-c2nnn[nH]2)cc1)[C@H](C(=O)O)C(C)C,0
646,venlafaxine,COc1ccc([C@H](CN(C)C)C2(O)CCCCC2)cc1,1
647,vesnarinone,COc1ccc(C(=O)N2CCN(c3ccc4c(c3)CCC(=O)N4)CC2)cc1OC,0
652,voriconazole,C[C@@H](c1ncncc1F)[C@](O)(Cn1cncn1)c1ccc(F)cc1F,0
653,vorozole,Cn1nnc2ccc([C@H](c3ccc(Cl)cc3)n3cncn3)cc21,0
654,S-(-)-warfarin,CC(=O)C[C@@H](c1ccccc1)c1c(O)c2ccccc2oc1=O,1
655,yohimbine,COC(=O)[C@H]1[C@@H](O)CC[C@H]2CN3CCc4c([nH]c5ccccc45)[C@@H]3C[C@@H]21,1
656,zafirlukast,COc1cc(C(=O)NS(=O)(=O)c2ccccc2C)ccc1Cc1cn(C)c2ccc(NC(=O)OC3CCCC3)cc12,0
657,zaltoprofen,C[C@@H](C(=O)O)c1ccc2c(c1)CC(=O)c1ccccc1S2,0
658,zatosetron,CN1[C@H]2CC[C@@H]1CC(NC(=O)c1cc(Cl)cc3c1OC(C)(C)C3)C2,0
659,zileuton,C[C@@H](c1cc2ccccc2s1)N(O)C(N)=O,0
660,ziprasidone,O=C1Cc2cc(CCN3CCN(c4nsc5ccccc45)CC3)c(Cl)cc2N1,0
661,zolmitriptan,CN(C)CCc1c[nH]c2ccc(C[C@H]3COC(=O)N3)cc12,0
662,zolpidem,Cc1ccc(-c2nc3ccc(C)cn3c2CC(=O)N(C)C)cc1,1
663,zonisamide,NS(=O)(=O)Cc1noc2ccccc12,0
664,zopiclone,CN1CCN(C(=O)O[C@H]2c3nccnc3C(=O)N2c2ccc(Cl)cn2)CC1,0
665,zotepine,CN(C)CCOC1=Cc2ccccc2Sc2ccc(Cl)cc21,1
666,zoxazolamin,Nc1nc2cc(Cl)ccc2o1,0
